projectname,ee_depth,ee_depth_fixed,en_depth_fixed,een_depth_fixed,eC_depth,eF_depth,eH_depth,eN_depth,eO_depth,eeC_depth,eeF_depth,eeH_depth,eeN_depth,eeO_depth,molecule,core,basis_short,method,energy_au,spin_dependent_ee_cusp,spin_dependent_ee,spin_dependent_en,spin_dependent_een
heat_ccecp_default,-0.48313114726438344,no,no,no,0.03669567144862333,,,,,0.15323465143296888,,,,,C,ccECP,avdz,CCSD(T),-5.41446448277,false,false,false,false
heat_ccecp_default,-0.48246164612334,no,no,no,0.03466548907440967,,,,,0.18903822354318045,,,,,C,ccECP,avtz,CCSD(T),-5.418971459219,false,false,false,false
heat_ccecp_default,-0.40751188296858604,no,no,no,0.039380750827673665,,0.054309742847711326,,,0.12741349007615288,,-0.019868031359060283,,,C2H,ccECP,avdz,CCSD(T),-11.738079135352,false,false,false,false
heat_ccecp_default,-0.404911836244551,no,no,no,0.03881729951312733,,0.030261186588565196,,,0.12248129186397198,,-0.04853699133971822,,,C2H,ccECP,avtz,CCSD(T),-11.758978371442,false,false,false,false
heat_ccecp_default,-0.4209771427200345,no,no,no,0.048352238339196996,,0.05387643252503666,,,0.12437869477608177,,-0.020031399204371837,,,C2H2,ccECP,avdz,CCSD(T),-12.461786698729,false,false,false,false
heat_ccecp_default,-0.41738946362651097,no,no,no,0.043298511335243,,0.03210734554196189,,,0.12491675415692088,,-0.053960511821863996,,,C2H2,ccECP,avtz,CCSD(T),-12.482423389403,false,false,false,false
heat_ccecp_default,-0.33458265380879704,no,no,no,0.022874458754273935,0.16317741883493564,,,,0.071368567451328,0.11156210455490667,,,,CF,ccECP,avdz,CCSD(T),-29.80210193423,false,false,false,false
heat_ccecp_default,-0.340322175866619,no,no,no,0.022080274594047395,0.17447588241273398,,,,0.08427153730886178,0.11246654884385598,,,,CF,ccECP,avtz,CCSD(T),-29.829756702717,false,false,false,false
heat_ccecp_default,-0.46956101032033054,no,no,no,0.03205363508920932,,0.051196701519880664,,,0.15393941566086844,,-0.012079597689440369,,,CH,ccECP,avdz,CCSD(T),-6.04712646774,false,false,false,false
heat_ccecp_default,-0.4657330934369145,no,no,no,0.03972222971408067,,0.029833370209632212,,,0.15783847222299732,,-0.03179877995770584,,,CH,ccECP,avtz,CCSD(T),-6.053192889966,false,false,false,false
heat_ccecp_default,-0.4380094614760755,no,no,no,0.023662308917617992,,0.05164923646466666,,,0.1399883152535422,,-0.012955373825723187,,,CH2,ccECP,avdz,CCSD(T),-6.714599542326,false,false,false,false
heat_ccecp_default,-0.429834437583045,no,no,no,0.044619529744649,,0.03020545465148209,,,0.1318615680556022,,-0.04690268984037644,,,CH2,ccECP,avtz,CCSD(T),-6.722515686137,false,false,false,false
heat_ccecp_default,-0.44647443463741954,no,no,no,0.02609603783120074,,0.05060200804082466,,,0.12184805622005333,,-0.020333903544061366,,,CH3,ccECP,avdz,CCSD(T),-7.400834961635,false,false,false,false
heat_ccecp_default,-0.43463525826334054,no,no,no,0.046535713760051334,,0.028760471871481057,,,0.13660549617717643,,-0.04997312686404311,,,CH3,ccECP,avtz,CCSD(T),-7.409455845924,false,false,false,false
heat_ccecp_default,-0.37138611943742694,no,no,no,0.04170278967211066,,,0.061630695387868,,0.10647848045161422,,,0.12053602530484532,,CN,ccECP,avdz,CCSD(T),-15.449495343887,false,false,false,false
heat_ccecp_default,-0.37159294061226,no,no,no,0.028098132763941422,,,0.06891477395661466,,0.09574487880753911,,,0.11824654695681198,,CN,ccECP,avtz,CCSD(T),-15.473205419827,false,false,false,false
heat_ccecp_default,-0.35489934895613395,no,no,no,0.031937010072107454,,,,0.10475325097371266,0.11385079120442755,,,,0.12745258149657954,CO,ccECP,avdz,CCSD(T),-21.689893879564,false,false,false,false
heat_ccecp_default,-0.35440139223636896,no,no,no,0.023651483749415413,,,,0.100167531011049,0.090039378968332,,,,0.131932099042108,CO,ccECP,avtz,CCSD(T),-21.719445795398,false,false,false,false
heat_ccecp_default,-0.3527929452465615,no,no,no,0.03419665306736766,,,,0.110029646991712,0.07467706979900977,,,,0.11968169665193731,CO2,ccECP,avdz,CCSD(T),-37.766247837485,false,false,false,false
heat_ccecp_default,-0.358930598408799,no,no,no,0.030595998770790986,,,,0.11877279530702634,0.04754840426606755,,,,0.12096903839668445,CO2,ccECP,avtz,CCSD(T),-37.813037183109,false,false,false,false
heat_ccecp_default,-0.3049352989935885,no,no,no,,0.15987518536654166,,,,,0.12041048294842444,,,,F,ccECP,avdz,CCSD(T),-24.18657073355,false,false,false,false
heat_ccecp_default,-0.305717539430457,no,no,no,,0.160819630737283,,,,,0.12000834478734533,,,,F,ccECP,avtz,CCSD(T),-24.199975029766,false,false,false,false
heat_ccecp_default,-0.32707555562147705,no,no,no,,0.160253854341011,,,,,0.09593401360846888,,,,F2,ccECP,avdz,CCSD(T),-48.429031031502,false,false,false,false
heat_ccecp_default,-0.3311758288682145,no,no,no,,0.160492165730652,,,,,0.09761335326481778,,,,F2,ccECP,avtz,CCSD(T),-48.462120987536,false,false,false,false
heat_ccecp_default,-0.7460925360612716,no,no,no,,,0.06617499391859799,,,,,,,,H2,ccECP,avdz,CCSD(T),-1.173047426519,false,false,false,false
heat_ccecp_default,-0.7102241154511694,no,no,no,,,0.03376337254349633,,,,,,,,H2,ccECP,avtz,CCSD(T),-1.17455215529,false,false,false,false
heat_ccecp_default,-0.354818749599753,no,no,no,,,0.03668935269615333,,0.10813755636724233,,,-0.017959750345651206,,0.13615935885882088,H2O,ccECP,avdz,CCSD(T),-17.241346122391,false,false,false,false
heat_ccecp_default,-0.3490878722219415,no,no,no,,,0.024278587284643313,,0.11150337213082834,,,-0.04213502054174182,,0.13101003545931245,H2O,ccECP,avtz,CCSD(T),-17.257025359334,false,false,false,false
heat_ccecp_default,-0.3569348383954365,no,no,no,,,0.039705642235062996,,0.10498621771179634,,,-0.027948202235202002,,0.10897720058531378,H2O2,ccECP,avdz,CCSD(T),-33.168220883224,false,false,false,false
heat_ccecp_default,-0.361525696367781,no,no,no,,,0.029936865851571546,,0.11026996940440932,,,-0.053612265572124,,0.1102412235404431,H2O2,ccECP,avtz,CCSD(T),-33.201289481416,false,false,false,false
heat_ccecp_default,-0.384117371443377,no,no,no,0.04839878157954,,0.047476537189820325,0.061233957434093995,,0.10871841333427333,,-0.03042221218148919,0.1329357366988,,HCN,ccECP,avdz,CCSD(T),-16.162650355023,false,false,false,false
heat_ccecp_default,-0.383257101197619,no,no,no,0.039264664477377,,0.0313226032835211,0.06843532540733765,,0.10790077441756933,,-0.05671984155077332,0.12506719791045778,,HCN,ccECP,avtz,CCSD(T),-16.184995603861,false,false,false,false
heat_ccecp_default,-0.35603900926923304,no,no,no,0.031655885972135235,,0.04890990966034066,,0.10653005736864465,0.10383061918235288,,-0.07154046517581822,,0.12311074617300799,HCO,ccECP,avdz,CCSD(T),-22.222695145481,false,false,false,false
heat_ccecp_default,-0.35904123108426,no,no,no,0.027928882485907625,,0.030563054336485478,,0.11299816173463967,0.07711932857162221,,-0.09124957374534089,,0.12153459813434489,HCO,ccECP,avtz,CCSD(T),-22.250236477205,false,false,false,false
heat_ccecp_default,-0.3193564405570275,no,no,no,,0.163794481240969,0.036210373146627665,,,,0.12290636877493866,-0.018448280436440114,,,HF,ccECP,avdz,CCSD(T),-24.911172844759,false,false,false,false
heat_ccecp_default,-0.3158978453256225,no,no,no,,0.16880767595686133,0.02325615959529275,,,,0.11832020182000089,-0.043790614933063264,,,HF,ccECP,avtz,CCSD(T),-24.925114629681,false,false,false,false
heat_ccecp_default,-0.3461511556132635,no,no,no,,,0.04209292857170433,0.06157041395216066,0.099416810312713,,,-0.07105852832707733,0.08873252634591156,0.1143667691488462,HNO,ccECP,avdz,CCSD(T),-26.453402805511,false,false,false,false
heat_ccecp_default,-0.34879710212145454,no,no,no,,,0.028857586848878278,0.05759580112102233,0.10692591158880967,,,-0.08944246540630932,0.08690384607516712,0.11533302210530712,HNO,ccECP,avtz,CCSD(T),-26.481158884427,false,false,false,false
heat_ccecp_default,-0.33910839782653046,no,no,no,,,0.03945697154654966,,0.09761128782219433,,,-0.044432577909508116,,0.10091484142476044,HO2,ccECP,avdz,CCSD(T),-32.517809852822,false,false,false,false
heat_ccecp_default,-0.344804906998461,no,no,no,,,0.02865725968650188,,0.102160798700991,,,-0.06489719520603511,,0.10545080187943288,HO2,ccECP,avtz,CCSD(T),-32.551329991642,false,false,false,false
heat_ccecp_default,-0.37793224462912045,no,no,no,,,,0.06752570732245933,,,,,0.14602848404842578,,N,ccECP,avdz,CCSD(T),-9.758864562215,false,false,false,false
heat_ccecp_default,-0.37804344128479656,no,no,no,,,,0.07066061969200232,,,,,0.13951368218239998,,N,ccECP,avtz,CCSD(T),-9.767289255537,false,false,false,false
heat_ccecp_default,-0.36447968812893294,no,no,no,,,,0.06660583784332766,,,,,0.12604905794065244,,N2,ccECP,avdz,CCSD(T),-19.871219209148,false,false,false,false
heat_ccecp_default,-0.358678114702071,no,no,no,,,,0.060494646463754666,,,,,0.11403231841109954,,N2,ccECP,avtz,CCSD(T),-19.898265735398,false,false,false,false
heat_ccecp_default,-0.38795396749985106,no,no,no,,,0.041510712629336,0.06918064945793934,,,,-0.029889504753907618,0.14191706761793646,,NH,ccECP,avdz,CCSD(T),-10.39080118518,false,false,false,false
heat_ccecp_default,-0.38643213143790744,no,no,no,,,0.029757982671297138,0.06832943543080566,,,,-0.04822001642085733,0.14130982764202,,NH,ccECP,avtz,CCSD(T),-10.400147544816,false,false,false,false
heat_ccecp_default,-0.392074958101011,no,no,no,,,0.04096697355446033,0.068939143820031,,,,-0.024705341664196055,0.13824720480031288,,NH2,ccECP,avdz,CCSD(T),-11.048675516431,false,false,false,false
heat_ccecp_default,-0.38591581437837597,no,no,no,,,0.027746404060633625,0.07159915199378167,,,,-0.049811329238531994,0.12971832851916087,,NH2,ccECP,avtz,CCSD(T),-11.058827112154,false,false,false,false
heat_ccecp_default,-0.39175889035382094,no,no,no,,,0.03988275833729266,0.06968462083787866,,,,-0.02592317528989725,0.13141420993405556,,NH3,ccECP,avdz,CCSD(T),-11.731776016632,false,false,false,false
heat_ccecp_default,-0.3845823300679485,no,no,no,,,0.026285080328938372,0.07622219923966533,,,,-0.05043581879364622,0.131024682438428,,NH3,ccECP,avtz,CCSD(T),-11.74252152,false,false,false,false
heat_ccecp_default,-0.33931061896226855,no,no,no,,,,0.056944523239976994,0.10172284417669232,,,,0.10569794821126888,0.11940434950726489,NO,ccECP,avdz,CCSD(T),-25.866244966553,false,false,false,false
heat_ccecp_default,-0.3412373603588355,no,no,no,,,,0.052552641132264995,0.105215123291375,,,,0.09353340337753333,0.11495675800446355,NO,ccECP,avtz,CCSD(T),-25.896004308588,false,false,false,false
heat_ccecp_default,-0.3371970421628805,no,no,no,,,,,0.10129159366442166,,,,,0.13922814075628087,O,ccECP,avdz,CCSD(T),-15.871103305633,false,false,false,false
heat_ccecp_default,-0.33924439220183256,no,no,no,,,,,0.09766921035524967,,,,,0.13782181231330265,O,ccECP,avtz,CCSD(T),-15.887127369558,false,false,false,false
heat_ccecp_default,-0.32418394666566897,no,no,no,,,,,0.096792329966125,,,,,0.09702364706806667,O2,ccECP,avdz,CCSD(T),-31.92931377308,false,false,false,false
heat_ccecp_default,-0.3300420704306115,no,no,no,,,,,0.101237744061508,,,,,0.0996407294641071,O2,ccECP,avtz,CCSD(T),-31.962811070836,false,false,false,false
heat_ccecp_default,-0.326764935901515,no,no,no,,0.15836174100924566,,,0.09716112037538767,,0.10005050576478222,,,0.09312506526905155,OF,ccECP,avdz,CCSD(T),-40.136322498435,false,false,false,false
heat_ccecp_default,-0.3316348787555955,no,no,no,,0.165776536219708,,,0.09863741731265133,,0.09955865881136622,,,0.09506165191575333,OF,ccECP,avtz,CCSD(T),-40.170516519463,false,false,false,false
heat_ccecp_default,-0.3487247316588915,no,no,no,,,0.03926803229075,,0.10453131846753166,,,-0.017722246493466917,,0.1371739714289431,OH,ccECP,avdz,CCSD(T),-16.541303554902,false,false,false,false
heat_ccecp_default,-0.34826019551487447,no,no,no,,,0.02760271658197135,,0.10717321384799267,,,-0.03763851746952417,,0.137651354519672,OH,ccECP,avtz,CCSD(T),-16.557575264381,false,false,false,false
heat_ccecp_depth_neg_031,-0.31,yes,no,no,0.034533572924844,,,,,0.08921177967159022,,,,,C,ccECP,avdz,CCSD(T),-5.411342912145,false,false,false,false
heat_ccecp_depth_neg_031,-0.31,yes,no,no,0.04026028919666233,,,,,0.114028840762132,,,,,C,ccECP,avtz,CCSD(T),-5.41843354506,false,false,false,false
heat_ccecp_depth_neg_031,-0.31,yes,no,no,0.050413011521331666,,0.05523057935617799,,,0.05889296966059466,,-0.08751527747370844,,,C2H,ccECP,avdz,CCSD(T),-11.727066714422,false,false,false,false
heat_ccecp_depth_neg_031,-0.31,yes,no,no,0.04566562158522633,,0.032436037505314284,,,0.053333958322544,,-0.12122220778720488,,,C2H,ccECP,avtz,CCSD(T),-11.754209692591,false,false,false,false
heat_ccecp_depth_neg_031,-0.31,yes,no,no,0.05523624725313267,,0.054288202946425335,,,0.046075215815757777,,-0.09183255143233199,,,C2H2,ccECP,avdz,CCSD(T),-12.447392036314,false,false,false,false
heat_ccecp_depth_neg_031,-0.31,yes,no,no,0.05224947552345966,,0.03193236042035987,,,0.0440179355658336,,-0.12524039989116045,,,C2H2,ccECP,avtz,CCSD(T),-12.476807496745,false,false,false,false
heat_ccecp_depth_neg_031,-0.31,yes,no,no,0.02566066826482421,0.16822655591354466,,,,0.07028278112897689,0.09030884035651333,,,,CF,ccECP,avdz,CCSD(T),-29.797969950625,false,false,false,false
heat_ccecp_depth_neg_031,-0.31,yes,no,no,0.019082524208138427,0.17936658057853166,,,,0.04691292034633377,0.08529244622142977,,,,CF,ccECP,avtz,CCSD(T),-29.827076347156,false,false,false,false
heat_ccecp_depth_neg_031,-0.31,yes,no,no,0.03584951972227966,,0.051387803479739994,,,0.06981677174093066,,-0.10538969604092444,,,CH,ccECP,avdz,CCSD(T),-6.042027761382,false,false,false,false
heat_ccecp_depth_neg_031,-0.31,yes,no,no,0.041461688019158,,0.02937605324011797,,,0.07449631841380089,,-0.1221339116259209,,,CH,ccECP,avtz,CCSD(T),-6.051459307852,false,false,false,false
heat_ccecp_depth_neg_031,-0.31,yes,no,no,0.036089545165601,,0.05151883421298166,,,0.05378156690131777,,-0.10145143605753999,,,CH2,ccECP,avdz,CCSD(T),-6.709701315336,false,false,false,false
heat_ccecp_depth_neg_031,-0.31,yes,no,no,0.052694354216223996,,0.0303818490135402,,,0.05962103175051511,,-0.12453530282794399,,,CH2,ccECP,avtz,CCSD(T),-6.720828422307,false,false,false,false
heat_ccecp_depth_neg_031,-0.31,yes,no,no,0.028953985295022924,,0.051684889590104324,,,0.03637055832701707,,-0.10878041411975421,,,CH3,ccECP,avdz,CCSD(T),-7.393355496616,false,false,false,false
heat_ccecp_depth_neg_031,-0.31,yes,no,no,0.050913902742072664,,0.029210325655243136,,,0.037399053387590295,,-0.1316964692852729,,,CH3,ccECP,avtz,CCSD(T),-7.407033086225,false,false,false,false
heat_ccecp_depth_neg_031,-0.31,yes,no,no,0.045528147848447664,,,0.06579863773085733,,0.07575325063911555,,,0.08382545289348754,,CN,ccECP,avdz,CCSD(T),-15.441776923966,false,false,false,false
heat_ccecp_depth_neg_031,-0.31,yes,no,no,0.034511811291929664,,,0.072748645560776,,0.04897702084832933,,,0.07046824004126755,,CN,ccECP,avtz,CCSD(T),-15.469256635237,false,false,false,false
heat_ccecp_depth_neg_031,-0.31,yes,no,no,0.03750956434279333,,,,0.11022657424924799,0.07004153871765421,,,,0.09530477567604978,CO,ccECP,avdz,CCSD(T),-21.683173478618,false,false,false,false
heat_ccecp_depth_neg_031,-0.31,yes,no,no,0.027268743713754182,,,,0.115899053204056,0.05248334655046844,,,,0.09131284869922532,CO,ccECP,avtz,CCSD(T),-21.716073560109,false,false,false,false
heat_ccecp_depth_neg_031,-0.31,yes,no,no,0.04058469324732733,,,,0.11524320412814233,0.0404848882575501,,,,0.08560032070235112,CO2,ccECP,avdz,CCSD(T),-37.753863271085,false,false,false,false
heat_ccecp_depth_neg_031,-0.31,yes,no,no,0.036411785766718996,,,,0.124437726527977,0.017341413112454632,,,,0.07882235222027244,CO2,ccECP,avtz,CCSD(T),-37.806072158281,false,false,false,false
heat_ccecp_depth_neg_031,-0.31,yes,no,no,,0.16114039182222634,,,,,0.12371865754049244,,,,F,ccECP,avdz,CCSD(T),-24.186617193381,false,false,false,false
heat_ccecp_depth_neg_031,-0.31,yes,no,no,,0.16016646609573998,,,,,0.12048809411326933,,,,F,ccECP,avtz,CCSD(T),-24.200056962268,false,false,false,false
heat_ccecp_depth_neg_031,-0.31,yes,no,no,,0.16283431951172667,,,,,0.08055783134527243,,,,F2,ccECP,avdz,CCSD(T),-48.424125729368,false,false,false,false
heat_ccecp_depth_neg_031,-0.31,yes,no,no,,0.1648577337512263,,,,,0.07712025125333823,,,,F2,ccECP,avtz,CCSD(T),-48.459296152765,false,false,false,false
heat_ccecp_depth_neg_031,-0.31,yes,no,no,,,0.06375965829043834,,,,,,,,H2,ccECP,avdz,CCSD(T),-1.172782602684,false,false,false,false
heat_ccecp_depth_neg_031,-0.31,yes,no,no,,,0.031423643055448244,,,,,,,,H2,ccECP,avtz,CCSD(T),-1.174722137466,false,false,false,false
heat_ccecp_depth_neg_031,-0.31,yes,no,no,,,0.035579145122862,,0.11080861666234533,,,-0.03600132890863244,,0.10977056066698933,H2O,ccECP,avdz,CCSD(T),-17.23784780021,false,false,false,false
heat_ccecp_depth_neg_031,-0.31,yes,no,no,,,0.025711927271621488,,0.11527812140258199,,,-0.062326440014323546,,0.11137112255122932,H2O,ccECP,avtz,CCSD(T),-17.255801146503,false,false,false,false
heat_ccecp_depth_neg_031,-0.31,yes,no,no,,,0.043316371820348004,,0.11141008828771266,,,-0.06731924603961333,,0.06794558749099912,H2O2,ccECP,avdz,CCSD(T),-33.155046056416,false,false,false,false
heat_ccecp_depth_neg_031,-0.31,yes,no,no,,,0.032160670507409256,,0.11647343458648698,,,-0.092685465458008,,0.06577399690927778,H2O2,ccECP,avtz,CCSD(T),-33.194579125292,false,false,false,false
heat_ccecp_depth_neg_031,-0.31,yes,no,no,0.05078765610324666,,0.046965269998802996,0.06803096553091499,,0.06236576065711245,,-0.0780054675554071,0.070189545473608,,HCN,ccECP,avdz,CCSD(T),-16.151988071712,false,false,false,false
heat_ccecp_depth_neg_031,-0.31,yes,no,no,0.04446434390075833,,0.03262452676074647,0.07671446498133133,,0.05161675720955733,,-0.11058306102642755,0.06854955750806978,,HCN,ccECP,avtz,CCSD(T),-16.180221305583,false,false,false,false
heat_ccecp_depth_neg_031,-0.31,yes,no,no,0.03800804559628866,,0.049144429647654,,0.110709713167401,0.05282142050906755,,-0.09340066019147421,,0.08519287464790044,HCO,ccECP,avdz,CCSD(T),-22.214581464959,false,false,false,false
heat_ccecp_depth_neg_031,-0.31,yes,no,no,0.03313065388703406,,0.02990899386255153,,0.11789639904890865,0.0439800944098216,,-0.12791601609936268,,0.08341444734419289,HCO,ccECP,avtz,CCSD(T),-22.24619787742,false,false,false,false
heat_ccecp_depth_neg_031,-0.31,yes,no,no,,0.16467290251399766,0.03519070002846,,,,0.11754999990086401,-0.01849283214737694,,,HF,ccECP,avdz,CCSD(T),-24.910786020183,false,false,false,false
heat_ccecp_depth_neg_031,-0.31,yes,no,no,,0.16936117834417466,0.02314417081361813,,,,0.11552125607798043,-0.04444182850583659,,,HF,ccECP,avtz,CCSD(T),-24.924963279455,false,false,false,false
heat_ccecp_depth_neg_031,-0.31,yes,no,no,,,0.04120071246608867,0.065727605338057,0.10511005265135366,,,-0.09234242162659778,0.06367208508311954,0.08444849211924356,HNO,ccECP,avdz,CCSD(T),-26.446350932511,false,false,false,false
heat_ccecp_depth_neg_031,-0.31,yes,no,no,,,0.029054261419511673,0.062235563870925,0.110355447550558,,,-0.11315831395259779,0.05676182427320977,0.08017282398600711,HNO,ccECP,avtz,CCSD(T),-26.477173499752,false,false,false,false
heat_ccecp_depth_neg_031,-0.31,yes,no,no,,,0.04225695210551733,,0.10203221296597266,,,-0.06361093445775956,,0.07427768703741155,HO2,ccECP,avdz,CCSD(T),-32.510536158374,false,false,false,false
heat_ccecp_depth_neg_031,-0.31,yes,no,no,,,0.03089343162912549,,0.10718725523600632,,,-0.09158199788253021,,0.0734521131493871,HO2,ccECP,avtz,CCSD(T),-32.547023216057,false,false,false,false
heat_ccecp_depth_neg_031,-0.31,yes,no,no,,,,0.06690569204220433,,,,,0.11548721141121866,,N,ccECP,avdz,CCSD(T),-9.757666908149,false,false,false,false
heat_ccecp_depth_neg_031,-0.31,yes,no,no,,,,0.07031841714746266,,,,,0.10695976405574355,,N,ccECP,avtz,CCSD(T),-9.766921441923,false,false,false,false
heat_ccecp_depth_neg_031,-0.31,yes,no,no,,,,0.07042582932537267,,,,,0.08508121709187912,,N2,ccECP,avdz,CCSD(T),-19.86429372343,false,false,false,false
heat_ccecp_depth_neg_031,-0.31,yes,no,no,,,,0.06344382529297099,,,,,0.07601947293006088,,N2,ccECP,avtz,CCSD(T),-19.894522017586,false,false,false,false
heat_ccecp_depth_neg_031,-0.31,yes,no,no,,,0.040745678057103996,0.07107535865230899,,,,-0.06932953856400488,0.09852741108066265,,NH,ccECP,avdz,CCSD(T),-10.387735897204,false,false,false,false
heat_ccecp_depth_neg_031,-0.31,yes,no,no,,,0.028368562872062356,0.07153609979831665,,,,-0.08355748188622178,0.09818501354881466,,NH,ccECP,avtz,CCSD(T),-10.398922498656,false,false,false,false
heat_ccecp_depth_neg_031,-0.31,yes,no,no,,,0.040806785847274,0.071708986610645,,,,-0.0690848560463871,0.08712185584091288,,NH2,ccECP,avdz,CCSD(T),-11.043892414386,false,false,false,false
heat_ccecp_depth_neg_031,-0.31,yes,no,no,,,0.02745868922987167,0.073731731866954,,,,-0.09233994789888222,0.09511396842946487,,NH2,ccECP,avtz,CCSD(T),-11.05689664983,false,false,false,false
heat_ccecp_depth_neg_031,-0.31,yes,no,no,,,0.040026053623710665,0.07762837548430633,,,,-0.0765602153310551,0.08046121781103378,,NH3,ccECP,avdz,CCSD(T),-11.725421564955,false,false,false,false
heat_ccecp_depth_neg_031,-0.31,yes,no,no,,,0.026143670593283784,0.08011018042017067,,,,-0.09573350088199288,0.0805265637779751,,NH3,ccECP,avtz,CCSD(T),-11.740044706701,false,false,false,false
heat_ccecp_depth_neg_031,-0.31,yes,no,no,,,,0.062262861096235,0.10545940103513265,,,,0.07692937251980267,0.09205065468345243,NO,ccECP,avdz,CCSD(T),-25.8609267508,false,false,false,false
heat_ccecp_depth_neg_031,-0.31,yes,no,no,,,,0.05725126496670666,0.10927682325127167,,,,0.06969774890635422,0.09002794950737689,NO,ccECP,avtz,CCSD(T),-25.893136136447,false,false,false,false
heat_ccecp_depth_neg_031,-0.31,yes,no,no,,,,,0.10234223661934733,,,,,0.12855870997072533,O,ccECP,avdz,CCSD(T),-15.870671996542,false,false,false,false
heat_ccecp_depth_neg_031,-0.31,yes,no,no,,,,,0.10360652621586666,,,,,0.12568394074655068,O,ccECP,avtz,CCSD(T),-15.887032768013,false,false,false,false
heat_ccecp_depth_neg_031,-0.31,yes,no,no,,,,,0.09524747367180833,,,,,0.08576615929314578,O2,ccECP,avdz,CCSD(T),-31.925908559967,false,false,false,false
heat_ccecp_depth_neg_031,-0.31,yes,no,no,,,,,0.10270576702712132,,,,,0.08523058966503999,O2,ccECP,avtz,CCSD(T),-31.960439549104,false,false,false,false
heat_ccecp_depth_neg_031,-0.31,yes,no,no,,0.16223944267902365,,,0.1008053239308,,0.08366897524684488,,,0.07791009564889244,OF,ccECP,avdz,CCSD(T),-40.132424996913,false,false,false,false
heat_ccecp_depth_neg_031,-0.31,yes,no,no,,0.168898419183142,,,0.09978173733726699,,0.0800399252211831,,,0.07499479648426222,OF,ccECP,avtz,CCSD(T),-40.167892847364,false,false,false,false
heat_ccecp_depth_neg_031,-0.31,yes,no,no,,,0.03993197108763233,,0.109649231932634,,,-0.03838753163902949,,0.1172523276158111,OH,ccECP,avdz,CCSD(T),-16.539094608523,false,false,false,false
heat_ccecp_depth_neg_031,-0.31,yes,no,no,,,0.028742129416823515,,0.10735165981197699,,,-0.05374907393829822,,0.11602002238189645,OH,ccECP,avtz,CCSD(T),-16.556632005104,false,false,false,false
heat_ccecp_depth_neg_033,-0.33,yes,no,no,0.03204671964543443,,,,,0.12568576826135197,,,,,C,ccECP,avdz,CCSD(T),-5.411554299978,false,false,false,false
heat_ccecp_depth_neg_033,-0.33,yes,no,no,0.034060592266970335,,,,,0.12341713886098889,,,,,C,ccECP,avtz,CCSD(T),-5.418510497632,false,false,false,false
heat_ccecp_depth_neg_033,-0.33,yes,no,no,0.04743333511555767,,0.05505857244470833,,,0.06457634527625733,,-0.07282232963542178,,,C2H,ccECP,avdz,CCSD(T),-11.728791716987,false,false,false,false
heat_ccecp_depth_neg_033,-0.33,yes,no,no,0.04389182232824966,,0.031187939092619917,,,0.06891066967643777,,-0.10706253551805245,,,C2H,ccECP,avtz,CCSD(T),-11.755061967121,false,false,false,false
heat_ccecp_depth_neg_033,-0.33,yes,no,no,0.05634386251834167,,0.054359351771431,,,0.06263840858711245,,-0.07898202967064177,,,C2H2,ccECP,avdz,CCSD(T),-12.449732066514,false,false,false,false
heat_ccecp_depth_neg_033,-0.33,yes,no,no,0.05064955453922966,,0.0317902874640379,,,0.05089577169943066,,-0.109206831146676,,,C2H2,ccECP,avtz,CCSD(T),-12.477672812639,false,false,false,false
heat_ccecp_depth_neg_033,-0.33,yes,no,no,0.02595851673252053,0.165187350969063,,,,0.07174142380537643,0.10902451421406667,,,,CF,ccECP,avdz,CCSD(T),-29.80124373213,false,false,false,false
heat_ccecp_depth_neg_033,-0.33,yes,no,no,0.02654158763636333,0.174383512055875,,,,0.050086664529102216,0.10200223531492267,,,,CF,ccECP,avtz,CCSD(T),-29.828687076197,false,false,false,false
heat_ccecp_depth_neg_033,-0.33,yes,no,no,0.035714040277532666,,0.050884647410225664,,,0.087370882397652,,-0.09332587239755111,,,CH,ccECP,avdz,CCSD(T),-6.04223925657,false,false,false,false
heat_ccecp_depth_neg_033,-0.33,yes,no,no,0.038668595106201,,0.030131327071588145,,,0.11189010934591333,,-0.10789224418923955,,,CH,ccECP,avtz,CCSD(T),-6.051687582553,false,false,false,false
heat_ccecp_depth_neg_033,-0.33,yes,no,no,0.028779690728413482,,0.051681401183557664,,,0.06833585919207111,,-0.08849629302228222,,,CH2,ccECP,avdz,CCSD(T),-6.710244340159,false,false,false,false
heat_ccecp_depth_neg_033,-0.33,yes,no,no,0.047324758974422995,,0.03040085868896416,,,0.06313008442618222,,-0.11099772652625688,,,CH2,ccECP,avtz,CCSD(T),-6.721023340323,false,false,false,false
heat_ccecp_depth_neg_033,-0.33,yes,no,no,0.028394851436238423,,0.051234062159678996,,,0.057311554525429326,,-0.09974399002489955,,,CH3,ccECP,avdz,CCSD(T),-7.394555482411,false,false,false,false
heat_ccecp_depth_neg_033,-0.33,yes,no,no,0.048068927358513994,,0.029601736334014514,,,0.07486602194494044,,-0.11832593107443556,,,CH3,ccECP,avtz,CCSD(T),-7.407289464635,false,false,false,false
heat_ccecp_depth_neg_033,-0.33,yes,no,no,0.04389443332242133,,,0.06560033188562367,,0.08895236953457554,,,0.09349298896759821,,CN,ccECP,avdz,CCSD(T),-15.44441281251,false,false,false,false
heat_ccecp_depth_neg_033,-0.33,yes,no,no,0.03258238417255399,,,0.06978059918699567,,0.08344354035441555,,,0.089055671484772,,CN,ccECP,avtz,CCSD(T),-15.470428221513,false,false,false,false
heat_ccecp_depth_neg_033,-0.33,yes,no,no,0.03366863100179533,,,,0.10588482310641167,0.08925555421125377,,,,0.11138551508896533,CO,ccECP,avdz,CCSD(T),-21.685944523547,false,false,false,false
heat_ccecp_depth_neg_033,-0.33,yes,no,no,0.026151080846483758,,,,0.11397893539321566,0.08016497476972799,,,,0.10751078393336133,CO,ccECP,avtz,CCSD(T),-21.717626985793,false,false,false,false
heat_ccecp_depth_neg_033,-0.33,yes,no,no,0.037466959229651,,,,0.11369798902074099,0.0603977571227391,,,,0.10182895687868844,CO2,ccECP,avdz,CCSD(T),-37.759523512356,false,false,false,false
heat_ccecp_depth_neg_033,-0.33,yes,no,no,0.03293389667657283,,,,0.122113659707487,0.019855060370069292,,,,0.09723793435962266,CO2,ccECP,avtz,CCSD(T),-37.808683402343,false,false,false,false
heat_ccecp_depth_neg_033,-0.33,yes,no,no,,0.160050552033508,,,,,0.12612752794321955,,,,F,ccECP,avdz,CCSD(T),-24.187037881927,false,false,false,false
heat_ccecp_depth_neg_033,-0.33,yes,no,no,,0.16126988807671766,,,,,0.12673797325909378,,,,F,ccECP,avtz,CCSD(T),-24.200413219461,false,false,false,false
heat_ccecp_depth_neg_033,-0.33,yes,no,no,,0.15915813807853932,,,,,0.09812565569628844,,,,F2,ccECP,avdz,CCSD(T),-48.429938702186,false,false,false,false
heat_ccecp_depth_neg_033,-0.33,yes,no,no,,0.15940457582126832,,,,,0.09606342050133555,,,,F2,ccECP,avtz,CCSD(T),-48.461824180419,false,false,false,false
heat_ccecp_depth_neg_033,-0.33,yes,no,no,,,0.064309627407612,,,,,,,,H2,ccECP,avdz,CCSD(T),-1.172788146161,false,false,false,false
heat_ccecp_depth_neg_033,-0.33,yes,no,no,,,0.0320671218179904,,,,,,,,H2,ccECP,avtz,CCSD(T),-1.174671032214,false,false,false,false
heat_ccecp_depth_neg_033,-0.33,yes,no,no,,,0.03597547695782833,,0.10962307351290632,,,-0.0273571585632906,,0.123828487873856,H2O,ccECP,avdz,CCSD(T),-17.239551735303,false,false,false,false
heat_ccecp_depth_neg_033,-0.33,yes,no,no,,,0.02609408598347155,,0.11472244954199032,,,-0.051807518869167554,,0.12157994436486665,H2O,ccECP,avtz,CCSD(T),-17.256558369985,false,false,false,false
heat_ccecp_depth_neg_033,-0.33,yes,no,no,,,0.042978617242066336,,0.10714855983947932,,,-0.051685413893448884,,0.08559264134651823,H2O2,ccECP,avdz,CCSD(T),-33.160158610435,false,false,false,false
heat_ccecp_depth_neg_033,-0.33,yes,no,no,,,0.03154204481918564,,0.11433559368504,,,-0.08035880519027777,,0.082624086706808,H2O2,ccECP,avtz,CCSD(T),-33.196951620518,false,false,false,false
heat_ccecp_depth_neg_033,-0.33,yes,no,no,0.050449739811231,,0.047428888393603,0.06716775956145066,,0.07731415026456044,,-0.0641253437934969,0.08666548496849732,,HCN,ccECP,avdz,CCSD(T),-16.154382890939,false,false,false,false
heat_ccecp_depth_neg_033,-0.33,yes,no,no,0.04219109554938266,,0.03214363834184354,0.07356354607730733,,0.07088245703036711,,-0.0928355030362591,0.085155050598552,,HCN,ccECP,avtz,CCSD(T),-16.181315098742,false,false,false,false
heat_ccecp_depth_neg_033,-0.33,yes,no,no,0.03443039547985266,,0.049422342725185,,0.10895809731644665,0.07934455189460222,,-0.08171953133665466,,0.10299132053090532,HCO,ccECP,avdz,CCSD(T),-22.218043758462,false,false,false,false
heat_ccecp_depth_neg_033,-0.33,yes,no,no,0.033432377888365,,0.03057033646973995,,0.11512743049366565,0.06925429452176,,-0.11582088299621911,,0.09948204776064622,HCO,ccECP,avtz,CCSD(T),-22.247722058386,false,false,false,false
heat_ccecp_depth_neg_033,-0.33,yes,no,no,,0.163256034927862,0.034873421231845995,,,,0.1254824452896951,-0.012619706235559617,,,HF,ccECP,avdz,CCSD(T),-24.911620905468,false,false,false,false
heat_ccecp_depth_neg_033,-0.33,yes,no,no,,0.16875768075349165,0.022687969406573583,,,,0.12459979776555911,-0.04072636766035002,,,HF,ccECP,avtz,CCSD(T),-24.925567278254,false,false,false,false
heat_ccecp_depth_neg_033,-0.33,yes,no,no,,,0.040371026996486994,0.06261220114951166,0.10182808824227432,,,-0.07860872432342933,0.08105390076527288,0.09925925569069866,HNO,ccECP,avdz,CCSD(T),-26.450180292177,false,false,false,false
heat_ccecp_depth_neg_033,-0.33,yes,no,no,,,0.0298144985950025,0.05994408861850967,0.10705256292785965,,,-0.10204258108430621,0.07254413917680089,0.10131506307434622,HNO,ccECP,avtz,CCSD(T),-26.479181519205,false,false,false,false
heat_ccecp_depth_neg_033,-0.33,yes,no,no,,,0.04072549870393133,,0.09886542483163865,,,-0.06111211169479644,,0.09479424549166711,HO2,ccECP,avdz,CCSD(T),-32.515327790893,false,false,false,false
heat_ccecp_depth_neg_033,-0.33,yes,no,no,,,0.030731171360091486,,0.10546365309175167,,,-0.08320066740755289,,0.09117206573604532,HO2,ccECP,avtz,CCSD(T),-32.549261907628,false,false,false,false
heat_ccecp_depth_neg_033,-0.33,yes,no,no,,,,0.07109418361097433,,,,,0.126219646803196,,N,ccECP,avdz,CCSD(T),-9.75814303447,false,false,false,false
heat_ccecp_depth_neg_033,-0.33,yes,no,no,,,,0.06969672998174199,,,,,0.12002950207280354,,N,ccECP,avtz,CCSD(T),-9.766973607502,false,false,false,false
heat_ccecp_depth_neg_033,-0.33,yes,no,no,,,,0.06881573342501399,,,,,0.10145516639230444,,N2,ccECP,avdz,CCSD(T),-19.865583550697,false,false,false,false
heat_ccecp_depth_neg_033,-0.33,yes,no,no,,,,0.06402387437497734,,,,,0.09140023860119821,,N2,ccECP,avtz,CCSD(T),-19.896016704014,false,false,false,false
heat_ccecp_depth_neg_033,-0.33,yes,no,no,,,0.041518645116131,0.06899281428279,,,,-0.05849668072114178,0.10954523073286043,,NH,ccECP,avdz,CCSD(T),-10.388548753846,false,false,false,false
heat_ccecp_depth_neg_033,-0.33,yes,no,no,,,0.028557829891818598,0.07239702261513,,,,-0.07227229375062799,0.11320218030369911,,NH,ccECP,avtz,CCSD(T),-10.399156386178,false,false,false,false
heat_ccecp_depth_neg_033,-0.33,yes,no,no,,,0.04053495967619333,0.07158213300094633,,,,-0.06039166492039111,0.10552722801388133,,NH2,ccECP,avdz,CCSD(T),-11.04491331985,false,false,false,false
heat_ccecp_depth_neg_033,-0.33,yes,no,no,,,0.027284216563809267,0.07725146898191733,,,,-0.07803775764788755,0.09931726766676133,,NH2,ccECP,avtz,CCSD(T),-11.057340767094,false,false,false,false
heat_ccecp_depth_neg_033,-0.33,yes,no,no,,,0.040414227682774334,0.07561106301365733,,,,-0.06133934645519511,0.09793478669906132,,NH3,ccECP,avdz,CCSD(T),-11.726808175856,false,false,false,false
heat_ccecp_depth_neg_033,-0.33,yes,no,no,,,0.026207503125673774,0.07609974589795633,,,,-0.085963907844944,0.09424200807630177,,NH3,ccECP,avtz,CCSD(T),-11.740509842408,false,false,false,false
heat_ccecp_depth_neg_033,-0.33,yes,no,no,,,,0.06085911472714434,0.10244681111243532,,,,0.092395905203148,0.10809345633388355,NO,ccECP,avdz,CCSD(T),-25.864659078351,false,false,false,false
heat_ccecp_depth_neg_033,-0.33,yes,no,no,,,,0.05452040259428233,0.106844002253112,,,,0.08953377106247244,0.10543090773978221,NO,ccECP,avtz,CCSD(T),-25.894988827106,false,false,false,false
heat_ccecp_depth_neg_033,-0.33,yes,no,no,,,,,0.10259545569458267,,,,,0.13466419965794932,O,ccECP,avdz,CCSD(T),-15.870950972992,false,false,false,false
heat_ccecp_depth_neg_033,-0.33,yes,no,no,,,,,0.10257747985949067,,,,,0.13048512783575333,O,ccECP,avtz,CCSD(T),-15.887055827633,false,false,false,false
heat_ccecp_depth_neg_033,-0.33,yes,no,no,,,,,0.095724071748652,,,,,0.10196411886898622,O2,ccECP,avdz,CCSD(T),-31.930915366436,false,false,false,false
heat_ccecp_depth_neg_033,-0.33,yes,no,no,,,,,0.09730137980546433,,,,,0.10162774464885199,O2,ccECP,avtz,CCSD(T),-31.962667380488,false,false,false,false
heat_ccecp_depth_neg_033,-0.33,yes,no,no,,0.15817298719100198,,,0.09672865080128834,,0.10174748143578044,,,0.09754572871090667,OF,ccECP,avdz,CCSD(T),-40.137315419258,false,false,false,false
heat_ccecp_depth_neg_033,-0.33,yes,no,no,,0.16503931900162266,,,0.09833529291089467,,0.09824909169640622,,,0.09310477208662489,OF,ccECP,avtz,CCSD(T),-40.170240235077,false,false,false,false
heat_ccecp_depth_neg_033,-0.33,yes,no,no,,,0.039099810910104,,0.10361109277132433,,,-0.03189149525472496,,0.12966450377245067,OH,ccECP,avdz,CCSD(T),-16.540220995196,false,false,false,false
heat_ccecp_depth_neg_033,-0.33,yes,no,no,,,0.028446372730513095,,0.10709168085836565,,,-0.05624962441292178,,0.13045349872870488,OH,ccECP,avtz,CCSD(T),-16.557061097346,false,false,false,false
heat_ccecp_depth_neg_035,-0.35,yes,no,no,0.03598589470296433,,,,,0.08961235377296621,,,,,C,ccECP,avdz,CCSD(T),-5.411806950169,false,false,false,false
heat_ccecp_depth_neg_035,-0.35,yes,no,no,0.037221915363674,,,,,0.11539657748022132,,,,,C,ccECP,avtz,CCSD(T),-5.418542935748,false,false,false,false
heat_ccecp_depth_neg_035,-0.35,yes,no,no,0.04488740477813367,,0.054596065380774335,,,0.08119433459505422,,-0.05650041737514622,,,C2H,ccECP,avdz,CCSD(T),-11.731153129541,false,false,false,false
heat_ccecp_depth_neg_035,-0.35,yes,no,no,0.04385743293537933,,0.032008057732474685,,,0.07288527285534666,,-0.09368627809300623,,,C2H,ccECP,avtz,CCSD(T),-11.756008187455,false,false,false,false
heat_ccecp_depth_neg_035,-0.35,yes,no,no,0.054374132674848336,,0.05499219857649033,,,0.07905126157509644,,-0.06466519773811244,,,C2H2,ccECP,avdz,CCSD(T),-12.45218951949,false,false,false,false
heat_ccecp_depth_neg_035,-0.35,yes,no,no,0.04781877460716633,,0.03197723714696457,,,0.07577409835691555,,-0.09736634042402444,,,C2H2,ccECP,avtz,CCSD(T),-12.478687895577,false,false,false,false
heat_ccecp_depth_neg_035,-0.35,yes,no,no,0.02311616436107869,0.16300283128554433,,,,0.09336094124820578,0.12429993659416087,,,,CF,ccECP,avdz,CCSD(T),-29.805051281141,false,false,false,false
heat_ccecp_depth_neg_035,-0.35,yes,no,no,0.022445742274959893,0.17306346752054197,,,,0.08773806604352799,0.12078431489398711,,,,CF,ccECP,avtz,CCSD(T),-29.83064465513,false,false,false,false
heat_ccecp_depth_neg_035,-0.35,yes,no,no,0.0307712494568559,,0.051122169962762004,,,0.11420140328854132,,-0.07931785842623243,,,CH,ccECP,avdz,CCSD(T),-6.042974779787,false,false,false,false
heat_ccecp_depth_neg_035,-0.35,yes,no,no,0.042856891723612664,,0.030626804697211733,,,0.10309502070453244,,-0.10055832794940045,,,CH,ccECP,avtz,CCSD(T),-6.051836901034,false,false,false,false
heat_ccecp_depth_neg_035,-0.35,yes,no,no,0.03254198568136403,,0.05159286430100433,,,0.06410316618693689,,-0.07348182899828355,,,CH2,ccECP,avdz,CCSD(T),-6.711088137762,false,false,false,false
heat_ccecp_depth_neg_035,-0.35,yes,no,no,0.045363962144013004,,0.029834398900849716,,,0.0824042773847311,,-0.09453270319117378,,,CH2,ccECP,avtz,CCSD(T),-6.721265028746,false,false,false,false
heat_ccecp_depth_neg_035,-0.35,yes,no,no,0.02516402607618906,,0.05144779704951833,,,0.08480717074955867,,-0.08140426514124889,,,CH3,ccECP,avdz,CCSD(T),-7.395265855217,false,false,false,false
heat_ccecp_depth_neg_035,-0.35,yes,no,no,0.05031343383197867,,0.029382498652252058,,,0.07160966266943067,,-0.10455292595182354,,,CH3,ccECP,avtz,CCSD(T),-7.407676722876,false,false,false,false
heat_ccecp_depth_neg_035,-0.35,yes,no,no,0.04247926712497733,,,0.06322882677982133,,0.10675986220905377,,,0.11142948187359687,,CN,ccECP,avdz,CCSD(T),-15.446922172518,false,false,false,false
heat_ccecp_depth_neg_035,-0.35,yes,no,no,0.03131975069620658,,,0.07085085713843099,,0.09580115300964266,,,0.09889038142921466,,CN,ccECP,avtz,CCSD(T),-15.471787805154,false,false,false,false
heat_ccecp_depth_neg_035,-0.35,yes,no,no,0.03147234677761597,,,,0.10623594496705266,0.10855496855174578,,,,0.12749245774668355,CO,ccECP,avdz,CCSD(T),-21.689285410706,false,false,false,false
heat_ccecp_depth_neg_035,-0.35,yes,no,no,0.0249240674110416,,,,0.111753899027211,0.07579567182729333,,,,0.12370728859533955,CO,ccECP,avtz,CCSD(T),-21.719095416951,false,false,false,false
heat_ccecp_depth_neg_035,-0.35,yes,no,no,0.037262038484084666,,,,0.11210698570974,0.06929480284999823,,,,0.11690233566365421,CO2,ccECP,avdz,CCSD(T),-37.765786656023,false,false,false,false
heat_ccecp_depth_neg_035,-0.35,yes,no,no,0.03119781568353215,,,,0.11889679731990299,0.05726968399010711,,,,0.11235861505657643,CO2,ccECP,avtz,CCSD(T),-37.811653269847,false,false,false,false
heat_ccecp_depth_neg_035,-0.35,yes,no,no,,0.16066569571946898,,,,,0.1336313290553071,,,,F,ccECP,avdz,CCSD(T),-24.187988473753,false,false,false,false
heat_ccecp_depth_neg_035,-0.35,yes,no,no,,0.159874436555217,,,,,0.13211737715182179,,,,F,ccECP,avtz,CCSD(T),-24.200855942651,false,false,false,false
heat_ccecp_depth_neg_035,-0.35,yes,no,no,,0.156934461269913,,,,,0.11647650225493021,,,,F2,ccECP,avdz,CCSD(T),-48.436009945311,false,false,false,false
heat_ccecp_depth_neg_035,-0.35,yes,no,no,,0.15727642266826633,,,,,0.11466245625713244,,,,F2,ccECP,avtz,CCSD(T),-48.465284638511,false,false,false,false
heat_ccecp_depth_neg_035,-0.35,yes,no,no,,,0.06479376174972466,,,,,,,,H2,ccECP,avdz,CCSD(T),-1.172751685463,false,false,false,false
heat_ccecp_depth_neg_035,-0.35,yes,no,no,,,0.03183442769790989,,,,,,,,H2,ccECP,avtz,CCSD(T),-1.174682328197,false,false,false,false
heat_ccecp_depth_neg_035,-0.35,yes,no,no,,,0.035911121699886,,0.10752365561521234,,,-0.01794282397477935,,0.13065698704796533,H2O,ccECP,avdz,CCSD(T),-17.241168167238,false,false,false,false
heat_ccecp_depth_neg_035,-0.35,yes,no,no,,,0.025240853736863942,,0.113383519292507,,,-0.04064639027768887,,0.13217272163535065,H2O,ccECP,avtz,CCSD(T),-17.257319396221,false,false,false,false
heat_ccecp_depth_neg_035,-0.35,yes,no,no,,,0.041468708565712664,,0.106156838868061,,,-0.035512346971196956,,0.10325342038478488,H2O2,ccECP,avdz,CCSD(T),-33.166032285463,false,false,false,false
heat_ccecp_depth_neg_035,-0.35,yes,no,no,,,0.030759391077771082,,0.11157990338599866,,,-0.06809799329110533,,0.100663400147184,H2O2,ccECP,avtz,CCSD(T),-33.199752720452,false,false,false,false
heat_ccecp_depth_neg_035,-0.35,yes,no,no,0.05097579833111333,,0.04677767166484366,0.06726757631593866,,0.08450076275461288,,-0.050725970738268886,0.10556341838820933,,HCN,ccECP,avdz,CCSD(T),-16.157239627851,false,false,false,false
heat_ccecp_depth_neg_035,-0.35,yes,no,no,0.03966119927070667,,0.03219241547586285,0.07292644490022332,,0.08197117742238355,,-0.08034800774410533,0.09530543893977733,,HCN,ccECP,avtz,CCSD(T),-16.182631233179,false,false,false,false
heat_ccecp_depth_neg_035,-0.35,yes,no,no,0.03200212590944056,,0.048132579385144994,,0.10558525832188599,0.08149569873691288,,-0.05604378979665778,,0.11718849027944978,HCO,ccECP,avdz,CCSD(T),-22.221365637725,false,false,false,false
heat_ccecp_depth_neg_035,-0.35,yes,no,no,0.029093504288231424,,0.02999007542604701,,0.11320967915150533,0.07917808059804089,,-0.10070036529411332,,0.12002447888294443,HCO,ccECP,avtz,CCSD(T),-22.249467190375,false,false,false,false
heat_ccecp_depth_neg_035,-0.35,yes,no,no,,0.16402958969359566,0.03517536554339633,,,,0.13536972847785778,-0.003820965805630337,,,HF,ccECP,avdz,CCSD(T),-24.913070074193,false,false,false,false
heat_ccecp_depth_neg_035,-0.35,yes,no,no,,0.167197630308338,0.023595119300110573,,,,0.13157945046848044,-0.03618995070852577,,,HF,ccECP,avtz,CCSD(T),-24.926172814982,false,false,false,false
heat_ccecp_depth_neg_035,-0.35,yes,no,no,,,0.041360387883432666,0.06037467235890834,0.09793614619520333,,,-0.06836026338516889,0.09385922543772088,0.11758475061236133,HNO,ccECP,avdz,CCSD(T),-26.454390506487,false,false,false,false
heat_ccecp_depth_neg_035,-0.35,yes,no,no,,,0.029462820459526806,0.05936852286877467,0.10516591152232332,,,-0.08565909221116844,0.09269699746518978,0.11617791636520132,HNO,ccECP,avtz,CCSD(T),-26.481474350361,false,false,false,false
heat_ccecp_depth_neg_035,-0.35,yes,no,no,,,0.03937492878504333,,0.09630787079965467,,,-0.0350808562219043,,0.11229903934859242,HO2,ccECP,avdz,CCSD(T),-32.520651479524,false,false,false,false
heat_ccecp_depth_neg_035,-0.35,yes,no,no,,,0.029267670801194134,,0.10317623789317733,,,-0.0628868218886191,,0.11009417842892444,HO2,ccECP,avtz,CCSD(T),-32.552231363666,false,false,false,false
heat_ccecp_depth_neg_035,-0.35,yes,no,no,,,,0.07056555463890532,,,,,0.12879459229775245,,N,ccECP,avdz,CCSD(T),-9.758435108856,false,false,false,false
heat_ccecp_depth_neg_035,-0.35,yes,no,no,,,,0.06921576614881966,,,,,0.12610985178839598,,N,ccECP,avtz,CCSD(T),-9.767107798542,false,false,false,false
heat_ccecp_depth_neg_035,-0.35,yes,no,no,,,,0.06558048329132833,,,,,0.11824931736998355,,N2,ccECP,avdz,CCSD(T),-19.868991712238,false,false,false,false
heat_ccecp_depth_neg_035,-0.35,yes,no,no,,,,0.061252969270227664,,,,,0.10508308611166889,,N2,ccECP,avtz,CCSD(T),-19.897750078837,false,false,false,false
heat_ccecp_depth_neg_035,-0.35,yes,no,no,,,0.04224074877988033,0.06997386568236433,,,,-0.04921493778383555,0.12491904545669154,,NH,ccECP,avdz,CCSD(T),-10.389222669605,false,false,false,false
heat_ccecp_depth_neg_035,-0.35,yes,no,no,,,0.028832171436418867,0.067343053627823,,,,-0.06153988326142666,0.12174194772288133,,NH,ccECP,avtz,CCSD(T),-10.399519060988,false,false,false,false
heat_ccecp_depth_neg_035,-0.35,yes,no,no,,,0.04080756536055033,0.06972786298590833,,,,-0.047080080647530664,0.11607712217574488,,NH2,ccECP,avdz,CCSD(T),-11.04605873969,false,false,false,false
heat_ccecp_depth_neg_035,-0.35,yes,no,no,,,0.0279079423576812,0.07497956225178533,,,,-0.06539958181026843,0.09764524910751199,,NH2,ccECP,avtz,CCSD(T),-11.057829991552,false,false,false,false
heat_ccecp_depth_neg_035,-0.35,yes,no,no,,,0.04006582952380566,0.074850942638612,,,,-0.047446127964942665,0.11138620840054932,,NH3,ccECP,avdz,CCSD(T),-11.728476282496,false,false,false,false
heat_ccecp_depth_neg_035,-0.35,yes,no,no,,,0.02643529934740019,0.07889247339572233,,,,-0.07500294946172,0.1060335740020151,,NH3,ccECP,avtz,CCSD(T),-11.741311975764,false,false,false,false
heat_ccecp_depth_neg_035,-0.35,yes,no,no,,,,0.05580667317310199,0.09952198019167832,,,,0.10597323851117199,0.12343953371507778,NO,ccECP,avdz,CCSD(T),-25.868204537077,false,false,false,false
heat_ccecp_depth_neg_035,-0.35,yes,no,no,,,,0.05346871180588167,0.10521069996232665,,,,0.1022331233928951,0.12218120976889289,NO,ccECP,avtz,CCSD(T),-25.89710031668,false,false,false,false
heat_ccecp_depth_neg_035,-0.35,yes,no,no,,,,,0.10028590947642266,,,,,0.14180920816914266,O,ccECP,avdz,CCSD(T),-15.871336053979,false,false,false,false
heat_ccecp_depth_neg_035,-0.35,yes,no,no,,,,,0.10499059951558366,,,,,0.1424949542706542,O,ccECP,avtz,CCSD(T),-15.887492631261,false,false,false,false
heat_ccecp_depth_neg_035,-0.35,yes,no,no,,,,,0.09367460832154167,,,,,0.11953640699528267,O2,ccECP,avdz,CCSD(T),-31.935800109098,false,false,false,false
heat_ccecp_depth_neg_035,-0.35,yes,no,no,,,,,0.09714854767742266,,,,,0.11941378138388312,O2,ccECP,avtz,CCSD(T),-31.965353126365,false,false,false,false
heat_ccecp_depth_neg_035,-0.35,yes,no,no,,0.154864743665811,,,0.09446374457607866,,0.12010552804819731,,,0.1107301091096311,OF,ccECP,avdz,CCSD(T),-40.142672834845,false,false,false,false
heat_ccecp_depth_neg_035,-0.35,yes,no,no,,0.16222319117738332,,,0.09445017930832067,,0.11737199068269999,,,0.10976498524058133,OF,ccECP,avtz,CCSD(T),-40.173210702098,false,false,false,false
heat_ccecp_depth_neg_035,-0.35,yes,no,no,,,0.03844463735868333,,0.10513652114804001,,,-0.013964695237020708,,0.13908943802306667,OH,ccECP,avdz,CCSD(T),-16.541543282397,false,false,false,false
heat_ccecp_depth_neg_035,-0.35,yes,no,no,,,0.02833486219952002,,0.10858395327215299,,,-0.04293529427468447,,0.1359977152317191,OH,ccECP,avtz,CCSD(T),-16.55769983133,false,false,false,false
heat_ccecp_depth_neg_037,-0.37,yes,no,no,0.036925294273135,,,,,0.15278407541022176,,,,,C,ccECP,avdz,CCSD(T),-5.411948258802,false,false,false,false
heat_ccecp_depth_neg_037,-0.37,yes,no,no,0.035664455084715,,,,,0.123042089307188,,,,,C,ccECP,avtz,CCSD(T),-5.418439463261,false,false,false,false
heat_ccecp_depth_neg_037,-0.37,yes,no,no,0.046792482272687994,,0.05448574333762833,,,0.10062764374504354,,-0.0431422449240151,,,C2H,ccECP,avdz,CCSD(T),-11.733473035743,false,false,false,false
heat_ccecp_depth_neg_037,-0.37,yes,no,no,0.042701035791402664,,0.032216254343217655,,,0.08981089875637643,,-0.08008812132132666,,,C2H,ccECP,avtz,CCSD(T),-11.75699453532,false,false,false,false
heat_ccecp_depth_neg_037,-0.37,yes,no,no,0.052387199524918,,0.05432409475258833,,,0.09211853224144621,,-0.05510405375924666,,,C2H2,ccECP,avdz,CCSD(T),-12.454625874554,false,false,false,false
heat_ccecp_depth_neg_037,-0.37,yes,no,no,0.046934686999563664,,0.03143977984312083,,,0.09228593900324134,,-0.0866960178226631,,,C2H2,ccECP,avtz,CCSD(T),-12.479717784549,false,false,false,false
heat_ccecp_depth_neg_037,-0.37,yes,no,no,0.019574720317670095,0.15923496368746365,,,,0.10881206585156933,0.14008353883283065,,,,CF,ccECP,avdz,CCSD(T),-29.808992496913,false,false,false,false
heat_ccecp_depth_neg_037,-0.37,yes,no,no,0.021102894129873546,0.1689881602875693,,,,0.0998486710602089,0.13778699287081378,,,,CF,ccECP,avtz,CCSD(T),-29.83262877077,false,false,false,false
heat_ccecp_depth_neg_037,-0.37,yes,no,no,0.030827727535960886,,0.051158517674783334,,,0.12493675434684712,,-0.06726496566928622,,,CH,ccECP,avdz,CCSD(T),-6.043643164087,false,false,false,false
heat_ccecp_depth_neg_037,-0.37,yes,no,no,0.03856474791901133,,0.03055116918116845,,,0.1180702284609382,,-0.07859123245677734,,,CH,ccECP,avtz,CCSD(T),-6.052018851708,false,false,false,false
heat_ccecp_depth_neg_037,-0.37,yes,no,no,0.0301818814577565,,0.051144325090288996,,,0.11139667313195334,,-0.06163653272521955,,,CH2,ccECP,avdz,CCSD(T),-6.711631696499,false,false,false,false
heat_ccecp_depth_neg_037,-0.37,yes,no,no,0.04521945155314667,,0.030541128962795948,,,0.10851440364736532,,-0.08583330766696178,,,CH2,ccECP,avtz,CCSD(T),-6.721525689721,false,false,false,false
heat_ccecp_depth_neg_037,-0.37,yes,no,no,0.02935465866980893,,0.05113459365326099,,,0.09706479538582266,,-0.06964811022555599,,,CH3,ccECP,avdz,CCSD(T),-7.39630698544,false,false,false,false
heat_ccecp_depth_neg_037,-0.37,yes,no,no,0.04983975354314433,,0.029652272267057703,,,0.10417807801953244,,-0.09236642300495733,,,CH3,ccECP,avtz,CCSD(T),-7.408073537463,false,false,false,false
heat_ccecp_depth_neg_037,-0.37,yes,no,no,0.040205173746178,,,0.06085522775262667,,0.10995690118236756,,,0.12142827346226087,,CN,ccECP,avdz,CCSD(T),-15.449571925014,false,false,false,false
heat_ccecp_depth_neg_037,-0.37,yes,no,no,0.028113093286850382,,,0.06778210661792067,,0.1055974309630431,,,0.11769808463382533,,CN,ccECP,avtz,CCSD(T),-15.472977505219,false,false,false,false
heat_ccecp_depth_neg_037,-0.37,yes,no,no,0.0328591081174953,,,,0.10571285607392333,0.11383575069980134,,,,0.14149005826224711,CO,ccECP,avdz,CCSD(T),-21.692705145287,false,false,false,false
heat_ccecp_depth_neg_037,-0.37,yes,no,no,0.021639665633372347,,,,0.10976295388544967,0.10132307592464888,,,,0.13868255027366755,CO,ccECP,avtz,CCSD(T),-21.720887986505,false,false,false,false
heat_ccecp_depth_neg_037,-0.37,yes,no,no,0.03320101855666448,,,,0.10943793585056967,0.07934554385091555,,,,0.13258943131216355,CO2,ccECP,avdz,CCSD(T),-37.772260712934,false,false,false,false
heat_ccecp_depth_neg_037,-0.37,yes,no,no,0.028085306922528697,,,,0.117631853996509,0.07326660400998576,,,,0.12748892756884445,CO2,ccECP,avtz,CCSD(T),-37.814915441792,false,false,false,false
heat_ccecp_depth_neg_037,-0.37,yes,no,no,,0.160190295691068,,,,,0.13772475234484488,,,,F,ccECP,avdz,CCSD(T),-24.188339989302,false,false,false,false
heat_ccecp_depth_neg_037,-0.37,yes,no,no,,0.16044203551364333,,,,,0.13763016427845154,,,,F,ccECP,avtz,CCSD(T),-24.201131704355,false,false,false,false
heat_ccecp_depth_neg_037,-0.37,yes,no,no,,0.153713708881968,,,,,0.1347254167541671,,,,F2,ccECP,avdz,CCSD(T),-48.442833895418,false,false,false,false
heat_ccecp_depth_neg_037,-0.37,yes,no,no,,0.15471556181317866,,,,,0.13220529824036087,,,,F2,ccECP,avtz,CCSD(T),-48.468680422904,false,false,false,false
heat_ccecp_depth_neg_037,-0.37,yes,no,no,,,0.06418484889116799,,,,,,,,H2,ccECP,avdz,CCSD(T),-1.172754174065,false,false,false,false
heat_ccecp_depth_neg_037,-0.37,yes,no,no,,,0.03153401753642193,,,,,,,,H2,ccECP,avtz,CCSD(T),-1.174640973818,false,false,false,false
heat_ccecp_depth_neg_037,-0.37,yes,no,no,,,0.036039595205715994,,0.10828602283904966,,,-0.010343494227306902,,0.1396377411112031,H2O,ccECP,avdz,CCSD(T),-17.242666314826,false,false,false,false
heat_ccecp_depth_neg_037,-0.37,yes,no,no,,,0.02526329822693741,,0.11061152619820733,,,-0.031125602594104518,,0.14287228956247955,H2O,ccECP,avtz,CCSD(T),-17.258202263989,false,false,false,false
heat_ccecp_depth_neg_037,-0.37,yes,no,no,,,0.039749224006564665,,0.10333732336294767,,,-0.025831284008517426,,0.11986384760037956,H2O2,ccECP,avdz,CCSD(T),-33.172083459458,false,false,false,false
heat_ccecp_depth_neg_037,-0.37,yes,no,no,,,0.029264809597838132,,0.11007459189812033,,,-0.05069853817326577,,0.11615549323723866,H2O2,ccECP,avtz,CCSD(T),-33.202647654662,false,false,false,false
heat_ccecp_depth_neg_037,-0.37,yes,no,no,0.04791632385349666,,0.04721564137698933,0.06215804071801834,,0.11532264388291022,,-0.03637535709218731,0.11810502999225732,,HCN,ccECP,avdz,CCSD(T),-16.160435541378,false,false,false,false
heat_ccecp_depth_neg_037,-0.37,yes,no,no,0.038989610998360666,,0.03253796049707158,0.07222601280329799,,0.09508919794818978,,-0.07431477936413156,0.11476501627141422,,HCN,ccECP,avtz,CCSD(T),-16.183925718569,false,false,false,false
heat_ccecp_depth_neg_037,-0.37,yes,no,no,0.03170411549800316,,0.04852781325369933,,0.10313151944179033,0.10819786327881821,,-0.051138024392620884,,0.13350359449182042,HCO,ccECP,avdz,CCSD(T),-22.225054598366,false,false,false,false
heat_ccecp_depth_neg_037,-0.37,yes,no,no,0.029119384620029706,,0.029785889595281875,,0.11334497829285467,0.09143719732469867,,-0.08232706512077066,,0.13114329991083423,HCO,ccECP,avtz,CCSD(T),-22.251316072137,false,false,false,false
heat_ccecp_depth_neg_037,-0.37,yes,no,no,,0.16384199505515634,0.036723387536787666,,,,0.1396713314276382,-0.004870226662008395,,,HF,ccECP,avdz,CCSD(T),-24.913801344147,false,false,false,false
heat_ccecp_depth_neg_037,-0.37,yes,no,no,,0.16760494952159066,0.02311895529551478,,,,0.13906981391906267,-0.03087141892473844,,,HF,ccECP,avtz,CCSD(T),-24.926823373101,false,false,false,false
heat_ccecp_depth_neg_037,-0.37,yes,no,no,,,0.04115064217603833,0.05981296181067533,0.09533239335750833,,,-0.056041483760175995,0.11473999451772443,0.13411473948192978,HNO,ccECP,avdz,CCSD(T),-26.458996701431,false,false,false,false
heat_ccecp_depth_neg_037,-0.37,yes,no,no,,,0.02921888893924961,0.054343499727794994,0.10237775248506499,,,-0.07246519369203688,0.11167043144578044,0.13379727160621332,HNO,ccECP,avtz,CCSD(T),-26.483744754072,false,false,false,false
heat_ccecp_depth_neg_037,-0.37,yes,no,no,,,0.03882569730353333,,0.09142958651105433,,,-0.02469952027438486,,0.12952631344447424,HO2,ccECP,avdz,CCSD(T),-32.526088087941,false,false,false,false
heat_ccecp_depth_neg_037,-0.37,yes,no,no,,,0.028485714044297054,,0.09889585124485833,,,-0.05145725405530666,,0.12669777521681064,HO2,ccECP,avtz,CCSD(T),-32.555012623732,false,false,false,false
heat_ccecp_depth_neg_037,-0.37,yes,no,no,,,,0.06810909617608299,,,,,0.14153628607798888,,N,ccECP,avdz,CCSD(T),-9.758883960433,false,false,false,false
heat_ccecp_depth_neg_037,-0.37,yes,no,no,,,,0.06644657019504599,,,,,0.1384296023746191,,N,ccECP,avtz,CCSD(T),-9.767286095636,false,false,false,false
heat_ccecp_depth_neg_037,-0.37,yes,no,no,,,,0.06605275058776533,,,,,0.12892777284471155,,N2,ccECP,avdz,CCSD(T),-19.872330300223,false,false,false,false
heat_ccecp_depth_neg_037,-0.37,yes,no,no,,,,0.05993431731032833,,,,,0.12357256238387644,,N2,ccECP,avtz,CCSD(T),-19.899472634362,false,false,false,false
heat_ccecp_depth_neg_037,-0.37,yes,no,no,,,0.04201149763911367,0.06960882632511567,,,,-0.03131897336829302,0.136487763907456,,NH,ccECP,avdz,CCSD(T),-10.389863869658,false,false,false,false
heat_ccecp_depth_neg_037,-0.37,yes,no,no,,,0.028489188479337638,0.071175786333422,,,,-0.05137354059713022,0.13248822146264133,,NH,ccECP,avtz,CCSD(T),-10.39980046294,false,false,false,false
heat_ccecp_depth_neg_037,-0.37,yes,no,no,,,0.041337862977832,0.06980917199544832,,,,-0.041985211646532,0.13016405909193157,,NH2,ccECP,avdz,CCSD(T),-11.047263718015,false,false,false,false
heat_ccecp_depth_neg_037,-0.37,yes,no,no,,,0.028052439928709635,0.073905447350889,,,,-0.060089277168723546,0.12931709272496889,,NH2,ccECP,avtz,CCSD(T),-11.058422218064,false,false,false,false
heat_ccecp_depth_neg_037,-0.37,yes,no,no,,,0.03971724416129066,0.07402704061853699,,,,-0.03565158995361083,0.12175484159704576,,NH3,ccECP,avdz,CCSD(T),-11.729835724799,false,false,false,false
heat_ccecp_depth_neg_037,-0.37,yes,no,no,,,0.02583122739383273,0.06760379532121333,,,,-0.0583856089584951,0.10489037116523066,,NH3,ccECP,avtz,CCSD(T),-11.741980867529,false,false,false,false
heat_ccecp_depth_neg_037,-0.37,yes,no,no,,,,0.05454121379116467,0.09801667655382265,,,,0.12705122244701644,0.1416127018988871,NO,ccECP,avdz,CCSD(T),-25.872567750283,false,false,false,false
heat_ccecp_depth_neg_037,-0.37,yes,no,no,,,,0.05010950566972767,0.10071062924771332,,,,0.1126102280447911,0.13854277588759198,NO,ccECP,avtz,CCSD(T),-25.899271076879,false,false,false,false
heat_ccecp_depth_neg_037,-0.37,yes,no,no,,,,,0.099991787838253,,,,,0.14882806458151554,O,ccECP,avdz,CCSD(T),-15.872195368763,false,false,false,false
heat_ccecp_depth_neg_037,-0.37,yes,no,no,,,,,0.10256797997929065,,,,,0.15039395548960177,O,ccECP,avtz,CCSD(T),-15.887873948214,false,false,false,false
heat_ccecp_depth_neg_037,-0.37,yes,no,no,,,,,0.09164214116879367,,,,,0.136172241328208,O2,ccECP,avdz,CCSD(T),-31.940097966932,false,false,false,false
heat_ccecp_depth_neg_037,-0.37,yes,no,no,,,,,0.09455048476678166,,,,,0.13468079651570222,O2,ccECP,avtz,CCSD(T),-31.968194193914,false,false,false,false
heat_ccecp_depth_neg_037,-0.37,yes,no,no,,0.15332170011694332,,,0.09185474763747332,,0.13805666270077066,,,0.13192405487538267,OF,ccECP,avdz,CCSD(T),-40.148989624338,false,false,false,false
heat_ccecp_depth_neg_037,-0.37,yes,no,no,,0.1583531582028243,,,0.09251977778717832,,0.13577609536195911,,,0.12779989935887154,OF,ccECP,avtz,CCSD(T),-40.176400251145,false,false,false,false
heat_ccecp_depth_neg_037,-0.37,yes,no,no,,,0.038874089321894664,,0.10273752469078834,,,-0.011936063558312079,,0.14711176703092754,OH,ccECP,avdz,CCSD(T),-16.542609944672,false,false,false,false
heat_ccecp_depth_neg_037,-0.37,yes,no,no,,,0.02918556174824998,,0.10658303123122566,,,-0.028004931841986186,,0.14688473180772577,OH,ccECP,avtz,CCSD(T),-16.558343251304,false,false,false,false
heat_ccecp_depth_neg_039,-0.39,yes,no,no,0.03100150559128816,,,,,0.12722823799036934,,,,,C,ccECP,avdz,CCSD(T),-5.412314012353,false,false,false,false
heat_ccecp_depth_neg_039,-0.39,yes,no,no,0.03360282490188233,,,,,0.1563302672828822,,,,,C,ccECP,avtz,CCSD(T),-5.418536193639,false,false,false,false
heat_ccecp_depth_neg_039,-0.39,yes,no,no,0.04176511060119534,,0.054680317996678995,,,0.11744044581065378,,-0.035633008297486446,,,C2H,ccECP,avdz,CCSD(T),-11.735948458331,false,false,false,false
heat_ccecp_depth_neg_039,-0.39,yes,no,no,0.03952062713510167,,0.03157166508576166,,,0.11066526982444089,,-0.06407156202034177,,,C2H,ccECP,avtz,CCSD(T),-11.758135955152,false,false,false,false
heat_ccecp_depth_neg_039,-0.39,yes,no,no,0.050592602435497,,0.054829392597372,,,0.11737834979749198,,-0.040734840783832,,,C2H2,ccECP,avdz,CCSD(T),-12.456984364132,false,false,false,false
heat_ccecp_depth_neg_039,-0.39,yes,no,no,0.047839997802515334,,0.03179882161373325,,,0.08944987406373778,,-0.06811183612256444,,,C2H2,ccECP,avtz,CCSD(T),-12.48078258927,false,false,false,false
heat_ccecp_depth_neg_039,-0.39,yes,no,no,0.020181792803023697,0.15677440097052164,,,,0.12864021451039112,0.15697774601092399,,,,CF,ccECP,avdz,CCSD(T),-29.813087292233,false,false,false,false
heat_ccecp_depth_neg_039,-0.39,yes,no,no,0.019721494321352964,0.16625305447938232,,,,0.10824401077437955,0.15228824854340978,,,,CF,ccECP,avtz,CCSD(T),-29.834732907411,false,false,false,false
heat_ccecp_depth_neg_039,-0.39,yes,no,no,0.032930853322951925,,0.051653157541458,,,0.14794820033188397,,-0.059201978692301774,,,CH,ccECP,avdz,CCSD(T),-6.043992574655,false,false,false,false
heat_ccecp_depth_neg_039,-0.39,yes,no,no,0.03571948121302333,,0.030057397033885803,,,0.16951326338079598,,-0.0810655702892831,,,CH,ccECP,avtz,CCSD(T),-6.052226453979,false,false,false,false
heat_ccecp_depth_neg_039,-0.39,yes,no,no,0.033791493125074665,,0.052702460327460995,,,0.12411022806471865,,-0.05488132760428399,,,CH2,ccECP,avdz,CCSD(T),-6.712623108873,false,false,false,false
heat_ccecp_depth_neg_039,-0.39,yes,no,no,0.04250530416519566,,0.029742808231549074,,,0.13054106099744844,,-0.07009603403559822,,,CH2,ccECP,avtz,CCSD(T),-6.721816290265,false,false,false,false
heat_ccecp_depth_neg_039,-0.39,yes,no,no,0.028674605938874734,,0.051117149403236,,,0.10529393066796844,,-0.05697520299006489,,,CH3,ccECP,avdz,CCSD(T),-7.397487579118,false,false,false,false
heat_ccecp_depth_neg_039,-0.39,yes,no,no,0.04733534704796533,,0.029224902084220118,,,0.09950601784710533,,-0.07898080597688266,,,CH3,ccECP,avtz,CCSD(T),-7.408422548794,false,false,false,false
heat_ccecp_depth_neg_039,-0.39,yes,no,no,0.03986991058851833,,,0.060971356236599335,,0.127732742779204,,,0.1298818389387991,,CN,ccECP,avdz,CCSD(T),-15.452412292405,false,false,false,false
heat_ccecp_depth_neg_039,-0.39,yes,no,no,0.029335689282213532,,,0.06483843646424334,,0.11693439678354933,,,0.13280060165800664,,CN,ccECP,avtz,CCSD(T),-15.47452894957,false,false,false,false
heat_ccecp_depth_neg_039,-0.39,yes,no,no,0.02960855584506853,,,,0.10042946745826066,0.13822155116144355,,,,0.15558619166034798,CO,ccECP,avdz,CCSD(T),-21.696606207697,false,false,false,false
heat_ccecp_depth_neg_039,-0.39,yes,no,no,0.021654313848064384,,,,0.107622446501791,0.11279629128995955,,,,0.1540196232573449,CO,ccECP,avtz,CCSD(T),-21.7227371101,false,false,false,false
heat_ccecp_depth_neg_039,-0.39,yes,no,no,0.03167694526829716,,,,0.10807516402012399,0.1028448719149591,,,,0.14971058224233955,CO2,ccECP,avdz,CCSD(T),-37.779083595562,false,false,false,false
heat_ccecp_depth_neg_039,-0.39,yes,no,no,0.027991227496700247,,,,0.11484836901226766,0.0863229882040031,,,,0.1446119325481702,CO2,ccECP,avtz,CCSD(T),-37.818137102675,false,false,false,false
heat_ccecp_depth_neg_039,-0.39,yes,no,no,,0.15948267976223365,,,,,0.14162649636917465,,,,F,ccECP,avdz,CCSD(T),-24.188698780853,false,false,false,false
heat_ccecp_depth_neg_039,-0.39,yes,no,no,,0.16089481555482033,,,,,0.14049334302646532,,,,F,ccECP,avtz,CCSD(T),-24.201648607828,false,false,false,false
heat_ccecp_depth_neg_039,-0.39,yes,no,no,,0.15002979621823198,,,,,0.15389557786534308,,,,F2,ccECP,avdz,CCSD(T),-48.449691998286,false,false,false,false
heat_ccecp_depth_neg_039,-0.39,yes,no,no,,0.15146888500456165,,,,,0.14988433413269153,,,,F2,ccECP,avtz,CCSD(T),-48.472286995629,false,false,false,false
heat_ccecp_depth_neg_039,-0.39,yes,no,no,,,0.06481658209245034,,,,,,,,H2,ccECP,avdz,CCSD(T),-1.172725483394,false,false,false,false
heat_ccecp_depth_neg_039,-0.39,yes,no,no,,,0.03197840177562397,,,,,,,,H2,ccECP,avtz,CCSD(T),-1.174648978728,false,false,false,false
heat_ccecp_depth_neg_039,-0.39,yes,no,no,,,0.035036672351834997,,0.10563992115027433,,,0.0008206735975276973,,0.15327772217958,H2O,ccECP,avdz,CCSD(T),-17.244380959027,false,false,false,false
heat_ccecp_depth_neg_039,-0.39,yes,no,no,,,0.025953091119246503,,0.11229111677144066,,,-0.02628329293534981,,0.15254759853702488,H2O,ccECP,avtz,CCSD(T),-17.259081759892,false,false,false,false
heat_ccecp_depth_neg_039,-0.39,yes,no,no,,,0.038867725650471335,,0.09960800195450999,,,-0.012425320826926373,,0.13785979372248042,H2O2,ccECP,avdz,CCSD(T),-33.178531463429,false,false,false,false
heat_ccecp_depth_neg_039,-0.39,yes,no,no,,,0.02889262991438519,,0.10586380701459866,,,-0.0393059214789438,,0.13565954044113687,H2O2,ccECP,avtz,CCSD(T),-33.205834475176,false,false,false,false
heat_ccecp_depth_neg_039,-0.39,yes,no,no,0.046644880569331665,,0.047407777600338666,0.06260626682599632,,0.12186955376720132,,-0.019494653875141352,0.13372865009845644,,HCN,ccECP,avdz,CCSD(T),-16.163697861656,false,false,false,false
heat_ccecp_depth_neg_039,-0.39,yes,no,no,0.03816665336901333,,0.032027242957207366,0.06723136272804066,,0.0976089656777431,,-0.05581380298401555,0.1342953234097502,,HCN,ccECP,avtz,CCSD(T),-16.185515402636,false,false,false,false
heat_ccecp_depth_neg_039,-0.39,yes,no,no,0.027921615073552956,,0.04781429463998033,,0.10011946539351732,0.1282424985056271,,-0.03752237217717674,,0.1531283969391324,HCO,ccECP,avdz,CCSD(T),-22.229117509406,false,false,false,false
heat_ccecp_depth_neg_039,-0.39,yes,no,no,0.026390786371660247,,0.02925053246976016,,0.110498248593069,0.10654493189031022,,-0.06548916629523066,,0.14741210338889646,HCO,ccECP,avtz,CCSD(T),-22.253449880905,false,false,false,false
heat_ccecp_depth_neg_039,-0.39,yes,no,no,,0.16358922997152564,0.03465755967242633,,,,0.14605947710568312,0.0024164292638333977,,,HF,ccECP,avdz,CCSD(T),-24.915002655442,false,false,false,false
heat_ccecp_depth_neg_039,-0.39,yes,no,no,,0.1675321067354703,0.02316445154199111,,,,0.14480964597455379,-0.020193901462555782,,,HF,ccECP,avtz,CCSD(T),-24.927550742397,false,false,false,false
heat_ccecp_depth_neg_039,-0.39,yes,no,no,,,0.04073296489773333,0.05639394627888766,0.09467609822027434,,,-0.04005061958766262,0.1289965053782791,0.14801949980154622,HNO,ccECP,avdz,CCSD(T),-26.464020616993,false,false,false,false
heat_ccecp_depth_neg_039,-0.39,yes,no,no,,,0.02913512522115984,0.053545007270113,0.09954877995869099,,,-0.06139813537739555,0.12473663788756845,0.15120366958654133,HNO,ccECP,avtz,CCSD(T),-26.486415938912,false,false,false,false
heat_ccecp_depth_neg_039,-0.39,yes,no,no,,,0.03747959459833333,,0.09006886695881833,,,-0.01589187198873132,,0.1449482798458231,HO2,ccECP,avdz,CCSD(T),-32.532432232758,false,false,false,false
heat_ccecp_depth_neg_039,-0.39,yes,no,no,,,0.028100895955176022,,0.09692726572294866,,,-0.040630486363109286,,0.14337374325632088,HO2,ccECP,avtz,CCSD(T),-32.558301293942,false,false,false,false
heat_ccecp_depth_neg_039,-0.39,yes,no,no,,,,0.06893947738196499,,,,,0.150085032231464,,N,ccECP,avdz,CCSD(T),-9.759375885228,false,false,false,false
heat_ccecp_depth_neg_039,-0.39,yes,no,no,,,,0.06866372987919367,,,,,0.15338632481934086,,N,ccECP,avtz,CCSD(T),-9.767394933349,false,false,false,false
heat_ccecp_depth_neg_039,-0.39,yes,no,no,,,,0.061593444420459,,,,,0.13577685856628757,,N2,ccECP,avdz,CCSD(T),-19.876006696403,false,false,false,false
heat_ccecp_depth_neg_039,-0.39,yes,no,no,,,,0.059350371922699,,,,,0.13623234419577912,,N2,ccECP,avtz,CCSD(T),-19.901364142211,false,false,false,false
heat_ccecp_depth_neg_039,-0.39,yes,no,no,,,0.04275522500462367,0.06884280083233967,,,,-0.02449830690006884,0.14958603822475422,,NH,ccECP,avdz,CCSD(T),-10.390619150839,false,false,false,false
heat_ccecp_depth_neg_039,-0.39,yes,no,no,,,0.029918726391453588,0.067078846579643,,,,-0.04421937765308656,0.14025019581085732,,NH,ccECP,avtz,CCSD(T),-10.400239199048,false,false,false,false
heat_ccecp_depth_neg_039,-0.39,yes,no,no,,,0.041233799393375334,0.069488925910231,,,,-0.024505422202995952,0.14489348087588622,,NH2,ccECP,avdz,CCSD(T),-11.048686503185,false,false,false,false
heat_ccecp_depth_neg_039,-0.39,yes,no,no,,,0.027632282362635683,0.06920031605631166,,,,-0.045857069885242664,0.1446604198712809,,NH2,ccECP,avtz,CCSD(T),-11.058918728661,false,false,false,false
heat_ccecp_depth_neg_039,-0.39,yes,no,no,,,0.040101641662657665,0.07178375996070066,,,,-0.027443746505538373,0.13898721503283776,,NH3,ccECP,avdz,CCSD(T),-11.731380101969,false,false,false,false
heat_ccecp_depth_neg_039,-0.39,yes,no,no,,,0.026210574315103895,0.07619734568427866,,,,-0.04620415165678133,0.1348651955276133,,NH3,ccECP,avtz,CCSD(T),-11.742808698133,false,false,false,false
heat_ccecp_depth_neg_039,-0.39,yes,no,no,,,,0.05172360619633733,0.09490377829447233,,,,0.14075034460868888,0.15866121017405288,NO,ccECP,avdz,CCSD(T),-25.877205064347,false,false,false,false
heat_ccecp_depth_neg_039,-0.39,yes,no,no,,,,0.04873948986348334,0.09933097467037699,,,,0.1303516704352991,0.15279821467581867,NO,ccECP,avtz,CCSD(T),-25.901728850029,false,false,false,false
heat_ccecp_depth_neg_039,-0.39,yes,no,no,,,,,0.10306321131069898,,,,,0.15739343471299821,O,ccECP,avdz,CCSD(T),-15.872863804362,false,false,false,false
heat_ccecp_depth_neg_039,-0.39,yes,no,no,,,,,0.10240291990847467,,,,,0.15321457647734665,O,ccECP,avtz,CCSD(T),-15.888072832329,false,false,false,false
heat_ccecp_depth_neg_039,-0.39,yes,no,no,,,,,0.08818701281081766,,,,,0.15191584972347555,O2,ccECP,avdz,CCSD(T),-31.945865474812,false,false,false,false
heat_ccecp_depth_neg_039,-0.39,yes,no,no,,,,,0.09386321201632232,,,,,0.15105973334710845,O2,ccECP,avtz,CCSD(T),-31.971322295487,false,false,false,false
heat_ccecp_depth_neg_039,-0.39,yes,no,no,,0.14886873786229432,,,0.08798391020952734,,0.15654916094907287,,,0.14865257775323376,OF,ccECP,avdz,CCSD(T),-40.155230084211,false,false,false,false
heat_ccecp_depth_neg_039,-0.39,yes,no,no,,0.155814244049926,,,0.08927220471112932,,0.15144061622867688,,,0.1454958450596822,OF,ccECP,avtz,CCSD(T),-40.179640142424,false,false,false,false
heat_ccecp_depth_neg_039,-0.39,yes,no,no,,,0.040087581050578,,0.10270804774127432,,,-0.002875576500206753,,0.15604199373901287,OH,ccECP,avdz,CCSD(T),-16.543546229947,false,false,false,false
heat_ccecp_depth_neg_039,-0.39,yes,no,no,,,0.028455110689737564,,0.10471128134168667,,,-0.031374447142640725,,0.155856613152,OH,ccECP,avtz,CCSD(T),-16.558849502154,false,false,false,false
heat_ccecp_depth_neg_041,-0.41,yes,no,no,0.0328300306709093,,,,,0.12946000206546177,,,,,C,ccECP,avdz,CCSD(T),-5.412924635023,false,false,false,false
heat_ccecp_depth_neg_041,-0.41,yes,no,no,0.03567700071626833,,,,,0.17549805608037644,,,,,C,ccECP,avtz,CCSD(T),-5.418617843233,false,false,false,false
heat_ccecp_depth_neg_041,-0.41,yes,no,no,0.04245588299621733,,0.054568143161303,,,0.136200817929828,,-0.012782128520292618,,,C2H,ccECP,avdz,CCSD(T),-11.738476564141,false,false,false,false
heat_ccecp_depth_neg_041,-0.41,yes,no,no,0.04059916428185733,,0.031673830762330615,,,0.12792375562778044,,-0.050211718079949334,,,C2H,ccECP,avtz,CCSD(T),-11.759382092797,false,false,false,false
heat_ccecp_depth_neg_041,-0.41,yes,no,no,0.050776175023993994,,0.05408735369087367,,,0.11620189512487511,,-0.027398333197962046,,,C2H2,ccECP,avdz,CCSD(T),-12.460208030033,false,false,false,false
heat_ccecp_depth_neg_041,-0.41,yes,no,no,0.044309159644958664,,0.03162804763301532,,,0.11137904350908445,,-0.055144726766195994,,,C2H2,ccECP,avtz,CCSD(T),-12.482053212424,false,false,false,false
heat_ccecp_depth_neg_041,-0.41,yes,no,no,0.016141276276675068,0.15424282959330765,,,,0.14753571171521732,0.175257119191364,,,,CF,ccECP,avdz,CCSD(T),-29.818059923152,false,false,false,false
heat_ccecp_depth_neg_041,-0.41,yes,no,no,0.018407275847377474,0.16305006614300765,,,,0.13553612234646134,0.1696747002704973,,,,CF,ccECP,avtz,CCSD(T),-29.837213279395,false,false,false,false
heat_ccecp_depth_neg_041,-0.41,yes,no,no,0.03426707449520133,,0.05101718882079867,,,0.12973087884134088,,-0.04346207200503392,,,CH,ccECP,avdz,CCSD(T),-6.044836095705,false,false,false,false
heat_ccecp_depth_neg_041,-0.41,yes,no,no,0.038237480660934665,,0.03107025962786986,,,0.1306206629380658,,-0.06721945146337688,,,CH,ccECP,avtz,CCSD(T),-6.052459849398,false,false,false,false
heat_ccecp_depth_neg_041,-0.41,yes,no,no,0.027028266961363387,,0.05125078890464466,,,0.15539475171588754,,-0.035850999548020436,,,CH2,ccECP,avdz,CCSD(T),-6.713420199416,false,false,false,false
heat_ccecp_depth_neg_041,-0.41,yes,no,no,0.04463919117421633,,0.029782424230714036,,,0.11724375568659555,,-0.058237502545254664,,,CH2,ccECP,avtz,CCSD(T),-6.722203141756,false,false,false,false
heat_ccecp_depth_neg_041,-0.41,yes,no,no,0.025713904455180264,,0.05130584953077,,,0.12014624103528798,,-0.041990346446882494,,,CH3,ccECP,avdz,CCSD(T),-7.398639914227,false,false,false,false
heat_ccecp_depth_neg_041,-0.41,yes,no,no,0.04742838226131733,,0.029186441807329922,,,0.12914653688187466,,-0.05979857620365066,,,CH3,ccECP,avtz,CCSD(T),-7.408882733224,false,false,false,false
heat_ccecp_depth_neg_041,-0.41,yes,no,no,0.03757393062881299,,,0.058327714209814335,,0.14823352651882932,,,0.15573463272952132,,CN,ccECP,avdz,CCSD(T),-15.455827325634,false,false,false,false
heat_ccecp_depth_neg_041,-0.41,yes,no,no,0.0270459102467664,,,0.059841740409539,,0.1245703975613071,,,0.15187930349889286,,CN,ccECP,avtz,CCSD(T),-15.476070267836,false,false,false,false
heat_ccecp_depth_neg_041,-0.41,yes,no,no,0.025338742052073357,,,,0.09898264453719666,0.14034074947145553,,,,0.17290313625460577,CO,ccECP,avdz,CCSD(T),-21.700014318967,false,false,false,false
heat_ccecp_depth_neg_041,-0.41,yes,no,no,0.02109365867361194,,,,0.10468799766369333,0.13330281140943998,,,,0.16900508971628533,CO,ccECP,avtz,CCSD(T),-21.724729557503,false,false,false,false
heat_ccecp_depth_neg_041,-0.41,yes,no,no,0.031013477981850116,,,,0.10514618856221533,0.10606160077807644,,,,0.1645880327810342,CO2,ccECP,avdz,CCSD(T),-37.786923897402,false,false,false,false
heat_ccecp_depth_neg_041,-0.41,yes,no,no,0.02561389894490436,,,,0.113858623220655,0.093049992910064,,,,0.1622860620672622,CO2,ccECP,avtz,CCSD(T),-37.821956619341,false,false,false,false
heat_ccecp_depth_neg_041,-0.41,yes,no,no,,0.162359837260908,,,,,0.14615226448038088,,,,F,ccECP,avdz,CCSD(T),-24.189670499316,false,false,false,false
heat_ccecp_depth_neg_041,-0.41,yes,no,no,,0.16075281748570833,,,,,0.145683395816708,,,,F,ccECP,avtz,CCSD(T),-24.202099824863,false,false,false,false
heat_ccecp_depth_neg_041,-0.41,yes,no,no,,0.14622825423070432,,,,,0.17169805850596756,,,,F2,ccECP,avdz,CCSD(T),-48.457241941501,false,false,false,false
heat_ccecp_depth_neg_041,-0.41,yes,no,no,,0.14893155799405333,,,,,0.16790638941199376,,,,F2,ccECP,avtz,CCSD(T),-48.476223053189,false,false,false,false
heat_ccecp_depth_neg_041,-0.41,yes,no,no,,,0.06398759958504366,,,,,,,,H2,ccECP,avdz,CCSD(T),-1.172730348501,false,false,false,false
heat_ccecp_depth_neg_041,-0.41,yes,no,no,,,0.0314907217196254,,,,,,,,H2,ccECP,avtz,CCSD(T),-1.174617281286,false,false,false,false
heat_ccecp_depth_neg_041,-0.41,yes,no,no,,,0.03627720739037433,,0.10651402253994133,,,0.0037951900213988063,,0.167418583633808,H2O,ccECP,avdz,CCSD(T),-17.246157422857,false,false,false,false
heat_ccecp_depth_neg_041,-0.41,yes,no,no,,,0.02591115977801465,,0.11106512962410033,,,-0.014074825140895825,,0.16525209336792668,H2O,ccECP,avtz,CCSD(T),-17.259847244862,false,false,false,false
heat_ccecp_depth_neg_041,-0.41,yes,no,no,,,0.037640993694186664,,0.09701902090018033,,,0.00645534070282324,,0.15624071811759466,H2O2,ccECP,avdz,CCSD(T),-33.185479182056,false,false,false,false
heat_ccecp_depth_neg_041,-0.41,yes,no,no,,,0.027676426080916867,,0.10381806130540133,,,-0.020413727211416502,,0.1515192254693742,H2O2,ccECP,avtz,CCSD(T),-33.209535278536,false,false,false,false
heat_ccecp_depth_neg_041,-0.41,yes,no,no,0.04375566216981933,,0.04716380563634333,0.06107756990214333,,0.13639818562719244,,-0.01480323117047749,0.152768137119104,,HCN,ccECP,avdz,CCSD(T),-16.167017390846,false,false,false,false
heat_ccecp_depth_neg_041,-0.41,yes,no,no,0.037078054242533666,,0.03173611060382432,0.06718482148846533,,0.11698671816498933,,-0.03979198666991973,0.14442703274826932,,HCN,ccECP,avtz,CCSD(T),-16.187023525331,false,false,false,false
heat_ccecp_depth_neg_041,-0.41,yes,no,no,0.026221837827751646,,0.04808699445971733,,0.09795104117040666,0.1386018768716702,,-0.02688926259040976,,0.16842515372272887,HCO,ccECP,avdz,CCSD(T),-22.233649930145,false,false,false,false
heat_ccecp_depth_neg_041,-0.41,yes,no,no,0.024684670933160558,,0.028846229253866103,,0.106201668384658,0.1248079288456711,,-0.05754608693975599,,0.16830265122992577,HCO,ccECP,avtz,CCSD(T),-22.25558569568,false,false,false,false
heat_ccecp_depth_neg_041,-0.41,yes,no,no,,0.16336288911207833,0.034739727014148,,,,0.15276926730295065,0.011741727349283138,,,HF,ccECP,avdz,CCSD(T),-24.91648678527,false,false,false,false
heat_ccecp_depth_neg_041,-0.41,yes,no,no,,0.167461670683834,0.023577151530946507,,,,0.15242678923913244,-0.021715571762128898,,,HF,ccECP,avtz,CCSD(T),-24.928095072443,false,false,false,false
heat_ccecp_depth_neg_041,-0.41,yes,no,no,,,0.040710568038980335,0.05516507462029233,0.09208372264951066,,,-0.016457298866134146,0.14026791801932978,0.16777086855401288,HNO,ccECP,avdz,CCSD(T),-26.469391937957,false,false,false,false
heat_ccecp_depth_neg_041,-0.41,yes,no,no,,,0.029302188338785288,0.050480086118886665,0.097210916039491,,,-0.046514168375772,0.14274011182265064,0.16621235752055377,HNO,ccECP,avtz,CCSD(T),-26.489147582472,false,false,false,false
heat_ccecp_depth_neg_041,-0.41,yes,no,no,,,0.037958198878393995,,0.08729366578545567,,,0.002289574315858051,,0.16253437404443022,HO2,ccECP,avdz,CCSD(T),-32.539016685935,false,false,false,false
heat_ccecp_depth_neg_041,-0.41,yes,no,no,,,0.02707853698603033,,0.09394184256839766,,,-0.021569124654089143,,0.16256280935522577,HO2,ccECP,avtz,CCSD(T),-32.561700245149,false,false,false,false
heat_ccecp_depth_neg_041,-0.41,yes,no,no,,,,0.068102734962011,,,,,0.1637279812073151,,N,ccECP,avdz,CCSD(T),-9.759600621547,false,false,false,false
heat_ccecp_depth_neg_041,-0.41,yes,no,no,,,,0.06931523496778666,,,,,0.1477093519621431,,N,ccECP,avtz,CCSD(T),-9.767477293397,false,false,false,false
heat_ccecp_depth_neg_041,-0.41,yes,no,no,,,,0.06219501793924499,,,,,0.1615157312660062,,N2,ccECP,avdz,CCSD(T),-19.879682644126,false,false,false,false
heat_ccecp_depth_neg_041,-0.41,yes,no,no,,,,0.05657391098225166,,,,,0.15202321778327021,,N2,ccECP,avtz,CCSD(T),-19.903335390864,false,false,false,false
heat_ccecp_depth_neg_041,-0.41,yes,no,no,,,0.042159133861335664,0.06565082676270133,,,,-0.014048822862533006,0.1654726279663511,,NH,ccECP,avdz,CCSD(T),-10.391598704835,false,false,false,false
heat_ccecp_depth_neg_041,-0.41,yes,no,no,,,0.02928289513857566,0.069137631031993,,,,-0.033346445452955745,0.15699930961186623,,NH,ccECP,avtz,CCSD(T),-10.400623233158,false,false,false,false
heat_ccecp_depth_neg_041,-0.41,yes,no,no,,,0.04090731167908833,0.06690286432141433,,,,-0.01754700877708605,0.15083508180978977,,NH2,ccECP,avdz,CCSD(T),-11.049822732044,false,false,false,false
heat_ccecp_depth_neg_041,-0.41,yes,no,no,,,0.027588856741988757,0.06893897975413099,,,,-0.03419321262801007,0.15599588938917378,,NH2,ccECP,avtz,CCSD(T),-11.059627518278,false,false,false,false
heat_ccecp_depth_neg_041,-0.41,yes,no,no,,,0.04032885255225566,0.071014120481305,,,,-0.014273579966667858,0.14957239492051067,,NH3,ccECP,avdz,CCSD(T),-11.733371274341,false,false,false,false
heat_ccecp_depth_neg_041,-0.41,yes,no,no,,,0.025376855167436405,0.074300471923788,,,,-0.034243809543648814,0.1480966436034329,,NH3,ccECP,avtz,CCSD(T),-11.74365958118,false,false,false,false
heat_ccecp_depth_neg_041,-0.41,yes,no,no,,,,0.054073157925322995,0.09143484354020066,,,,0.1589234597940511,0.1744847393942373,NO,ccECP,avdz,CCSD(T),-25.881727407949,false,false,false,false
heat_ccecp_depth_neg_041,-0.41,yes,no,no,,,,0.048208505507044336,0.09854783286973232,,,,0.1508101716327782,0.16825125692949333,NO,ccECP,avtz,CCSD(T),-25.904208518905,false,false,false,false
heat_ccecp_depth_neg_041,-0.41,yes,no,no,,,,,0.09746895783070332,,,,,0.1634628062852253,O,ccECP,avdz,CCSD(T),-15.873343291775,false,false,false,false
heat_ccecp_depth_neg_041,-0.41,yes,no,no,,,,,0.10494741492524501,,,,,0.15704273692378132,O,ccECP,avtz,CCSD(T),-15.888431184318,false,false,false,false
heat_ccecp_depth_neg_041,-0.41,yes,no,no,,,,,0.086165478056573,,,,,0.1670811802285102,O2,ccECP,avdz,CCSD(T),-31.951394759983,false,false,false,false
heat_ccecp_depth_neg_041,-0.41,yes,no,no,,,,,0.08958426257975532,,,,,0.16674607147995021,O2,ccECP,avtz,CCSD(T),-31.974377089551,false,false,false,false
heat_ccecp_depth_neg_041,-0.41,yes,no,no,,0.144454844995871,,,0.084797194461477,,0.17392801267834623,,,0.16823089781716444,OF,ccECP,avdz,CCSD(T),-40.161870857942,false,false,false,false
heat_ccecp_depth_neg_041,-0.41,yes,no,no,,0.15223057914688298,,,0.08238782082626567,,0.17043369797746533,,,0.16504931019345512,OF,ccECP,avtz,CCSD(T),-40.183146211844,false,false,false,false
heat_ccecp_depth_neg_041,-0.41,yes,no,no,,,0.03890150442852233,,0.103891524003988,,,0.009305973390820049,,0.16426074318954845,OH,ccECP,avdz,CCSD(T),-16.545145780408,false,false,false,false
heat_ccecp_depth_neg_041,-0.41,yes,no,no,,,0.029738075199224584,,0.10597429444555234,,,-0.022920952416349234,,0.16853659798957243,OH,ccECP,avtz,CCSD(T),-16.559596688976,false,false,false,false
heat_ccecp_depth_neg_043,-0.43,yes,no,no,0.036356974858296996,,,,,0.17031427804592844,,,,,C,ccECP,avdz,CCSD(T),-5.413104217624,false,false,false,false
heat_ccecp_depth_neg_043,-0.43,yes,no,no,0.033693827588199,,,,,0.16283460686318488,,,,,C,ccECP,avtz,CCSD(T),-5.4187287782,false,false,false,false
heat_ccecp_depth_neg_043,-0.43,yes,no,no,0.03897371647925133,,0.054161019026200664,,,0.13538364832689023,,-0.010987207904016333,,,C2H,ccECP,avdz,CCSD(T),-11.741162025634,false,false,false,false
heat_ccecp_depth_neg_043,-0.43,yes,no,no,0.038383823220285995,,0.03150655677260805,,,0.13902209210267333,,-0.03684599404208089,,,C2H,ccECP,avtz,CCSD(T),-11.760552184315,false,false,false,false
heat_ccecp_depth_neg_043,-0.43,yes,no,no,0.046276789220146664,,0.054126940214091326,,,0.13868003675854443,,-0.014712046311615705,,,C2H2,ccECP,avdz,CCSD(T),-12.462871781837,false,false,false,false
heat_ccecp_depth_neg_043,-0.43,yes,no,no,0.041595432897318,,0.03195705423267617,,,0.1254265923970142,,-0.041879815566274944,,,C2H2,ccECP,avtz,CCSD(T),-12.483282579351,false,false,false,false
heat_ccecp_depth_neg_043,-0.43,yes,no,no,0.016924205130598526,0.1500964421569,,,,0.14482308787394532,0.19102758500106665,,,,CF,ccECP,avdz,CCSD(T),-29.822905575481,false,false,false,false
heat_ccecp_depth_neg_043,-0.43,yes,no,no,0.01697116470657668,0.16053866453840732,,,,0.12665184894564221,0.18614908496808577,,,,CF,ccECP,avtz,CCSD(T),-29.839629755287,false,false,false,false
heat_ccecp_depth_neg_043,-0.43,yes,no,no,0.029363722940363008,,0.05061093898421033,,,0.15758464314351597,,-0.025262805447547665,,,CH,ccECP,avdz,CCSD(T),-6.045525715175,false,false,false,false
heat_ccecp_depth_neg_043,-0.43,yes,no,no,0.03939871831731633,,0.029577229981234274,,,0.15080695722555065,,-0.05582772708470044,,,CH,ccECP,avtz,CCSD(T),-6.052733239024,false,false,false,false
heat_ccecp_depth_neg_043,-0.43,yes,no,no,0.02743053086824417,,0.051686759523218335,,,0.14600736451160534,,-0.02351068409299181,,,CH2,ccECP,avdz,CCSD(T),-6.714209275807,false,false,false,false
heat_ccecp_depth_neg_043,-0.43,yes,no,no,0.04474084450577799,,0.030557002271813898,,,0.1440247019812813,,-0.045564239352172,,,CH2,ccECP,avtz,CCSD(T),-6.722581401272,false,false,false,false
heat_ccecp_depth_neg_043,-0.43,yes,no,no,0.022184280683577494,,0.05102915646663034,,,0.14817793901010842,,-0.02831907686183044,,,CH3,ccECP,avdz,CCSD(T),-7.399616324018,false,false,false,false
heat_ccecp_depth_neg_043,-0.43,yes,no,no,0.04447906410404799,,0.028748158138187988,,,0.12382650132325557,,-0.05004878141995822,,,CH3,ccECP,avtz,CCSD(T),-7.409352029411,false,false,false,false
heat_ccecp_depth_neg_043,-0.43,yes,no,no,0.037353840242440664,,,0.05583468742906267,,0.1548150840943222,,,0.16244929384949286,,CN,ccECP,avdz,CCSD(T),-15.458782804153,false,false,false,false
heat_ccecp_depth_neg_043,-0.43,yes,no,no,0.02608195364882019,,,0.062093399850023,,0.15801303886011112,,,0.16136263611374976,,CN,ccECP,avtz,CCSD(T),-15.4776820504,false,false,false,false
heat_ccecp_depth_neg_043,-0.43,yes,no,no,0.026219909220455723,,,,0.09683776135433633,0.171820434661976,,,,0.1870410574696191,CO,ccECP,avdz,CCSD(T),-21.704168870197,false,false,false,false
heat_ccecp_depth_neg_043,-0.43,yes,no,no,0.018020617223810334,,,,0.10227969295390733,0.13949338306938178,,,,0.18625034317938266,CO,ccECP,avtz,CCSD(T),-21.726732293726,false,false,false,false
heat_ccecp_depth_neg_043,-0.43,yes,no,no,0.030007977220307368,,,,0.10270609753072499,0.12211719983694357,,,,0.18153890303533998,CO2,ccECP,avdz,CCSD(T),-37.79450371537,false,false,false,false
heat_ccecp_depth_neg_043,-0.43,yes,no,no,0.028486793661140725,,,,0.110925425465864,0.10422343465816532,,,,0.17692606723542312,CO2,ccECP,avtz,CCSD(T),-37.826064428212,false,false,false,false
heat_ccecp_depth_neg_043,-0.43,yes,no,no,,0.15728436099051932,,,,,0.1524927393902369,,,,F,ccECP,avdz,CCSD(T),-24.190725738935,false,false,false,false
heat_ccecp_depth_neg_043,-0.43,yes,no,no,,0.16086317446073267,,,,,0.14976198917916042,,,,F,ccECP,avtz,CCSD(T),-24.202558301749,false,false,false,false
heat_ccecp_depth_neg_043,-0.43,yes,no,no,,0.14352712772943366,,,,,0.18979834303648932,,,,F2,ccECP,avdz,CCSD(T),-48.464826515826,false,false,false,false
heat_ccecp_depth_neg_043,-0.43,yes,no,no,,0.14512981593928798,,,,,0.18668295674134575,,,,F2,ccECP,avtz,CCSD(T),-48.4803888686,false,false,false,false
heat_ccecp_depth_neg_043,-0.43,yes,no,no,,,0.064982073316463,,,,,,,,H2,ccECP,avdz,CCSD(T),-1.172751234565,false,false,false,false
heat_ccecp_depth_neg_043,-0.43,yes,no,no,,,0.032051803024305485,,,,,,,,H2,ccECP,avtz,CCSD(T),-1.174599534405,false,false,false,false
heat_ccecp_depth_neg_043,-0.43,yes,no,no,,,0.036092970695799996,,0.104977233731905,,,0.01509665250156751,,0.1750439518457391,H2O,ccECP,avdz,CCSD(T),-17.248111924295,false,false,false,false
heat_ccecp_depth_neg_043,-0.43,yes,no,no,,,0.025642614287203398,,0.108376460822796,,,-0.009000948293354516,,0.1749520513483751,H2O,ccECP,avtz,CCSD(T),-17.260915103665,false,false,false,false
heat_ccecp_depth_neg_043,-0.43,yes,no,no,,,0.03656223417300167,,0.09511464884680933,,,0.018372633143716507,,0.17274384595748354,H2O2,ccECP,avdz,CCSD(T),-33.192924462817,false,false,false,false
heat_ccecp_depth_neg_043,-0.43,yes,no,no,,,0.026494736437664552,,0.10101874357758833,,,-0.008037048616636787,,0.16999875685916577,H2O2,ccECP,avtz,CCSD(T),-33.212816618334,false,false,false,false
heat_ccecp_depth_neg_043,-0.43,yes,no,no,0.04262071751894067,,0.047932325118221666,0.05828633312114666,,0.13755253662140488,,-0.005079202512761831,0.16298315952276934,,HCN,ccECP,avdz,CCSD(T),-16.170525092308,false,false,false,false
heat_ccecp_depth_neg_043,-0.43,yes,no,no,0.034927659329494,,0.03299953548177435,0.06699800851009233,,0.13924573492228223,,-0.033941145788019475,0.16047277186564532,,HCN,ccECP,avtz,CCSD(T),-16.188802585201,false,false,false,false
heat_ccecp_depth_neg_043,-0.43,yes,no,no,0.026776699796021226,,0.04843031835859033,,0.09251721253737033,0.13988807688304353,,-0.01631484479972271,,0.18298660343081688,HCO,ccECP,avdz,CCSD(T),-22.238271349213,false,false,false,false
heat_ccecp_depth_neg_043,-0.43,yes,no,no,0.0237707201236132,,0.02924475858539624,,0.10581819543472933,0.13638705722109998,,-0.03940190019068662,,0.1808585658761991,HCO,ccECP,avtz,CCSD(T),-22.257682687634,false,false,false,false
heat_ccecp_depth_neg_043,-0.43,yes,no,no,,0.16286245875779232,0.035841879115436,,,,0.1593620525100511,0.014478837300485811,,,HF,ccECP,avdz,CCSD(T),-24.917646904468,false,false,false,false
heat_ccecp_depth_neg_043,-0.43,yes,no,no,,0.16607254886460032,0.0232500685714131,,,,0.15748776275635065,-0.01541264478227018,,,HF,ccECP,avtz,CCSD(T),-24.928881292899,false,false,false,false
heat_ccecp_depth_neg_043,-0.43,yes,no,no,,,0.040114667237663666,0.05202326922069467,0.08784320598646034,,,-0.009276163987703234,0.15802554720905065,0.18801752304506533,HNO,ccECP,avdz,CCSD(T),-26.475244169375,false,false,false,false
heat_ccecp_depth_neg_043,-0.43,yes,no,no,,,0.028298614125831123,0.050732979302177995,0.09478268117990565,,,-0.02985443231790998,0.1529653062485271,0.18091224173377554,HNO,ccECP,avtz,CCSD(T),-26.492181917672,false,false,false,false
heat_ccecp_depth_neg_043,-0.43,yes,no,no,,,0.03655073129395433,,0.08444159808778601,,,0.019580641424404552,,0.18450080358907822,HO2,ccECP,avdz,CCSD(T),-32.545561201527,false,false,false,false
heat_ccecp_depth_neg_043,-0.43,yes,no,no,,,0.02536129899840471,,0.09028846931172832,,,-0.007163322765130862,,0.17799654825750177,HO2,ccECP,avtz,CCSD(T),-32.565324086635,false,false,false,false
heat_ccecp_depth_neg_043,-0.43,yes,no,no,,,,0.06625447974367299,,,,,0.16693209839912398,,N,ccECP,avdz,CCSD(T),-9.760261269503,false,false,false,false
heat_ccecp_depth_neg_043,-0.43,yes,no,no,,,,0.06816507237586933,,,,,0.16561720667721644,,N,ccECP,avtz,CCSD(T),-9.767664265017,false,false,false,false
heat_ccecp_depth_neg_043,-0.43,yes,no,no,,,,0.059491828736055664,,,,,0.17705244362689376,,N2,ccECP,avdz,CCSD(T),-19.883937682589,false,false,false,false
heat_ccecp_depth_neg_043,-0.43,yes,no,no,,,,0.053594740071688664,,,,,0.1689661472535338,,N2,ccECP,avtz,CCSD(T),-19.905376667088,false,false,false,false
heat_ccecp_depth_neg_043,-0.43,yes,no,no,,,0.04283831094483767,0.066903018578909,,,,0.00016807572722938937,0.16054119150443288,,NH,ccECP,avdz,CCSD(T),-10.392759829471,false,false,false,false
heat_ccecp_depth_neg_043,-0.43,yes,no,no,,,0.029076186019830037,0.06789412963447533,,,,-0.0198452967205933,0.16546521249718843,,NH,ccECP,avtz,CCSD(T),-10.401089033721,false,false,false,false
heat_ccecp_depth_neg_043,-0.43,yes,no,no,,,0.041501591584779327,0.06481053582278899,,,,-0.0010116406121459696,0.16261195399274933,,NH2,ccECP,avdz,CCSD(T),-11.051273226893,false,false,false,false
heat_ccecp_depth_neg_043,-0.43,yes,no,no,,,0.02773369138582452,0.06919919352592066,,,,-0.02016716677496753,0.16713375938230265,,NH2,ccECP,avtz,CCSD(T),-11.060273312196,false,false,false,false
heat_ccecp_depth_neg_043,-0.43,yes,no,no,,,0.03971146700697767,0.06958613746602366,,,,-0.0018711617050472724,0.15698443106418755,,NH3,ccECP,avdz,CCSD(T),-11.73505880254,false,false,false,false
heat_ccecp_depth_neg_043,-0.43,yes,no,no,,,0.025777124290668592,0.07463284989473366,,,,-0.023336209241652264,0.16176838910645466,,NH3,ccECP,avtz,CCSD(T),-11.744544449977,false,false,false,false
heat_ccecp_depth_neg_043,-0.43,yes,no,no,,,,0.04877132626032733,0.09071897583604199,,,,0.17141262252615022,0.18973794729417198,NO,ccECP,avdz,CCSD(T),-25.886875731418,false,false,false,false
heat_ccecp_depth_neg_043,-0.43,yes,no,no,,,,0.044894650374977,0.09530552774413066,,,,0.16212721810555245,0.18678579465667378,NO,ccECP,avtz,CCSD(T),-25.906959542982,false,false,false,false
heat_ccecp_depth_neg_043,-0.43,yes,no,no,,,,,0.101600934293543,,,,,0.16814935002741732,O,ccECP,avdz,CCSD(T),-15.874064094021,false,false,false,false
heat_ccecp_depth_neg_043,-0.43,yes,no,no,,,,,0.10050117451767167,,,,,0.17162040452661867,O,ccECP,avtz,CCSD(T),-15.88880042714,false,false,false,false
heat_ccecp_depth_neg_043,-0.43,yes,no,no,,,,,0.08416876449118199,,,,,0.18250450233802754,O2,ccECP,avdz,CCSD(T),-31.957621788245,false,false,false,false
heat_ccecp_depth_neg_043,-0.43,yes,no,no,,,,,0.088165581070353,,,,,0.1835238739503111,O2,ccECP,avtz,CCSD(T),-31.977844116487,false,false,false,false
heat_ccecp_depth_neg_043,-0.43,yes,no,no,,0.14253641254398966,,,0.08184033964696466,,0.19063760265862845,,,0.18413326982031733,OF,ccECP,avdz,CCSD(T),-40.168717442161,false,false,false,false
heat_ccecp_depth_neg_043,-0.43,yes,no,no,,0.148433910989284,,,0.08353869812731265,,0.18733869025988487,,,0.18100883922979374,OF,ccECP,avtz,CCSD(T),-40.186925514188,false,false,false,false
heat_ccecp_depth_neg_043,-0.43,yes,no,no,,,0.03997219369233333,,0.10276746645324433,,,0.015910416192726717,,0.1714677098716942,OH,ccECP,avdz,CCSD(T),-16.546254810481,false,false,false,false
heat_ccecp_depth_neg_043,-0.43,yes,no,no,,,0.029669981172533683,,0.10350673764476866,,,-0.010670231289480527,,0.17192821157188665,OH,ccECP,avtz,CCSD(T),-16.560193765888,false,false,false,false
heat_default,-0.48018326293531355,no,no,no,0.03202052034317371,,,,,0.19533927045611066,,,,,C,eCEPP,avdz,CCSD(T),-5.417985837144,false,false,false,false
heat_default,-0.4831348615738965,no,no,no,0.030071298185106277,,,,,0.17885108531220043,,,,,C,eCEPP,avtz,CCSD(T),-5.421505862259,false,false,false,false
heat_default,-0.40397119986990454,no,no,no,0.026579292507957448,,0.05711075241213233,,,0.13216338006891376,,-0.006889193688597906,,,C2H,eCEPP,avdz,CCSD(T),-11.737290277006,false,false,false,false
heat_default,-0.40462544137175405,no,no,no,0.027636883032538435,,0.030705689670145357,,,0.11464665050775245,,-0.047104506421728,,,C2H,eCEPP,avtz,CCSD(T),-11.75974840773,false,false,false,false
heat_default,-0.41830213900180646,no,no,no,0.03338854529521067,,0.05646147132689566,,,0.12839170476181555,,-0.0017307489011234546,,,C2H2,eCEPP,avdz,CCSD(T),-12.458784691492,false,false,false,false
heat_default,-0.416246177083503,no,no,no,0.03323464210938236,,0.03157680451979085,,,0.12247892001406267,,-0.041435591543157145,,,C2H2,eCEPP,avtz,CCSD(T),-12.482050451965,false,false,false,false
heat_default,-0.332646520210797,no,no,no,0.019453502226077547,0.16632251220726132,,,,0.05786817191502178,0.11092223352760178,,,,CF,eCEPP,avdz,CCSD(T),-29.755714321768,false,false,false,false
heat_default,-0.33910516602371854,no,no,no,0.019752003067557332,0.17453272270123132,,,,0.06561847601107688,0.11284922467529866,,,,CF,eCEPP,avtz,CCSD(T),-29.783559586923,false,false,false,false
heat_default,-0.4678080075420915,no,no,no,0.028608600157611828,,0.05506612368321066,,,0.16918537813123377,,0.010645549544427941,,,CH,eCEPP,avdz,CCSD(T),-6.048606338172,false,false,false,false
heat_default,-0.4657811219914125,no,no,no,0.03212380887368022,,0.026405096096239315,,,0.15047283661709912,,-0.023518929987490746,,,CH,eCEPP,avtz,CCSD(T),-6.054742268946,false,false,false,false
heat_default,-0.433020006687213,no,no,no,0.025060824560127346,,0.05510737371469633,,,0.15613106806033733,,0.0020453179185200994,,,CH2,eCEPP,avdz,CCSD(T),-6.713667078432,false,false,false,false
heat_default,-0.4272097493204655,no,no,no,0.034751926173955665,,0.027472486734743604,,,0.14102519561515733,,-0.03619879674544022,,,CH2,eCEPP,avtz,CCSD(T),-6.722915555735,false,false,false,false
heat_default,-0.4407472356708795,no,no,no,0.020748839448382475,,0.053510790044233994,,,0.15218516503690843,,-0.0018783007007870858,,,CH3,eCEPP,avdz,CCSD(T),-7.397663738222,false,false,false,false
heat_default,-0.43228167720873145,no,no,no,0.035633218528696664,,0.027625204204664792,,,0.13108810634834,,-0.03960271564975866,,,CH3,eCEPP,avtz,CCSD(T),-7.408988761898,false,false,false,false
heat_default,-0.3705392189961555,no,no,no,0.02492697661931985,,,0.05657095439687199,,0.11871753659915556,,,0.12790302499599956,,CN,eCEPP,avdz,CCSD(T),-15.451228179483,false,false,false,false
heat_default,-0.37021708295663847,no,no,no,0.020178902954285524,,,0.05974683373563,,0.11179477736740222,,,0.1161660661259511,,CN,eCEPP,avtz,CCSD(T),-15.473804664023,false,false,false,false
heat_default,-0.353471450319375,no,no,no,0.02221177244146537,,,,0.10338497256550533,0.09976173883774798,,,,0.12991572683440844,CO,eCEPP,avdz,CCSD(T),-21.653383559949,false,false,false,false
heat_default,-0.3555517254844065,no,no,no,0.016304324829183724,,,,0.10656997416519533,0.083919482905836,,,,0.1314198058948542,CO,eCEPP,avtz,CCSD(T),-21.68259419119,false,false,false,false
heat_default,-0.352329911051643,no,no,no,0.023589646019949534,,,,0.10857724979644534,0.06733224207805645,,,,0.12157707096937821,CO2,eCEPP,avdz,CCSD(T),-37.691124732416,false,false,false,false
heat_default,-0.358446640070118,no,no,no,0.020027275063854696,,,,0.11433347311021566,0.042697716339119125,,,,0.12416782547150755,CO2,eCEPP,avtz,CCSD(T),-37.737884590441,false,false,false,false
heat_default,-0.303967656280962,no,no,no,,0.16408867400989566,,,,,0.12101239961746356,,,,F,eCEPP,avdz,CCSD(T),-24.13830496494,false,false,false,false
heat_default,-0.3044142505745985,no,no,no,,0.163130412326996,,,,,0.11914192670272089,,,,F,eCEPP,avtz,CCSD(T),-24.15282023075,false,false,false,false
heat_default,-0.326188875950691,no,no,no,,0.162082821116311,,,,,0.0961387001693911,,,,F2,eCEPP,avdz,CCSD(T),-48.331884075321,false,false,false,false
heat_default,-0.33067561155181346,no,no,no,,0.16365636407676998,,,,,0.098165578032772,,,,F2,eCEPP,avtz,CCSD(T),-48.367447573577,false,false,false,false
heat_default,-0.7438236307230199,no,no,no,,,0.07269502759232865,,,,,,,,H2,eCEPP,avdz,CCSD(T),-1.169617373675,false,false,false,false
heat_default,-0.7177610848990439,no,no,no,,,0.028341678141763294,,,,,,,,H2,eCEPP,avtz,CCSD(T),-1.174042698691,false,false,false,false
heat_default,-0.3519725139253095,no,no,no,,,0.040223875183109,,0.09910749916601166,,,0.0011699389348392715,,0.1342586930588622,H2O,eCEPP,avdz,CCSD(T),-17.199265976929,false,false,false,false
heat_default,-0.35080989928149003,no,no,no,,,0.0321785832280453,,0.10784635334380734,,,-0.024391563013713202,,0.13699223509393776,H2O,eCEPP,avtz,CCSD(T),-17.219062460519,false,false,false,false
heat_default,-0.35645566900597503,no,no,no,,,0.04630475612524666,,0.100985084655719,,,-0.01809579977887424,,0.11126648919489421,H2O2,eCEPP,avdz,CCSD(T),-33.088479863862,false,false,false,false
heat_default,-0.361399502944977,no,no,no,,,0.03701503129451367,,0.10551849543108634,,,-0.04202298571403364,,0.11347797271342755,H2O2,eCEPP,avtz,CCSD(T),-33.126080441373,false,false,false,false
heat_default,-0.38375235944316904,no,no,no,0.02690137289886745,,0.05527576162586133,0.05676906351835333,,0.11235253090534487,,-0.008013854252136843,0.13775254727666533,,HCN,eCEPP,avdz,CCSD(T),-16.160380590271,false,false,false,false
heat_default,-0.38243458253863344,no,no,no,0.026839532694929627,,0.029787103537220506,0.061749705163458,,0.10328059163723022,,-0.04372025581685752,0.1262337700670471,,HCN,eCEPP,avtz,CCSD(T),-16.184350961118,false,false,false,false
heat_default,-0.35454000202162794,no,no,no,0.022602753407349914,,0.053991399021874,,0.10011057462967833,0.08574302819311644,,-0.04352418752681225,,0.12661165355403867,HCO,eCEPP,avdz,CCSD(T),-22.184399451486,false,false,false,false
heat_default,-0.357614889064146,no,no,no,0.020836642217185,,0.02746545612300387,,0.10900261458251,0.077722831933532,,-0.08051638115430888,,0.12414345442807999,HCO,eCEPP,avtz,CCSD(T),-22.213123648399,false,false,false,false
heat_default,-0.31809137756944195,no,no,no,,0.16531367147117199,0.052798006981813,,,,0.11984850108827956,-0.006069656622769827,,,HF,eCEPP,avdz,CCSD(T),-24.858973645564,false,false,false,false
heat_default,-0.315063833897826,no,no,no,,0.16963377786477332,0.03383738262010033,,,,0.12112880993647332,-0.02770504393630159,,,HF,eCEPP,avtz,CCSD(T),-24.877064701175,false,false,false,false
heat_default,-0.344176288014177,no,no,no,,,0.048264086498940664,0.05294772055955333,0.09479782758485733,,,-0.049144688389612,0.0947532896833391,0.11762152712771244,HNO,eCEPP,avdz,CCSD(T),-26.414456209665,false,false,false,false
heat_default,-0.348890847282774,no,no,no,,,0.030304003506917553,0.053054429500904665,0.100201287273195,,,-0.06511233682453467,0.09430173886218889,0.1164130075631951,HNO,eCEPP,avtz,CCSD(T),-26.443883625129,false,false,false,false
heat_default,-0.3385935162955125,no,no,no,,,0.045533801266986,,0.09407401228170233,,,-0.02502259984552681,,0.10226470451779245,HO2,eCEPP,avdz,CCSD(T),-32.441312576597,false,false,false,false
heat_default,-0.34335407233133847,no,no,no,,,0.035665467046430664,,0.09792210743991599,,,-0.04878424353642844,,0.10627727705923244,HO2,eCEPP,avtz,CCSD(T),-32.476985869103,false,false,false,false
heat_default,-0.37687990098916796,no,no,no,,,,0.06359444438129333,,,,,0.152358265742684,,N,eCEPP,avdz,CCSD(T),-9.761736086503,false,false,false,false
heat_default,-0.37616272877002954,no,no,no,,,,0.060723987694626336,,,,,0.15026577850350445,,N,eCEPP,avtz,CCSD(T),-9.76931430561,false,false,false,false
heat_default,-0.36276890329448996,no,no,no,,,,0.05469198727454767,,,,,0.13272548056486533,,N2,eCEPP,avdz,CCSD(T),-19.871543011649,false,false,false,false
heat_default,-0.3586131357254625,no,no,no,,,,0.05292087304946567,,,,,0.12327721214529466,,N2,eCEPP,avtz,CCSD(T),-19.89776161527,false,false,false,false
heat_default,-0.3873939207553245,no,no,no,,,0.050106846312335335,0.06145543947458566,,,,-0.00641762794988239,0.15195309004339688,,NH,eCEPP,avdz,CCSD(T),-10.390038524149,false,false,false,false
heat_default,-0.3844759790718795,no,no,no,,,0.029438420275127417,0.06263106901257899,,,,-0.026000171703936998,0.1466962903826849,,NH,eCEPP,avtz,CCSD(T),-10.400383205229,false,false,false,false
heat_default,-0.39047048156094605,no,no,no,,,0.048257910633725004,0.05870429795487733,,,,-0.004145738075544348,0.14431445984804397,,NH2,eCEPP,avdz,CCSD(T),-11.044650848976,false,false,false,false
heat_default,-0.38589138071371354,no,no,no,,,0.029131802615426576,0.061802674817669,,,,-0.029304108738916274,0.14170248636678665,,NH2,eCEPP,avtz,CCSD(T),-11.057679336699,false,false,false,false
heat_default,-0.3915250132686585,no,no,no,,,0.04806594970192633,0.05811366765024667,,,,-0.0029567948312790573,0.14587545803555732,,NH3,eCEPP,avdz,CCSD(T),-11.723935758305,false,false,false,false
heat_default,-0.38523314385389545,no,no,no,,,0.029571218415504315,0.06571325323869,,,,-0.031237985908140208,0.13995183931849733,,NH3,eCEPP,avtz,CCSD(T),-11.739767156441,false,false,false,false
heat_default,-0.338669136995457,no,no,no,,,,0.05186765611610267,0.09706053372802766,,,,0.10943413900197377,0.11601399722131822,NO,eCEPP,avdz,CCSD(T),-25.830047446024,false,false,false,false
heat_default,-0.34155314453871455,no,no,no,,,,0.049776392602609666,0.10167665906653933,,,,0.09760409177480045,0.11559738412124487,NO,eCEPP,avtz,CCSD(T),-25.85963731021,false,false,false,false
heat_default,-0.335723102228745,no,no,no,,,,,0.099731029697759,,,,,0.140443130955656,O,eCEPP,avdz,CCSD(T),-15.834642452187,false,false,false,false
heat_default,-0.3359275375769355,no,no,no,,,,,0.09875096630283699,,,,,0.13618185943508443,O,eCEPP,avtz,CCSD(T),-15.85073574114,false,false,false,false
heat_default,-0.32474040749845956,no,no,no,,,,,0.09387190688033199,,,,,0.09918856720111556,O2,eCEPP,avdz,CCSD(T),-31.856100371637,false,false,false,false
heat_default,-0.329911618707615,no,no,no,,,,,0.09824564819104865,,,,,0.10159649917737067,O2,eCEPP,avtz,CCSD(T),-31.889748852369,false,false,false,false
heat_default,-0.3260029466005575,no,no,no,,0.15921321094001734,,,0.09596913011107633,,0.10025551629062933,,,0.0922011772895031,OF,eCEPP,avdz,CCSD(T),-40.051097305575,false,false,false,false
heat_default,-0.331205231017677,no,no,no,,0.16632218230656598,,,0.09555746380675167,,0.10190581227209777,,,0.09286271003489556,OF,eCEPP,avtz,CCSD(T),-40.08641898472,false,false,false,false
heat_default,-0.34663609396672646,no,no,no,,,0.042676364894238664,,0.09868579692336367,,,-0.0005721358007950342,,0.13783020290355555,OH,eCEPP,avdz,CCSD(T),-16.501905559163,false,false,false,false
heat_default,-0.34689457038161253,no,no,no,,,0.0329312356740364,,0.10102898447486466,,,-0.03163554299890421,,0.1397208357404649,OH,eCEPP,avtz,CCSD(T),-16.520342794433,false,false,false,false
heat_depth_0,0.0,yes,no,no,0.03679104120304366,,,,,-0.08538651408175645,,,,,C,eCEPP,avdz,CCSD(T),-5.417351284057,false,false,false,false
heat_depth_0,0.0,yes,no,no,0.039175842504832664,,,,,-0.09852855596428445,,,,,C,eCEPP,avtz,CCSD(T),-5.422462227479,false,false,false,false
heat_depth_0,0.0,yes,no,no,0.05436691268970667,,0.05605069779657533,,,-0.17284183062962755,,-0.28011523268961597,,,C2H,eCEPP,avdz,CCSD(T),-11.717135227568,false,false,false,false
heat_depth_0,0.0,yes,no,no,0.057426206737594,,0.03001922518072599,,,-0.18219131793513868,,-0.3216782435579209,,,C2H,eCEPP,avtz,CCSD(T),-11.752596763325,false,false,false,false
heat_depth_0,0.0,yes,no,no,0.06463225300809233,,0.056039990038386,,,-0.17019424343639422,,-0.28884838993859774,,,C2H2,eCEPP,avdz,CCSD(T),-12.43380812508,false,false,false,false
heat_depth_0,0.0,yes,no,no,0.062176635763029994,,0.030205100245580888,,,-0.1880835077728111,,-0.3258038261569666,,,C2H2,eCEPP,avtz,CCSD(T),-12.474436695999,false,false,false,false
heat_depth_0,0.0,yes,no,no,0.03879940350868233,0.206537557735462,,,,-0.18073973125054887,-0.16877027792611468,,,,CF,eCEPP,avdz,CCSD(T),-29.735605226284,false,false,false,false
heat_depth_0,0.0,yes,no,no,0.04136146269970233,0.2158823471973063,,,,-0.19168238432296178,-0.17546963941071378,,,,CF,eCEPP,avtz,CCSD(T),-29.775608949463,false,false,false,false
heat_depth_0,0.0,yes,no,no,0.03698054373028767,,0.05266896665587466,,,-0.12317544590010267,,-0.272099749789404,,,CH,eCEPP,avdz,CCSD(T),-6.042178294997,false,false,false,false
heat_depth_0,0.0,yes,no,no,0.03939749974988099,,0.025299680368234063,,,-0.1393367230582142,,-0.3022051518730302,,,CH,eCEPP,avtz,CCSD(T),-6.053396630341,false,false,false,false
heat_depth_0,0.0,yes,no,no,0.03845827084867633,,0.05495067393308534,,,-0.12221165777315912,,-0.2921358486749729,,,CH2,eCEPP,avdz,CCSD(T),-6.705080344893,false,false,false,false
heat_depth_0,0.0,yes,no,no,0.048403707277416,,0.02781335309720652,,,-0.1580034531155982,,-0.32135938155848176,,,CH2,eCEPP,avtz,CCSD(T),-6.721155403276,false,false,false,false
heat_depth_0,0.0,yes,no,no,0.04021657557035533,,0.054886056683818,,,-0.17717807860537776,,-0.3072346141265862,,,CH3,eCEPP,avdz,CCSD(T),-7.384842406769,false,false,false,false
heat_depth_0,0.0,yes,no,no,0.05176013153950033,,0.028455900462084283,,,-0.1730384447063902,,-0.33426201586554355,,,CH3,eCEPP,avtz,CCSD(T),-7.406925267775,false,false,false,false
heat_depth_0,0.0,yes,no,no,0.054739734049483,,,0.08226898257661266,,-0.16455294568782222,,,-0.15714059383628445,,CN,eCEPP,avdz,CCSD(T),-15.433059715418,false,false,false,false
heat_depth_0,0.0,yes,no,no,0.052250863683398666,,,0.085425107415394,,-0.17397805259646354,,,-0.1603405605508142,,CN,eCEPP,avtz,CCSD(T),-15.466308556906,false,false,false,false
heat_depth_0,0.0,yes,no,no,0.04418762093802367,,,,0.13726181270309298,-0.173256837731552,,,,-0.15242519654920267,CO,eCEPP,avdz,CCSD(T),-21.632054737207,false,false,false,false
heat_depth_0,0.0,yes,no,no,0.038018620326873,,,,0.141720650683038,-0.17015327548269465,,,,-0.15197866559246534,CO,eCEPP,avtz,CCSD(T),-21.673358139464,false,false,false,false
heat_depth_0,0.0,yes,no,no,0.04879928092355766,,,,0.1412853841313843,-0.19851179982433864,,,,-0.17050530740029066,CO2,eCEPP,avdz,CCSD(T),-37.657035988751,false,false,false,false
heat_depth_0,0.0,yes,no,no,0.047989896225523666,,,,0.14777177501652633,-0.21638706544516711,,,,-0.17542089155268578,CO2,eCEPP,avtz,CCSD(T),-37.7227497741,false,false,false,false
heat_depth_0,0.0,yes,no,no,,0.18377338934987333,,,,,-0.003610656997620846,,,,F,eCEPP,avdz,CCSD(T),-24.13067488594,false,false,false,false
heat_depth_0,0.0,yes,no,no,,0.172099813068756,,,,,-0.00014004492977382356,,,,F,eCEPP,avtz,CCSD(T),-24.147037833395,false,false,false,false
heat_depth_0,0.0,yes,no,no,,0.20600216253950332,,,,,-0.20331315318758844,,,,F2,eCEPP,avdz,CCSD(T),-48.296366986719,false,false,false,false
heat_depth_0,0.0,yes,no,no,,0.2067652686503853,,,,,-0.20685689509546354,,,,F2,eCEPP,avtz,CCSD(T),-48.356049316711,false,false,false,false
heat_depth_0,0.0,yes,no,no,,,0.06832301387077766,,,,,,,,H2,eCEPP,avdz,CCSD(T),-1.169947400022,false,false,false,false
heat_depth_0,0.0,yes,no,no,,,0.024949231364678887,,,,,,,,H2,eCEPP,avtz,CCSD(T),-1.174249000385,false,false,false,false
heat_depth_0,0.0,yes,no,no,,,0.041503952811678,,0.11952420870597766,,,-0.19257666004549465,,-0.09300514759891822,H2O,eCEPP,avdz,CCSD(T),-17.182189395099,false,false,false,false
heat_depth_0,0.0,yes,no,no,,,0.03287144476115638,,0.12829782829619266,,,-0.2147176480193964,,-0.09235124798006356,H2O,eCEPP,avtz,CCSD(T),-17.213703916168,false,false,false,false
heat_depth_0,0.0,yes,no,no,,,0.060289901233151325,,0.14131457946785933,,,-0.27646884403803285,,-0.20285994837359955,H2O2,eCEPP,avdz,CCSD(T),-33.055172920673,false,false,false,false
heat_depth_0,0.0,yes,no,no,,,0.05157864419827466,,0.14930114918266932,,,-0.30540984930358933,,-0.20649694337604665,H2O2,eCEPP,avtz,CCSD(T),-33.110361999567,false,false,false,false
heat_depth_0,0.0,yes,no,no,0.060470360947358665,,0.053887828199804325,0.08587171879915101,,-0.16771153517819287,,-0.2683803208231804,-0.1677271383033,,HCN,eCEPP,avdz,CCSD(T),-16.137414913481,false,false,false,false
heat_depth_0,0.0,yes,no,no,0.05845912849179467,,0.02906364065985742,0.08813364913392299,,-0.18614051019446134,,-0.31247183971125864,-0.17157677293008666,,HCN,eCEPP,avtz,CCSD(T),-16.17640875711,false,false,false,false
heat_depth_0,0.0,yes,no,no,0.05138400097141666,,0.05534702573745533,,0.13867093616961465,-0.18883085626702312,,-0.30469632133371555,,-0.1687489765386142,HCO,eCEPP,avdz,CCSD(T),-22.162276447899,false,false,false,false
heat_depth_0,0.0,yes,no,no,0.051184128338624665,,0.029516822748703625,,0.1462627591509073,-0.20082614129746265,,-0.33965145724339335,,-0.1729800194620769,HCO,eCEPP,avtz,CCSD(T),-22.203971394314,false,false,false,false
heat_depth_0,0.0,yes,no,no,,0.178876219577631,0.05627995787999833,,,,-0.040768531368516076,-0.1319268041162151,,,HF,eCEPP,avdz,CCSD(T),-24.842204097968,false,false,false,false
heat_depth_0,0.0,yes,no,no,,0.184583246143049,0.036290361396102,,,,-0.03840514706584007,-0.15218719855700177,,,HF,eCEPP,avtz,CCSD(T),-24.869237990303,false,false,false,false
heat_depth_0,0.0,yes,no,no,,,0.050610174211393334,0.09059763276988266,0.135199422590125,,,-0.3109886848249,-0.19484702530260756,-0.18201638918538843,HNO,eCEPP,avdz,CCSD(T),-26.390963044786,false,false,false,false
heat_depth_0,0.0,yes,no,no,,,0.03310344526445231,0.08995822362060299,0.141291867470464,,,-0.3332838571535,-0.20106902950612843,-0.18330013827414,HNO,eCEPP,avtz,CCSD(T),-26.433629633127,false,false,false,false
heat_depth_0,0.0,yes,no,no,,,0.057395908099932,,0.13559263421163464,,,-0.2791152803570493,,-0.19594375405622355,HO2,eCEPP,avdz,CCSD(T),-32.413583586825,false,false,false,false
heat_depth_0,0.0,yes,no,no,,,0.047924607457741,,0.141357997623324,,,-0.30519725822852356,,-0.196028087395248,HO2,eCEPP,avtz,CCSD(T),-32.464041365707,false,false,false,false
heat_depth_0,0.0,yes,no,no,,,,0.06973178659509599,,,,,-0.06062575495248622,,N,eCEPP,avdz,CCSD(T),-9.764648801557,false,false,false,false
heat_depth_0,0.0,yes,no,no,,,,0.06972656694681033,,,,,-0.05688359635825155,,N,eCEPP,avtz,CCSD(T),-9.772035839862,false,false,false,false
heat_depth_0,0.0,yes,no,no,,,,0.08380544918561467,,,,,-0.1536684848816662,,N2,eCEPP,avdz,CCSD(T),-19.855334500785,false,false,false,false
heat_depth_0,0.0,yes,no,no,,,,0.08177753090013166,,,,,-0.16338602126043467,,N2,eCEPP,avtz,CCSD(T),-19.888996603144,false,false,false,false
heat_depth_0,0.0,yes,no,no,,,0.045460615159546996,0.07167940959575966,,,,-0.22676797300002624,-0.09733421366421822,,NH,eCEPP,avdz,CCSD(T),-10.384581599903,false,false,false,false
heat_depth_0,0.0,yes,no,no,,,0.024518316810396408,0.07204952051117033,,,,-0.2525016584515991,-0.09961464101396755,,NH,eCEPP,avtz,CCSD(T),-10.399124635421,false,false,false,false
heat_depth_0,0.0,yes,no,no,,,0.04644651679226767,0.07394541365325932,,,,-0.2512448205844662,-0.1280847142939951,,NH2,eCEPP,avdz,CCSD(T),-11.032422764752,false,false,false,false
heat_depth_0,0.0,yes,no,no,,,0.026843689707975307,0.07747333301524967,,,,-0.266932617829704,-0.1243850887434431,,NH2,eCEPP,avtz,CCSD(T),-11.054228911457,false,false,false,false
heat_depth_0,0.0,yes,no,no,,,0.04779255245579067,0.08047562665620833,,,,-0.2571558296979084,-0.1470972570661951,,NH3,eCEPP,avdz,CCSD(T),-11.707039731541,false,false,false,false
heat_depth_0,0.0,yes,no,no,,,0.03004731918216879,0.089199192617902,,,,-0.28360478792570265,-0.14925114580369467,,NH3,eCEPP,avtz,CCSD(T),-11.734901239527,false,false,false,false
heat_depth_0,0.0,yes,no,no,,,,0.08087812384159467,0.13257639427187165,,,,-0.17303142465008842,-0.16386327802712133,NO,eCEPP,avdz,CCSD(T),-25.810685109771,false,false,false,false
heat_depth_0,0.0,yes,no,no,,,,0.07654667418676167,0.13930392641195266,,,,-0.18204156952475908,-0.16613168848094131,NO,eCEPP,avtz,CCSD(T),-25.850173961578,false,false,false,false
heat_depth_0,0.0,yes,no,no,,,,,0.10706451550078167,,,,,-0.01910934496546826,O,eCEPP,avdz,CCSD(T),-15.82895508951,false,false,false,false
heat_depth_0,0.0,yes,no,no,,,,,0.10993151479308766,,,,,-0.020895114393636158,O,eCEPP,avtz,CCSD(T),-15.852242387119,false,false,false,false
heat_depth_0,0.0,yes,no,no,,,,,0.129669080953831,,,,,-0.17958187909374446,O2,eCEPP,avdz,CCSD(T),-31.834991794629,false,false,false,false
heat_depth_0,0.0,yes,no,no,,,,,0.13616700913120167,,,,,-0.18332914907373332,O2,eCEPP,avtz,CCSD(T),-31.879564973166,false,false,false,false
heat_depth_0,0.0,yes,no,no,,0.20537308216404832,,,0.13374828041076064,,-0.1943083356766542,,,-0.19906777193226666,OF,eCEPP,avdz,CCSD(T),-40.02199105634,false,false,false,false
heat_depth_0,0.0,yes,no,no,,0.2110996459439,,,0.13618829611841932,,-0.19735598927369466,,,-0.2034408623300022,OF,eCEPP,avtz,CCSD(T),-40.075271286242,false,false,false,false
heat_depth_0,0.0,yes,no,no,,,0.040930924322213666,,0.11358363045062933,,,-0.17690423105739822,,-0.06300779324125644,OH,eCEPP,avdz,CCSD(T),-16.490212976696,false,false,false,false
heat_depth_0,0.0,yes,no,no,,,0.029775259742137274,,0.11772313271067567,,,-0.19275508618080578,,-0.06190816066918667,OH,eCEPP,avtz,CCSD(T),-16.517981668688,false,false,false,false
heat_depth_neg_01,-0.1,yes,no,no,0.03481745422574133,,,,,-0.04828743799183644,,,,,C,eCEPP,avdz,CCSD(T),-5.41589285648,false,false,false,false
heat_depth_neg_01,-0.1,yes,no,no,0.034655275719193995,,,,,-0.031985452955141984,,,,,C,eCEPP,avtz,CCSD(T),-5.421651256319,false,false,false,false
heat_depth_neg_01,-0.1,yes,no,no,0.04869818847732,,0.05659332987108466,,,-0.10332713363421421,,-0.2129763212454711,,,C2H,eCEPP,avdz,CCSD(T),-11.715895046972,false,false,false,false
heat_depth_neg_01,-0.1,yes,no,no,0.050238886022394666,,0.03134187245459936,,,-0.10194860318881421,,-0.25343097656273283,,,C2H,eCEPP,avtz,CCSD(T),-11.751162931642,false,false,false,false
heat_depth_neg_01,-0.1,yes,no,no,0.056046508215807325,,0.056075459326608665,,,-0.10004111366436666,,-0.21769317122274265,,,C2H2,eCEPP,avdz,CCSD(T),-12.432375575603,false,false,false,false
heat_depth_neg_01,-0.1,yes,no,no,0.054877729402432664,,0.03069181721014512,,,-0.10966978774755644,,-0.2560419887322755,,,C2H2,eCEPP,avtz,CCSD(T),-12.47280440892,false,false,false,false
heat_depth_neg_01,-0.1,yes,no,no,0.032046600016738085,0.19511036816683164,,,,-0.10052823805867955,-0.08394867851531866,,,,CF,eCEPP,avdz,CCSD(T),-29.73320391579,false,false,false,false
heat_depth_neg_01,-0.1,yes,no,no,0.03492627783167433,0.204004702673453,,,,-0.07566000675989555,-0.08973213212721955,,,,CF,eCEPP,avtz,CCSD(T),-29.772920267524,false,false,false,false
heat_depth_neg_01,-0.1,yes,no,no,0.03475914220108933,,0.05396088336883399,,,-0.06797363236951733,,-0.20706651611894977,,,CH,eCEPP,avdz,CCSD(T),-6.041328314125,false,false,false,false
heat_depth_neg_01,-0.1,yes,no,no,0.03672441509479133,,0.025744046281378115,,,-0.06224425322536933,,-0.24320404596998577,,,CH,eCEPP,avtz,CCSD(T),-6.052883057804,false,false,false,false
heat_depth_neg_01,-0.1,yes,no,no,0.034130332612276666,,0.05559769036490134,,,-0.09756998535653422,,-0.22017508940242086,,,CH2,eCEPP,avdz,CCSD(T),-6.704748690115,false,false,false,false
heat_depth_neg_01,-0.1,yes,no,no,0.04380831147452833,,0.02778479199087952,,,-0.09954500629725822,,-0.2507775139237391,,,CH2,eCEPP,avtz,CCSD(T),-6.720431241614,false,false,false,false
heat_depth_neg_01,-0.1,yes,no,no,0.03298628898654852,,0.05454739359188433,,,-0.10196854783036889,,-0.23407185332108754,,,CH3,eCEPP,avdz,CCSD(T),-7.384817987342,false,false,false,false
heat_depth_neg_01,-0.1,yes,no,no,0.048084020829902,,0.028877841076353238,,,-0.09522683650001154,,-0.26563945075732265,,,CH3,eCEPP,avtz,CCSD(T),-7.405760721174,false,false,false,false
heat_depth_neg_01,-0.1,yes,no,no,0.047030923356299,,,0.07592468993723167,,-0.07846841239299554,,,-0.07870474304044978,,CN,eCEPP,avdz,CCSD(T),-15.431453704766,false,false,false,false
heat_depth_neg_01,-0.1,yes,no,no,0.040634518858632666,,,0.08054589302795699,,-0.1040827012600151,,,-0.0809410138332431,,CN,eCEPP,avtz,CCSD(T),-15.464754412106,false,false,false,false
heat_depth_neg_01,-0.1,yes,no,no,0.038752796912960664,,,,0.12631709033847932,-0.07946153738328222,,,,-0.06833053998212844,CO,eCEPP,avdz,CCSD(T),-21.630356525214,false,false,false,false
heat_depth_neg_01,-0.1,yes,no,no,0.03441917848581266,,,,0.13426507397344267,-0.09303522730246133,,,,-0.07343266220142043,CO,eCEPP,avtz,CCSD(T),-21.671546026868,false,false,false,false
heat_depth_neg_01,-0.1,yes,no,no,0.044530436155738665,,,,0.13188239572552998,-0.11739668193733555,,,,-0.087629062969384,CO2,eCEPP,avdz,CCSD(T),-37.650544966988,false,false,false,false
heat_depth_neg_01,-0.1,yes,no,no,0.041762003913806,,,,0.14049175869957967,-0.14857756776372488,,,,-0.09185250164708667,CO2,eCEPP,avtz,CCSD(T),-37.718552739867,false,false,false,false
heat_depth_neg_01,-0.1,yes,no,no,,0.1685461362693123,,,,,0.04608380810118445,,,,F,eCEPP,avdz,CCSD(T),-24.133461967428,false,false,false,false
heat_depth_neg_01,-0.1,yes,no,no,,0.17045762394605235,,,,,0.04624234882101244,,,,F,eCEPP,avtz,CCSD(T),-24.149247300109,false,false,false,false
heat_depth_neg_01,-0.1,yes,no,no,,0.192578215778928,,,,,-0.11097550559791156,,,,F2,eCEPP,avdz,CCSD(T),-48.294504349559,false,false,false,false
heat_depth_neg_01,-0.1,yes,no,no,,0.19508714418248166,,,,,-0.11454230950045732,,,,F2,eCEPP,avtz,CCSD(T),-48.351459386193,false,false,false,false
heat_depth_neg_01,-0.1,yes,no,no,,,0.06851465358478333,,,,,,,,H2,eCEPP,avdz,CCSD(T),-1.169628405561,false,false,false,false
heat_depth_neg_01,-0.1,yes,no,no,,,0.02685558275773095,,,,,,,,H2,eCEPP,avtz,CCSD(T),-1.174157141538,false,false,false,false
heat_depth_neg_01,-0.1,yes,no,no,,,0.04083523493853833,,0.114241145851597,,,-0.13277431992523112,,-0.022695993123024397,H2O,eCEPP,avdz,CCSD(T),-17.184048177115,false,false,false,false
heat_depth_neg_01,-0.1,yes,no,no,,,0.03269517557481927,,0.11928997844571766,,,-0.15367243289905022,,-0.0233973086834395,H2O,eCEPP,avtz,CCSD(T),-17.212954218369,false,false,false,false
heat_depth_neg_01,-0.1,yes,no,no,,,0.05758158623788133,,0.13010714369148765,,,-0.20774812806082,,-0.11364576398248845,H2O2,eCEPP,avdz,CCSD(T),-33.049335017882,false,false,false,false
heat_depth_neg_01,-0.1,yes,no,no,,,0.04864342793670433,,0.13701673839947198,,,-0.23097080231985334,,-0.11651790514803823,H2O2,eCEPP,avtz,CCSD(T),-33.106796702869,false,false,false,false
heat_depth_neg_01,-0.1,yes,no,no,0.05260220056988133,,0.054469351819477,0.080044643507674,,-0.10134310164793955,,-0.2018915945813893,-0.08676651265324532,,HCN,eCEPP,avdz,CCSD(T),-16.135796168165,false,false,false,false
heat_depth_neg_01,-0.1,yes,no,no,0.04976630375161867,,0.03030261443400462,0.081754265368888,,-0.10067703139147866,,-0.24414423059231646,-0.08720614937210178,,HCN,eCEPP,avtz,CCSD(T),-16.174307014816,false,false,false,false
heat_depth_neg_01,-0.1,yes,no,no,0.04346932253261299,,0.05566208095971466,,0.128302452555809,-0.10226795930220489,,-0.22732160697324044,,-0.08528811531370843,HCO,eCEPP,avdz,CCSD(T),-22.159248462826,false,false,false,false
heat_depth_neg_01,-0.1,yes,no,no,0.043649223071435,,0.028645424194161332,,0.136098674271398,-0.11663979958857733,,-0.26718464839222217,,-0.08741099965616578,HCO,eCEPP,avtz,CCSD(T),-22.201870334684,false,false,false,false
heat_depth_neg_01,-0.1,yes,no,no,,0.17333354211221733,0.05466307559739733,,,,0.01726665395529192,-0.08517277767922399,,,HF,eCEPP,avdz,CCSD(T),-24.847026012759,false,false,false,false
heat_depth_neg_01,-0.1,yes,no,no,,0.17833142556909568,0.035428692739756,,,,0.0181005496855896,-0.11121443222025111,,,HF,eCEPP,avtz,CCSD(T),-24.871130462139,false,false,false,false
heat_depth_neg_01,-0.1,yes,no,no,,,0.050484055732822664,0.08078104605854733,0.12554408979768134,,,-0.23387684612569554,-0.10826390712925155,-0.09347895586972267,HNO,eCEPP,avdz,CCSD(T),-26.386843873178,false,false,false,false
heat_depth_neg_01,-0.1,yes,no,no,,,0.03287923384406072,0.080632849334056,0.13126779771702432,,,-0.25828492757319865,-0.11073912522221244,-0.09853364571698088,HNO,eCEPP,avtz,CCSD(T),-26.430364328398,false,false,false,false
heat_depth_neg_01,-0.1,yes,no,no,,,0.053808929162802666,,0.12413768161530099,,,-0.20875257512812712,,-0.1069991705273471,HO2,eCEPP,avdz,CCSD(T),-32.408839378664,false,false,false,false
heat_depth_neg_01,-0.1,yes,no,no,,,0.04419135971419667,,0.129840937111447,,,-0.22667813549050578,,-0.107317206048412,HO2,eCEPP,avtz,CCSD(T),-32.460477939479,false,false,false,false
heat_depth_neg_01,-0.1,yes,no,no,,,,0.06491307211886366,,,,,0.008583776486755106,,N,eCEPP,avdz,CCSD(T),-9.762251774602,false,false,false,false
heat_depth_neg_01,-0.1,yes,no,no,,,,0.06638032455915466,,,,,0.008915874307097978,,N,eCEPP,avtz,CCSD(T),-9.770523619993,false,false,false,false
heat_depth_neg_01,-0.1,yes,no,no,,,,0.07718032012780733,,,,,-0.07393921845099732,,N2,eCEPP,avdz,CCSD(T),-19.850869160791,false,false,false,false
heat_depth_neg_01,-0.1,yes,no,no,,,,0.07438782675919733,,,,,-0.08268927707535022,,N2,eCEPP,avtz,CCSD(T),-19.886921391162,false,false,false,false
heat_depth_neg_01,-0.1,yes,no,no,,,0.04599028929429266,0.06823996464186066,,,,-0.16676210176353998,-0.028790972523263042,,NH,eCEPP,avdz,CCSD(T),-10.383658497911,false,false,false,false
heat_depth_neg_01,-0.1,yes,no,no,,,0.02635805840823677,0.069462647456651,,,,-0.19162734445451376,-0.02806330459667422,,NH,eCEPP,avtz,CCSD(T),-10.398390193982,false,false,false,false
heat_depth_neg_01,-0.1,yes,no,no,,,0.047938964915928334,0.071586664096358,,,,-0.18608583243358798,-0.05595942695157289,,NH2,eCEPP,avdz,CCSD(T),-11.032426171566,false,false,false,false
heat_depth_neg_01,-0.1,yes,no,no,,,0.027302799781918966,0.07569521275209899,,,,-0.20183947700364976,-0.05076883109291555,,NH2,eCEPP,avtz,CCSD(T),-11.053477357904,false,false,false,false
heat_depth_neg_01,-0.1,yes,no,no,,,0.04872899412171067,0.07555051450950766,,,,-0.19386948866419598,-0.06978821656922221,,NH3,eCEPP,avdz,CCSD(T),-11.706944387775,false,false,false,false
heat_depth_neg_01,-0.1,yes,no,no,,,0.029755639152606806,0.08297192961930067,,,,-0.21623046601066886,-0.06772977788520489,,NH3,eCEPP,avtz,CCSD(T),-11.733916758479,false,false,false,false
heat_depth_neg_01,-0.1,yes,no,no,,,,0.07185899792293733,0.12304834668903299,,,,-0.08716273951363777,-0.08012470033678755,NO,eCEPP,avdz,CCSD(T),-25.806626734708,false,false,false,false
heat_depth_neg_01,-0.1,yes,no,no,,,,0.067560545504018,0.12852363460180732,,,,-0.09796600129475377,-0.08182388651882488,NO,eCEPP,avtz,CCSD(T),-25.847517529787,false,false,false,false
heat_depth_neg_01,-0.1,yes,no,no,,,,,0.10380640372507133,,,,,0.029413782936657078,O,eCEPP,avdz,CCSD(T),-15.82994756177,false,false,false,false
heat_depth_neg_01,-0.1,yes,no,no,,,,,0.10730469580431198,,,,,0.03280653992671776,O,eCEPP,avtz,CCSD(T),-15.85087889153,false,false,false,false
heat_depth_neg_01,-0.1,yes,no,no,,,,,0.12005624773646068,,,,,-0.09134145201496444,O2,eCEPP,avdz,CCSD(T),-31.831153131345,false,false,false,false
heat_depth_neg_01,-0.1,yes,no,no,,,,,0.12498757569589733,,,,,-0.09542811824235421,O2,eCEPP,avtz,CCSD(T),-31.876250038016,false,false,false,false
heat_depth_neg_01,-0.1,yes,no,no,,0.19235543396851232,,,0.12270814749915733,,-0.10241163516940266,,,-0.10939036390479777,OF,eCEPP,avdz,CCSD(T),-40.01898721487,false,false,false,false
heat_depth_neg_01,-0.1,yes,no,no,,0.19883919223442365,,,0.12354261294032333,,-0.10649795917012177,,,-0.1094648962230631,OF,eCEPP,avtz,CCSD(T),-40.071333466674,false,false,false,false
heat_depth_neg_01,-0.1,yes,no,no,,,0.041676142547305325,,0.10742779166827333,,,-0.11873554542025333,,-0.0004847658707595364,OH,eCEPP,avdz,CCSD(T),-16.491935672436,false,false,false,false
heat_depth_neg_01,-0.1,yes,no,no,,,0.031414929654115145,,0.11213654147243798,,,-0.13963284191453554,,0.004447076883073431,OH,eCEPP,avtz,CCSD(T),-16.517217060989,false,false,false,false
heat_depth_neg_02,-0.2,yes,no,no,0.033036950570268606,,,,,0.0026166311458542834,,,,,C,eCEPP,avdz,CCSD(T),-5.415362266855,false,false,false,false
heat_depth_neg_02,-0.2,yes,no,no,0.03455721511597133,,,,,0.02111819794212944,,,,,C,eCEPP,avtz,CCSD(T),-5.421162147551,false,false,false,false
heat_depth_neg_02,-0.2,yes,no,no,0.041854004652507,,0.05681949915810067,,,-0.02900624567094609,,-0.13884028362267242,,,C2H,eCEPP,avdz,CCSD(T),-11.718662118902,false,false,false,false
heat_depth_neg_02,-0.2,yes,no,no,0.044622791755701996,,0.030919132061952057,,,-0.03517058795751546,,-0.187870041251408,,,C2H,eCEPP,avtz,CCSD(T),-11.751853183699,false,false,false,false
heat_depth_neg_02,-0.2,yes,no,no,0.04883139961906267,,0.05617684948587466,,,-0.03231012133354246,,-0.14630420665547955,,,C2H2,eCEPP,avdz,CCSD(T),-12.435700013872,false,false,false,false
heat_depth_neg_02,-0.2,yes,no,no,0.04871784763141233,,0.03072776776855684,,,-0.03542692133974639,,-0.18659313122270932,,,C2H2,eCEPP,avtz,CCSD(T),-12.473323179432,false,false,false,false
heat_depth_neg_02,-0.2,yes,no,no,0.02824031567957396,0.18380149734632634,,,,-0.02530284306773223,0.0009231533246540938,,,,CF,eCEPP,avdz,CCSD(T),-29.738083807407,false,false,false,false
heat_depth_neg_02,-0.2,yes,no,no,0.028112164164181247,0.19320138351830066,,,,-0.02609546651711327,-0.004293373433611879,,,,CF,eCEPP,avtz,CCSD(T),-29.774725997042,false,false,false,false
heat_depth_neg_02,-0.2,yes,no,no,0.03385045838430333,,0.053798667785838,,,0.0068737118956372755,,-0.1472024214968511,,,CH,eCEPP,avdz,CCSD(T),-6.041695751921,false,false,false,false
heat_depth_neg_02,-0.2,yes,no,no,0.03679650736329333,,0.025560628391657212,,,-0.0053141894454491415,,-0.1850290493351791,,,CH,eCEPP,avtz,CCSD(T),-6.052671458015,false,false,false,false
heat_depth_neg_02,-0.2,yes,no,no,0.03230111840611484,,0.055515212750348326,,,-0.014961666252845132,,-0.15128927698160932,,,CH2,eCEPP,avdz,CCSD(T),-6.705786118394,false,false,false,false
heat_depth_neg_02,-0.2,yes,no,no,0.042825719043328,,0.02875887631276095,,,-0.006055385607689791,,-0.18118504234098268,,,CH2,eCEPP,avtz,CCSD(T),-6.7204265968,false,false,false,false
heat_depth_neg_02,-0.2,yes,no,no,0.030006680311903556,,0.054637040421445994,,,0.0006866229493796871,,-0.1656999050183031,,,CH3,eCEPP,avdz,CCSD(T),-7.385839927875,false,false,false,false
heat_depth_neg_02,-0.2,yes,no,no,0.04635327971641266,,0.028603500498981665,,,-0.032111618504511885,,-0.19653885137740132,,,CH3,eCEPP,avtz,CCSD(T),-7.405739456877,false,false,false,false
heat_depth_neg_02,-0.2,yes,no,no,0.038365901192176664,,,0.06981314609262933,,-0.02208547701135964,,,0.0016699786585055519,,CN,eCEPP,avdz,CCSD(T),-15.434417879972,false,false,false,false
heat_depth_neg_02,-0.2,yes,no,no,0.03473313839668233,,,0.07118399247062032,,-0.020758403683906673,,,-0.004096564290101606,,CN,eCEPP,avtz,CCSD(T),-15.465749948765,false,false,false,false
heat_depth_neg_02,-0.2,yes,no,no,0.030039794913667463,,,,0.11805104050341265,-0.0010624939124827333,,,,0.008797255095562685,CO,eCEPP,avdz,CCSD(T),-21.634428683052,false,false,false,false
heat_depth_neg_02,-0.2,yes,no,no,0.026765137507351065,,,,0.12356157005546699,-0.02602804376647896,,,,0.009721130593072088,CO,eCEPP,avtz,CCSD(T),-21.673444572011,false,false,false,false
heat_depth_neg_02,-0.2,yes,no,no,0.036969482069736,,,,0.12698194942029933,-0.051155595227079555,,,,-0.005611256456153257,CO2,eCEPP,avdz,CCSD(T),-37.657215187807,false,false,false,false
heat_depth_neg_02,-0.2,yes,no,no,0.03149982318603208,,,,0.12961119312595798,-0.07901693377587288,,,,-0.007566870932520599,CO2,eCEPP,avtz,CCSD(T),-37.721042017196,false,false,false,false
heat_depth_neg_02,-0.2,yes,no,no,,0.16659709236184334,,,,,0.08421051341997556,,,,F,eCEPP,avdz,CCSD(T),-24.134976486867,false,false,false,false
heat_depth_neg_02,-0.2,yes,no,no,,0.17200347241435332,,,,,0.06876661928473822,,,,F,eCEPP,avtz,CCSD(T),-24.1503481367,false,false,false,false
heat_depth_neg_02,-0.2,yes,no,no,,0.1792491665731293,,,,,-0.019890031476634082,,,,F2,eCEPP,avdz,CCSD(T),-48.303639524024,false,false,false,false
heat_depth_neg_02,-0.2,yes,no,no,,0.18157459651858832,,,,,-0.02216921995444696,,,,F2,eCEPP,avtz,CCSD(T),-48.35372097865,false,false,false,false
heat_depth_neg_02,-0.2,yes,no,no,,,0.06981527951309266,,,,,,,,H2,eCEPP,avdz,CCSD(T),-1.169461555666,false,false,false,false
heat_depth_neg_02,-0.2,yes,no,no,,,0.027320368035285238,,,,,,,,H2,eCEPP,avtz,CCSD(T),-1.174088323041,false,false,false,false
heat_depth_neg_02,-0.2,yes,no,no,,,0.040835687118143,,0.10776982074224567,,,-0.07579167255920666,,0.04323080530803039,H2O,eCEPP,avdz,CCSD(T),-17.188470417018,false,false,false,false
heat_depth_neg_02,-0.2,yes,no,no,,,0.03107358097389079,,0.11368555200156466,,,-0.09876773507643155,,0.04456327662556844,H2O,eCEPP,avtz,CCSD(T),-17.214268335726,false,false,false,false
heat_depth_neg_02,-0.2,yes,no,no,,,0.053242100309316004,,0.119068186807761,,,-0.12845128103615377,,-0.02633304617102074,H2O2,eCEPP,avdz,CCSD(T),-33.055118166474,false,false,false,false
heat_depth_neg_02,-0.2,yes,no,no,,,0.043859883841106326,,0.12685428873548932,,,-0.15389834816519865,,-0.029487930122087877,H2O2,eCEPP,avtz,CCSD(T),-33.109371498444,false,false,false,false
heat_depth_neg_02,-0.2,yes,no,no,0.044776833567556,,0.05436694324305833,0.07266810623829933,,-0.02371170357807685,,-0.13015385620121778,-0.005063672237257866,,HCN,eCEPP,avdz,CCSD(T),-16.139217033087,false,false,false,false
heat_depth_neg_02,-0.2,yes,no,no,0.041832807156802994,,0.030251765965755812,0.073638842112441,,-0.031158150807184676,,-0.17076195212052486,-0.011774160657152737,,HCN,eCEPP,avtz,CCSD(T),-16.175247117126,false,false,false,false
heat_depth_neg_02,-0.2,yes,no,no,0.03396871396974566,,0.055130173679799,,0.11766907457442767,-0.015001783066628928,,-0.1513111545571782,,7.668294290378369e-05,HCO,eCEPP,avdz,CCSD(T),-22.163337753706,false,false,false,false
heat_depth_neg_02,-0.2,yes,no,no,0.03387768532408633,,0.029158846116184668,,0.12099960931904166,-0.031055526226097873,,-0.1946056654443653,,-0.0037856163377264825,HCO,eCEPP,avtz,CCSD(T),-22.203132784224,false,false,false,false
heat_depth_neg_02,-0.2,yes,no,no,,0.16813812634323966,0.05400185789077567,,,,0.06902813946941067,-0.039626952005702244,,,HF,eCEPP,avdz,CCSD(T),-24.851756300394,false,false,false,false
heat_depth_neg_02,-0.2,yes,no,no,,0.17354195390661534,0.033492389277803666,,,,0.06970608055339822,-0.06449962346132355,,,HF,eCEPP,avtz,CCSD(T),-24.873694701081,false,false,false,false
heat_depth_neg_02,-0.2,yes,no,no,,,0.049837866154056665,0.06999181966309499,0.112282059133824,,,-0.16242651501604133,-0.023266238466838923,-0.0058792373895717375,HNO,eCEPP,avdz,CCSD(T),-26.391820955789,false,false,false,false
heat_depth_neg_02,-0.2,yes,no,no,,,0.03214395995604037,0.06993166893367367,0.12018963808115898,,,-0.1823497259181631,-0.031308145181565133,-0.013121632571059808,HNO,eCEPP,avtz,CCSD(T),-26.432091594763,false,false,false,false
heat_depth_neg_02,-0.2,yes,no,no,,,0.05040758568628066,,0.11152126786778,,,-0.12917218583926088,,-0.01798356936371848,HO2,eCEPP,avdz,CCSD(T),-32.414663570249,false,false,false,false
heat_depth_neg_02,-0.2,yes,no,no,,,0.04180677222614766,,0.11873455407148965,,,-0.155360816544212,,-0.019546883516415824,HO2,eCEPP,avtz,CCSD(T),-32.463260139504,false,false,false,false
heat_depth_neg_02,-0.2,yes,no,no,,,,0.06383743067717433,,,,,0.05835352269283467,,N,eCEPP,avdz,CCSD(T),-9.761061407343,false,false,false,false
heat_depth_neg_02,-0.2,yes,no,no,,,,0.06272143269189934,,,,,0.06039207894872667,,N,eCEPP,avtz,CCSD(T),-9.769511920724,false,false,false,false
heat_depth_neg_02,-0.2,yes,no,no,,,,0.07128589359765,,,,,0.004885140008537506,,N2,eCEPP,avdz,CCSD(T),-19.853411096974,false,false,false,false
heat_depth_neg_02,-0.2,yes,no,no,,,,0.06694996731306266,,,,,-0.0018279337218690323,,N2,eCEPP,avtz,CCSD(T),-19.888433566883,false,false,false,false
heat_depth_neg_02,-0.2,yes,no,no,,,0.04768514891200666,0.06602551804682133,,,,-0.11234130857768443,0.029830051143386573,,NH,eCEPP,avdz,CCSD(T),-10.384341216832,false,false,false,false
heat_depth_neg_02,-0.2,yes,no,no,,,0.027068897335005664,0.06792670919312266,,,,-0.12645925909078579,0.037684496292080934,,NH,eCEPP,avtz,CCSD(T),-10.398462140946,false,false,false,false
heat_depth_neg_02,-0.2,yes,no,no,,,0.047488251784615666,0.06663899289721767,,,,-0.11881693451722578,0.01225451509125894,,NH2,eCEPP,avdz,CCSD(T),-11.034665687836,false,false,false,false
heat_depth_neg_02,-0.2,yes,no,no,,,0.028180491610700582,0.07213445194475966,,,,-0.13937147474422443,0.022323053725634742,,NH2,eCEPP,avtz,CCSD(T),-11.053866090754,false,false,false,false
heat_depth_neg_02,-0.2,yes,no,no,,,0.048157062832449665,0.06998372432424765,,,,-0.12544250060481377,0.005364414244753244,,NH3,eCEPP,avdz,CCSD(T),-11.710378053057,false,false,false,false
heat_depth_neg_02,-0.2,yes,no,no,,,0.03035900842541525,0.07940363578349133,,,,-0.14852122402461332,-0.0018645619108381914,,NH3,eCEPP,avtz,CCSD(T),-11.734541830168,false,false,false,false
heat_depth_neg_02,-0.2,yes,no,no,,,,0.065241256110351,0.11260677876648567,,,,-0.007189772968412314,0.004233628864502154,NO,eCEPP,avdz,CCSD(T),-25.810891363369,false,false,false,false
heat_depth_neg_02,-0.2,yes,no,no,,,,0.060889204793341326,0.118736841112433,,,,-0.013823758520664755,-0.0004837723253285884,NO,eCEPP,avtz,CCSD(T),-25.849476185189,false,false,false,false
heat_depth_neg_02,-0.2,yes,no,no,,,,,0.10260399485892199,,,,,0.07972739601133733,O,eCEPP,avdz,CCSD(T),-15.831730575992,false,false,false,false
heat_depth_neg_02,-0.2,yes,no,no,,,,,0.10223519864476133,,,,,0.08306754999717822,O,eCEPP,avtz,CCSD(T),-15.850389540324,false,false,false,false
heat_depth_neg_02,-0.2,yes,no,no,,,,,0.108771296411217,,,,,-0.006557550019027124,O2,eCEPP,avdz,CCSD(T),-31.836499881465,false,false,false,false
heat_depth_neg_02,-0.2,yes,no,no,,,,,0.11347534481712432,,,,,-0.0069132719904068975,O2,eCEPP,avtz,CCSD(T),-31.878553617657,false,false,false,false
heat_depth_neg_02,-0.2,yes,no,no,,0.179083814032941,,,0.11066082088982333,,-0.012343654340249026,,,-0.019906339026802083,OF,eCEPP,avdz,CCSD(T),-40.026517631739,false,false,false,false
heat_depth_neg_02,-0.2,yes,no,no,,0.18551787798246,,,0.112266164904843,,-0.01684520665856517,,,-0.021987967808457125,OF,eCEPP,avtz,CCSD(T),-40.073728050675,false,false,false,false
heat_depth_neg_02,-0.2,yes,no,no,,,0.041935731382872994,,0.102482311765175,,,-0.06563860738883823,,0.06038379961319911,OH,eCEPP,avdz,CCSD(T),-16.494904364696,false,false,false,false
heat_depth_neg_02,-0.2,yes,no,no,,,0.03160957630486385,,0.111126314788974,,,-0.09061284551041689,,0.061426675312021776,OH,eCEPP,avtz,CCSD(T),-16.51763827221,false,false,false,false
heat_depth_neg_03,-0.3,yes,no,no,0.035395867849400665,,,,,0.07499147610208488,,,,,C,eCEPP,avdz,CCSD(T),-5.415592575664,false,false,false,false
heat_depth_neg_03,-0.3,yes,no,no,0.034259028712533,,,,,0.07841030604723644,,,,,C,eCEPP,avtz,CCSD(T),-5.42099012035,false,false,false,false
heat_depth_neg_03,-0.3,yes,no,no,0.03330335935971516,,0.056046317329463,,,0.04179050045531935,,-0.06861500323485022,,,C2H,eCEPP,avdz,CCSD(T),-11.725648292883,false,false,false,false
heat_depth_neg_03,-0.3,yes,no,no,0.034926213665846334,,0.030165253800352627,,,0.04885407405911466,,-0.11570081790726577,,,C2H,eCEPP,avtz,CCSD(T),-11.754606862182,false,false,false,false
heat_depth_neg_03,-0.3,yes,no,no,0.04214890238349733,,0.056319141802852996,,,0.046087609568482665,,-0.08097466651233777,,,C2H2,eCEPP,avdz,CCSD(T),-12.443545870905,false,false,false,false
heat_depth_neg_03,-0.3,yes,no,no,0.04267071287848834,,0.03119050932089492,,,0.029705145666616434,,-0.11807428469368843,,,C2H2,eCEPP,avtz,CCSD(T),-12.47610621091,false,false,false,false
heat_depth_neg_03,-0.3,yes,no,no,0.021150160183719402,0.17082810203248766,,,,0.044689531374957334,0.08365918605826622,,,,CF,eCEPP,avdz,CCSD(T),-29.750384863438,false,false,false,false
heat_depth_neg_03,-0.3,yes,no,no,0.024213123325533194,0.183185724124993,,,,0.034636804448615145,0.07885538701471777,,,,CF,eCEPP,avtz,CCSD(T),-29.780293350045,false,false,false,false
heat_depth_neg_03,-0.3,yes,no,no,0.029730984056042343,,0.054498296350976666,,,0.06065548793292889,,-0.08476175403232311,,,CH,eCEPP,avdz,CCSD(T),-6.043440061754,false,false,false,false
heat_depth_neg_03,-0.3,yes,no,no,0.035234598054880994,,0.027286549206323944,,,0.05748930739958799,,-0.12044520227950133,,,CH,eCEPP,avtz,CCSD(T),-6.053107025862,false,false,false,false
heat_depth_neg_03,-0.3,yes,no,no,0.029413324060475872,,0.055151933246429,,,0.03541017619527806,,-0.0824893548129231,,,CH2,eCEPP,avdz,CCSD(T),-6.708205801152,false,false,false,false
heat_depth_neg_03,-0.3,yes,no,no,0.04060747334313966,,0.02814865368402468,,,0.055020999059957776,,-0.11561397603140267,,,CH2,eCEPP,avtz,CCSD(T),-6.721108917629,false,false,false,false
heat_depth_neg_03,-0.3,yes,no,no,0.02604933956946861,,0.054332522318680666,,,0.043313008631297584,,-0.09689243805716621,,,CH3,eCEPP,avdz,CCSD(T),-7.389439117164,false,false,false,false
heat_depth_neg_03,-0.3,yes,no,no,0.041201053870902664,,0.028179189051562168,,,0.04617520416458444,,-0.12382242895115689,,,CH3,eCEPP,avtz,CCSD(T),-7.406484049029,false,false,false,false
heat_depth_neg_03,-0.3,yes,no,no,0.02985069352155948,,,0.062379454760194,,0.06322082614920045,,,0.07350410292388666,,CN,eCEPP,avdz,CCSD(T),-15.442505755974,false,false,false,false
heat_depth_neg_03,-0.3,yes,no,no,0.02439155181764832,,,0.06708527787459967,,0.04586498255048844,,,0.07095556560716577,,CN,eCEPP,avtz,CCSD(T),-15.46963496716,false,false,false,false
heat_depth_neg_03,-0.3,yes,no,no,0.02565916681632969,,,,0.10651110153882966,0.06837697938660445,,,,0.09019068964389644,CO,eCEPP,avdz,CCSD(T),-21.644940330127,false,false,false,false
heat_depth_neg_03,-0.3,yes,no,no,0.021113928322172727,,,,0.11259661675305266,0.05763635647343111,,,,0.08762689675052043,CO,eCEPP,avtz,CCSD(T),-21.678542206745,false,false,false,false
heat_depth_neg_03,-0.3,yes,no,no,0.028620734424434226,,,,0.11333923015794567,0.029007041582190644,,,,0.07963958643418177,CO2,eCEPP,avdz,CCSD(T),-37.67587818337,false,false,false,false
heat_depth_neg_03,-0.3,yes,no,no,0.025114697635674137,,,,0.11989588128421633,0.00729390181154415,,,,0.0743949048033369,CO2,eCEPP,avtz,CCSD(T),-37.729863996707,false,false,false,false
heat_depth_neg_03,-0.3,yes,no,no,,0.16240182792491697,,,,,0.11875754462499333,,,,F,eCEPP,avdz,CCSD(T),-24.138285911463,false,false,false,false
heat_depth_neg_03,-0.3,yes,no,no,,0.16414772393293697,,,,,0.11942478945236311,,,,F,eCEPP,avtz,CCSD(T),-24.152785259838,false,false,false,false
heat_depth_neg_03,-0.3,yes,no,no,,0.16536652458089066,,,,,0.07297107662704222,,,,F2,eCEPP,avdz,CCSD(T),-48.324841948869,false,false,false,false
heat_depth_neg_03,-0.3,yes,no,no,,0.16709331936632066,,,,,0.07005193825732534,,,,F2,eCEPP,avtz,CCSD(T),-48.363027279766,false,false,false,false
heat_depth_neg_03,-0.3,yes,no,no,,,0.07063671845043366,,,,,,,,H2,eCEPP,avdz,CCSD(T),-1.169404492231,false,false,false,false
heat_depth_neg_03,-0.3,yes,no,no,,,0.02708613492786248,,,,,,,,H2,eCEPP,avtz,CCSD(T),-1.174019353063,false,false,false,false
heat_depth_neg_03,-0.3,yes,no,no,,,0.04097669769487933,,0.10085147487981566,,,-0.0287577781663603,,0.10621252107963199,H2O,eCEPP,avdz,CCSD(T),-17.195033149146,false,false,false,false
heat_depth_neg_03,-0.3,yes,no,no,,,0.03193773665010771,,0.11026809297978998,,,-0.05109111170403289,,0.1070555705672751,H2O,eCEPP,avtz,CCSD(T),-17.217114318398,false,false,false,false
heat_depth_neg_03,-0.3,yes,no,no,,,0.048532905727001335,,0.10682011123828533,,,-0.05528675131775733,,0.062206163629776434,H2O2,eCEPP,avdz,CCSD(T),-33.073239618674,false,false,false,false
heat_depth_neg_03,-0.3,yes,no,no,,,0.039599751944511666,,0.11324232594785533,,,-0.08354045941868354,,0.059931735437395106,H2O2,eCEPP,avtz,CCSD(T),-33.117976745149,false,false,false,false
heat_depth_neg_03,-0.3,yes,no,no,0.036506401038697664,,0.05436782929826066,0.06540456319175367,,0.04535480640789644,,-0.06311506571841954,0.06960959444336978,,HCN,eCEPP,avdz,CCSD(T),-16.14874057591,false,false,false,false
heat_depth_neg_03,-0.3,yes,no,no,0.032833517499977274,,0.02930918555246909,0.06750362955767034,,0.04326986384400691,,-0.10029591036289733,0.07051869283141822,,HCN,eCEPP,avtz,CCSD(T),-16.178995292048,false,false,false,false
heat_depth_neg_03,-0.3,yes,no,no,0.026247811870572586,,0.05382741744320433,,0.10887844507702167,0.053935923162735995,,-0.08101910659875111,,0.07806119191802888,HCO,eCEPP,avdz,CCSD(T),-22.174888977217,false,false,false,false
heat_depth_neg_03,-0.3,yes,no,no,0.026235267172727388,,0.02803419471131717,,0.11543970961814033,0.04018635336764965,,-0.11835594799029422,,0.08079908589619023,HCO,eCEPP,avtz,CCSD(T),-22.208413176012,false,false,false,false
heat_depth_neg_03,-0.3,yes,no,no,,0.16470715247796566,0.05310739332500233,,,,0.11394440240140133,-0.01188584594687311,,,HF,eCEPP,avdz,CCSD(T),-24.857911941017,false,false,false,false
heat_depth_neg_03,-0.3,yes,no,no,,0.17130113448711431,0.03333338151778533,,,,0.1138073619346231,-0.0318274824097783,,,HF,eCEPP,avtz,CCSD(T),-24.876644656607,false,false,false,false
heat_depth_neg_03,-0.3,yes,no,no,,,0.048446752438168,0.059127671742569,0.10151824440360066,,,-0.08543451030769156,0.05636752302382222,0.07649176820939466,HNO,eCEPP,avdz,CCSD(T),-26.405593784025,false,false,false,false
heat_depth_neg_03,-0.3,yes,no,no,,,0.031953078263082385,0.05684599847980899,0.107648883805211,,,-0.10463603329066888,0.05628879463662489,0.07477097475000932,HNO,eCEPP,avtz,CCSD(T),-26.43889985385,false,false,false,false
heat_depth_neg_03,-0.3,yes,no,no,,,0.04673560983316933,,0.09857587527736034,,,-0.058509961890008885,,0.06883461784065822,HO2,eCEPP,avdz,CCSD(T),-32.431940745833,false,false,false,false
heat_depth_neg_03,-0.3,yes,no,no,,,0.03544524083153,,0.104846995591275,,,-0.07368539054980933,,0.06951853340637644,HO2,eCEPP,avtz,CCSD(T),-32.471711767321,false,false,false,false
heat_depth_neg_03,-0.3,yes,no,no,,,,0.06383501499721667,,,,,0.1143448117162551,,N,eCEPP,avdz,CCSD(T),-9.760968033918,false,false,false,false
heat_depth_neg_03,-0.3,yes,no,no,,,,0.06385929431497733,,,,,0.10978557136201822,,N,eCEPP,avtz,CCSD(T),-9.769138753825,false,false,false,false
heat_depth_neg_03,-0.3,yes,no,no,,,,0.06016896855179699,,,,,0.08227405734833688,,N2,eCEPP,avdz,CCSD(T),-19.862648663614,false,false,false,false
heat_depth_neg_03,-0.3,yes,no,no,,,,0.05859222466839967,,,,,0.0755129261588911,,N2,eCEPP,avtz,CCSD(T),-19.893317981659,false,false,false,false
heat_depth_neg_03,-0.3,yes,no,no,,,0.049022717788415,0.060957334085361664,,,,-0.05402952674361777,0.09754190801064444,,NH,eCEPP,avdz,CCSD(T),-10.386618364467,false,false,false,false
heat_depth_neg_03,-0.3,yes,no,no,,,0.029155847075571843,0.06479311570207266,,,,-0.07828029897534666,0.09328605166920088,,NH,eCEPP,avtz,CCSD(T),-10.399183789761,false,false,false,false
heat_depth_neg_03,-0.3,yes,no,no,,,0.04817068818816067,0.061627213280772336,,,,-0.058011064406517335,0.083341728266372,,NH2,eCEPP,avdz,CCSD(T),-11.038990639758,false,false,false,false
heat_depth_neg_03,-0.3,yes,no,no,,,0.028565930187467354,0.066752295444508,,,,-0.07775238351275822,0.08136859788543599,,NH2,eCEPP,avtz,CCSD(T),-11.055386953794,false,false,false,false
heat_depth_neg_03,-0.3,yes,no,no,,,0.048087862827882,0.06262634303349265,,,,-0.06440542861545022,0.08054654842670265,,NH3,eCEPP,avdz,CCSD(T),-11.716124444737,false,false,false,false
heat_depth_neg_03,-0.3,yes,no,no,,,0.02929293088787125,0.0713430176642,,,,-0.08607882937257244,0.07801866992418266,,NH3,eCEPP,avtz,CCSD(T),-11.736642432577,false,false,false,false
heat_depth_neg_03,-0.3,yes,no,no,,,,0.05418087419089766,0.10011244764153966,,,,0.07168766686036622,0.0878978602026831,NO,eCEPP,avdz,CCSD(T),-25.823114118792,false,false,false,false
heat_depth_neg_03,-0.3,yes,no,no,,,,0.05229691347165533,0.10732876718135999,,,,0.06873899184874933,0.08405729735902177,NO,eCEPP,avtz,CCSD(T),-25.855795582059,false,false,false,false
heat_depth_neg_03,-0.3,yes,no,no,,,,,0.09851908628612834,,,,,0.12446703285142889,O,eCEPP,avdz,CCSD(T),-15.833834456797,false,false,false,false
heat_depth_neg_03,-0.3,yes,no,no,,,,,0.09925856159653734,,,,,0.1228353278579551,O,eCEPP,avtz,CCSD(T),-15.850613885612,false,false,false,false
heat_depth_neg_03,-0.3,yes,no,no,,,,,0.09593659401221867,,,,,0.08060309028133243,O2,eCEPP,avdz,CCSD(T),-31.85050353643,false,false,false,false
heat_depth_neg_03,-0.3,yes,no,no,,,,,0.10098310028963166,,,,,0.07564228881897822,O2,eCEPP,avtz,CCSD(T),-31.886387361426,false,false,false,false
heat_depth_neg_03,-0.3,yes,no,no,,0.16613975782767665,,,0.09825802335192332,,0.07670537289921155,,,0.0674144327620311,OF,eCEPP,avdz,CCSD(T),-40.044051679882,false,false,false,false
heat_depth_neg_03,-0.3,yes,no,no,,0.1643008929102373,,,0.10038212037453433,,0.07679573934122266,,,0.066885037159384,OF,eCEPP,avtz,CCSD(T),-40.081937049214,false,false,false,false
heat_depth_neg_03,-0.3,yes,no,no,,,0.04226887081643133,,0.09978515648584865,,,-0.012720069092596787,,0.11528819984359644,OH,eCEPP,avdz,CCSD(T),-16.499374640577,false,false,false,false
heat_depth_neg_03,-0.3,yes,no,no,,,0.03305141134187211,,0.10342042323872067,,,-0.04075967396428618,,0.11424296393816401,OH,eCEPP,avtz,CCSD(T),-16.519168519644,false,false,false,false
heat_depth_neg_035,-0.35,yes,no,no,0.034410771189298,,,,,0.12227679224395732,,,,,C,eCEPP,avdz,CCSD(T),-5.416118565698,false,false,false,false
heat_depth_neg_035,-0.35,yes,no,no,0.033380307497776,,,,,0.11268808863438266,,,,,C,eCEPP,avtz,CCSD(T),-5.421093485881,false,false,false,false
heat_depth_neg_035,-0.35,yes,no,no,0.031117538403126897,,0.05696282599501233,,,0.08611125494819866,,-0.038028244370682696,,,C2H,eCEPP,avdz,CCSD(T),-11.730572829157,false,false,false,false
heat_depth_neg_035,-0.35,yes,no,no,0.03168848276564885,,0.030603574011237734,,,0.07869547154215199,,-0.08399475842744265,,,C2H,eCEPP,avtz,CCSD(T),-11.756711111033,false,false,false,false
heat_depth_neg_035,-0.35,yes,no,no,0.03866096890808367,,0.05601246878052833,,,0.06961296134968799,,-0.04577643630203155,,,C2H2,eCEPP,avdz,CCSD(T),-12.449204464481,false,false,false,false
heat_depth_neg_035,-0.35,yes,no,no,0.03782281395706833,,0.031160215262267255,,,0.0696941433134071,,-0.08900815051417289,,,C2H2,eCEPP,avtz,CCSD(T),-12.478214456197,false,false,false,false
heat_depth_neg_035,-0.35,yes,no,no,0.018608668649234796,0.16490659943074265,,,,0.08194916261407732,0.1264753135371129,,,,CF,eCEPP,avdz,CCSD(T),-29.758963955514,false,false,false,false
heat_depth_neg_035,-0.35,yes,no,no,0.01902560410736588,0.17509810515555935,,,,0.069422720596896,0.12133898452104531,,,,CF,eCEPP,avtz,CCSD(T),-29.784568276559,false,false,false,false
heat_depth_neg_035,-0.35,yes,no,no,0.03292290469394992,,0.05466199259250899,,,0.08557462360697378,,-0.06458586224055465,,,CH,eCEPP,avdz,CCSD(T),-6.044649751665,false,false,false,false
heat_depth_neg_035,-0.35,yes,no,no,0.03487988798757166,,0.02648240399777892,,,0.0842115256201951,,-0.08805703601510177,,,CH,eCEPP,avtz,CCSD(T),-6.053400287522,false,false,false,false
heat_depth_neg_035,-0.35,yes,no,no,0.027561866406479386,,0.05532239596646933,,,0.0751600783416991,,-0.05796561391377022,,,CH2,eCEPP,avdz,CCSD(T),-6.710041555627,false,false,false,false
heat_depth_neg_035,-0.35,yes,no,no,0.03969253409638067,,0.02708123916199826,,,0.07528232635256177,,-0.08478943287094622,,,CH2,eCEPP,avtz,CCSD(T),-6.721754110526,false,false,false,false
heat_depth_neg_035,-0.35,yes,no,no,0.023546011556680582,,0.05407426779166467,,,0.08199038046337288,,-0.060593520689548,,,CH3,eCEPP,avdz,CCSD(T),-7.392034382005,false,false,false,false
heat_depth_neg_035,-0.35,yes,no,no,0.03798016196357867,,0.02780261394299487,,,0.07685626961224488,,-0.09225330217912754,,,CH3,eCEPP,avtz,CCSD(T),-7.407180171546,false,false,false,false
heat_depth_neg_035,-0.35,yes,no,no,0.025642016135110197,,,0.058590995133551996,,0.08629049057708266,,,0.11202649758701422,,CN,eCEPP,avdz,CCSD(T),-15.448400637922,false,false,false,false
heat_depth_neg_035,-0.35,yes,no,no,0.021841629664003208,,,0.06139073861622833,,0.09503296340194178,,,0.10730498311451155,,CN,eCEPP,avtz,CCSD(T),-15.472287496014,false,false,false,false
heat_depth_neg_035,-0.35,yes,no,no,0.023327353429723075,,,,0.10215632844684466,0.09221916282564845,,,,0.12861323579858533,CO,eCEPP,avdz,CCSD(T),-21.652648300546,false,false,false,false
heat_depth_neg_035,-0.35,yes,no,no,0.015942931896811736,,,,0.10857293126245766,0.0915259468568271,,,,0.12544198552004887,CO,eCEPP,avtz,CCSD(T),-21.68221622327,false,false,false,false
heat_depth_neg_035,-0.35,yes,no,no,0.02452052927314332,,,,0.10809075006709198,0.06506338852349866,,,,0.12121653291076044,CO2,eCEPP,avdz,CCSD(T),-37.689771482105,false,false,false,false
heat_depth_neg_035,-0.35,yes,no,no,0.020764105410704715,,,,0.11495451209127233,0.045830860456058664,,,,0.11630401394116933,CO2,eCEPP,avtz,CCSD(T),-37.736426342808,false,false,false,false
heat_depth_neg_035,-0.35,yes,no,no,,0.16339230917829134,,,,,0.13063062717408933,,,,F,eCEPP,avdz,CCSD(T),-24.139667401586,false,false,false,false
heat_depth_neg_035,-0.35,yes,no,no,,0.16266343709791564,,,,,0.13163866658603732,,,,F,eCEPP,avtz,CCSD(T),-24.153723460026,false,false,false,false
heat_depth_neg_035,-0.35,yes,no,no,,0.1589023141540563,,,,,0.11813235419921422,,,,F2,eCEPP,avdz,CCSD(T),-48.339226437996,false,false,false,false
heat_depth_neg_035,-0.35,yes,no,no,,0.15905564173496434,,,,,0.1154172107201791,,,,F2,eCEPP,avtz,CCSD(T),-48.370246158359,false,false,false,false
heat_depth_neg_035,-0.35,yes,no,no,,,0.07071111931214133,,,,,,,,H2,eCEPP,avdz,CCSD(T),-1.169370836957,false,false,false,false
heat_depth_neg_035,-0.35,yes,no,no,,,0.027543163965320767,,,,,,,,H2,eCEPP,avtz,CCSD(T),-1.17398427138,false,false,false,false
heat_depth_neg_035,-0.35,yes,no,no,,,0.040018752650837666,,0.09847831924249667,,,8.141040579522129e-05,,0.13543395153705512,H2O,eCEPP,avdz,CCSD(T),-17.199044069575,false,false,false,false
heat_depth_neg_035,-0.35,yes,no,no,,,0.03153651641412282,,0.107446578806806,,,-0.021373049241499107,,0.13712087329525066,H2O,eCEPP,avtz,CCSD(T),-17.218887349113,false,false,false,false
heat_depth_neg_035,-0.35,yes,no,no,,,0.04530375451255034,,0.099760993703994,,,-0.022969518359347452,,0.10540013504310622,H2O2,eCEPP,avdz,CCSD(T),-33.086630423539,false,false,false,false
heat_depth_neg_035,-0.35,yes,no,no,,,0.037945229149154665,,0.10601194214376032,,,-0.048890871003927555,,0.09771833276668578,H2O2,eCEPP,avtz,CCSD(T),-33.124188008933,false,false,false,false
heat_depth_neg_035,-0.35,yes,no,no,0.029866147247522297,,0.054637462733450666,0.06053778509777733,,0.07976522099272089,,-0.02596184546496262,0.11603551030947688,,HCN,eCEPP,avdz,CCSD(T),-16.155223526211,false,false,false,false
heat_depth_neg_035,-0.35,yes,no,no,0.02974630424947578,,0.03134684698820139,0.064429543455633,,0.08429148615369776,,-0.07002631209505733,0.1061037133856751,,HCN,eCEPP,avtz,CCSD(T),-16.170462763399,false,false,false,false
heat_depth_neg_035,-0.35,yes,no,no,0.0236784330357497,,0.054035604685061,,0.10255348512929666,0.09950151663699644,,-0.05612618735199111,,0.1197853519523809,HCO,eCEPP,avdz,CCSD(T),-22.183240838383,false,false,false,false
heat_depth_neg_035,-0.35,yes,no,no,0.020213896117323184,,0.02719709434437262,,0.109159696776795,0.07358477734228354,,-0.08286241552230267,,0.11832451277695022,HCO,eCEPP,avtz,CCSD(T),-22.212302846782,false,false,false,false
heat_depth_neg_035,-0.35,yes,no,no,,0.16356831093712165,0.053446502487945,,,,0.13382322627997997,0.007135161421322363,,,HF,eCEPP,avdz,CCSD(T),-24.860954679794,false,false,false,false
heat_depth_neg_035,-0.35,yes,no,no,,0.1681661291140763,0.03390617259351033,,,,0.1345541726639533,-0.018173249172084023,,,HF,eCEPP,avtz,CCSD(T),-24.878252068543,false,false,false,false
heat_depth_neg_035,-0.35,yes,no,no,,,0.047734509758180665,0.050950773831447,0.094389063053262,,,-0.04924125860088222,0.097351329838648,0.11956299782584133,HNO,eCEPP,avdz,CCSD(T),-26.41576090783,false,false,false,false
heat_depth_neg_035,-0.35,yes,no,no,,,0.030415042377524036,0.05139658257970234,0.10214790830419465,,,-0.07119341768738977,0.09706794384967778,0.11519989911473155,HNO,eCEPP,avtz,CCSD(T),-26.443735006568,false,false,false,false
heat_depth_neg_035,-0.35,yes,no,no,,,0.04517493509571067,,0.09241415231356433,,,-0.02315957165627916,,0.1121909687487551,HO2,eCEPP,avdz,CCSD(T),-32.444179392695,false,false,false,false
heat_depth_neg_035,-0.35,yes,no,no,,,0.035167073362921,,0.09681242972092566,,,-0.04872435722599555,,0.11259182757326178,HO2,eCEPP,avtz,CCSD(T),-32.47778073738,false,false,false,false
heat_depth_neg_035,-0.35,yes,no,no,,,,0.05587226872401433,,,,,0.1306072895112529,,N,eCEPP,avdz,CCSD(T),-9.760774874203,false,false,false,false
heat_depth_neg_035,-0.35,yes,no,no,,,,0.06147706663713699,,,,,0.13986429948873466,,N,eCEPP,avtz,CCSD(T),-9.769137086742,false,false,false,false
heat_depth_neg_035,-0.35,yes,no,no,,,,0.057015487029799666,,,,,0.12366484426697866,,N2,eCEPP,avdz,CCSD(T),-19.86965589086,false,false,false,false
heat_depth_neg_035,-0.35,yes,no,no,,,,0.054337209074705996,,,,,0.11154331969293155,,N2,eCEPP,avtz,CCSD(T),-19.896966686054,false,false,false,false
heat_depth_neg_035,-0.35,yes,no,no,,,0.05020987051350666,0.061374414282760664,,,,-0.027133097590251638,0.12579100229490134,,NH,eCEPP,avdz,CCSD(T),-10.38835656213,false,false,false,false
heat_depth_neg_035,-0.35,yes,no,no,,,0.028661522457308592,0.062332662987045664,,,,-0.05257632276499955,0.122174492162108,,NH,eCEPP,avtz,CCSD(T),-10.399815914556,false,false,false,false
heat_depth_neg_035,-0.35,yes,no,no,,,0.04823520451136,0.060153127474667,,,,-0.03000036717784863,0.11986720847313512,,NH2,eCEPP,avdz,CCSD(T),-11.04173889856,false,false,false,false
heat_depth_neg_035,-0.35,yes,no,no,,,0.02884276357412436,0.064416311526521,,,,-0.05140337299492533,0.116517508572736,,NH2,eCEPP,avtz,CCSD(T),-11.056618725901,false,false,false,false
heat_depth_neg_035,-0.35,yes,no,no,,,0.04790169995296199,0.05883660542536366,,,,-0.031159999655318897,0.11208779615177866,,NH3,eCEPP,avdz,CCSD(T),-11.720009527361,false,false,false,false
heat_depth_neg_035,-0.35,yes,no,no,,,0.029108403586257964,0.06806892296369867,,,,-0.053753552456107995,0.11298991148034132,,NH3,eCEPP,avtz,CCSD(T),-11.738298439344,false,false,false,false
heat_depth_neg_035,-0.35,yes,no,no,,,,0.05091991061795967,0.09652573667838033,,,,0.11039128061192532,0.12682335306804887,NO,eCEPP,avdz,CCSD(T),-25.83198222935,false,false,false,false
heat_depth_neg_035,-0.35,yes,no,no,,,,0.047659400937233004,0.10079241155200266,,,,0.102597167200268,0.12390132098777111,NO,eCEPP,avtz,CCSD(T),-25.860412280399,false,false,false,false
heat_depth_neg_035,-0.35,yes,no,no,,,,,0.09837347083072132,,,,,0.14269239625128977,O,eCEPP,avdz,CCSD(T),-15.83506951044,false,false,false,false
heat_depth_neg_035,-0.35,yes,no,no,,,,,0.09687631192573533,,,,,0.1438447945099311,O,eCEPP,avtz,CCSD(T),-15.850836797383,false,false,false,false
heat_depth_neg_035,-0.35,yes,no,no,,,,,0.09102111954080533,,,,,0.11971892816271823,O2,eCEPP,avdz,CCSD(T),-31.861639107498,false,false,false,false
heat_depth_neg_035,-0.35,yes,no,no,,,,,0.09521268986903199,,,,,0.11764596846288933,O2,eCEPP,avtz,CCSD(T),-31.892274490777,false,false,false,false
heat_depth_neg_035,-0.35,yes,no,no,,0.15702837334703934,,,0.09086785124184367,,0.12118248786630088,,,0.11406411250425022,OF,eCEPP,avdz,CCSD(T),-40.057632912437,false,false,false,false
heat_depth_neg_035,-0.35,yes,no,no,,0.1650696778592523,,,0.09246778225876667,,0.11829839348790622,,,0.11063710881030665,OF,eCEPP,avtz,CCSD(T),-40.088920506918,false,false,false,false
heat_depth_neg_035,-0.35,yes,no,no,,,0.04321305099196266,,0.09850122086332799,,,-0.007245958031625342,,0.1419441596393671,OH,eCEPP,avdz,CCSD(T),-16.502028580532,false,false,false,false
heat_depth_neg_035,-0.35,yes,no,no,,,0.033469697810983995,,0.104713498621421,,,-0.031243189579106625,,0.13789752770630576,OH,eCEPP,avtz,CCSD(T),-16.52035150234,false,false,false,false
heat_depth_neg_037,-0.37,yes,no,no,0.031921582755538885,,,,,0.08145210907315867,,,,,C,eCEPP,avdz,CCSD(T),-5.416248126652,false,false,false,false
heat_depth_neg_037,-0.37,yes,no,no,0.032951811113116125,,,,,0.11394681494991865,,,,,C,eCEPP,avtz,CCSD(T),-5.421007660803,false,false,false,false
heat_depth_neg_037,-0.37,yes,no,no,0.032014425287030544,,0.056902060933223336,,,0.092153632481888,,-0.03169649575766568,,,C2H,eCEPP,avdz,CCSD(T),-11.732995602098,false,false,false,false
heat_depth_neg_037,-0.37,yes,no,no,0.029763021779596374,,0.030339745241793892,,,0.09249086387375377,,-0.06735749416988888,,,C2H,eCEPP,avtz,CCSD(T),-11.757683471975,false,false,false,false
heat_depth_neg_037,-0.37,yes,no,no,0.037200113257006666,,0.055952119720267326,,,0.08881198198003955,,-0.033812954790563,,,C2H2,eCEPP,avdz,CCSD(T),-12.451684601664,false,false,false,false
heat_depth_neg_037,-0.37,yes,no,no,0.037001694086751,,0.03159767075621264,,,0.08415353656611334,,-0.070075352884148,,,C2H2,eCEPP,avtz,CCSD(T),-12.479297029521,false,false,false,false
heat_depth_neg_037,-0.37,yes,no,no,0.016504148397939192,0.160771497447458,,,,0.09118081355499065,0.14392804293592268,,,,CF,eCEPP,avdz,CCSD(T),-29.763036179188,false,false,false,false
heat_depth_neg_037,-0.37,yes,no,no,0.01896540845053972,0.1707962700927223,,,,0.07852297779889066,0.1381902013703538,,,,CF,eCEPP,avtz,CCSD(T),-29.786527076493,false,false,false,false
heat_depth_neg_037,-0.37,yes,no,no,0.02980437131032102,,0.056258939468517,,,0.09485226895378933,,-0.05266022174569422,,,CH,eCEPP,avdz,CCSD(T),-6.045266368673,false,false,false,false
heat_depth_neg_037,-0.37,yes,no,no,0.03267044191556605,,0.026201387675244422,,,0.11283561015673332,,-0.07730909184040399,,,CH,eCEPP,avtz,CCSD(T),-6.053645397887,false,false,false,false
heat_depth_neg_037,-0.37,yes,no,no,0.02655240628732496,,0.054785223667601995,,,0.09797699114328089,,-0.04032165454928783,,,CH2,eCEPP,avdz,CCSD(T),-6.710785438105,false,false,false,false
heat_depth_neg_037,-0.37,yes,no,no,0.038424504017736,,0.02787418069563941,,,0.10157136269670443,,-0.06899295946502622,,,CH2,eCEPP,avtz,CCSD(T),-6.721946601367,false,false,false,false
heat_depth_neg_037,-0.37,yes,no,no,0.023400444036850047,,0.05428296278567667,,,0.08981047395212488,,-0.04488159832402445,,,CH3,eCEPP,avdz,CCSD(T),-7.392957090264,false,false,false,false
heat_depth_neg_037,-0.37,yes,no,no,0.035678497492053,,0.028433450225282556,,,0.10787698030136578,,-0.0792435406157951,,,CH3,eCEPP,avtz,CCSD(T),-7.407569233214,false,false,false,false
heat_depth_neg_037,-0.37,yes,no,no,0.025288237733592095,,,0.05664115044843133,,0.11349832435228133,,,0.12452045825112622,,CN,eCEPP,avdz,CCSD(T),-15.451437628306,false,false,false,false
heat_depth_neg_037,-0.37,yes,no,no,0.020796524687097508,,,0.060137758509482664,,0.0922982766465831,,,0.12303328011426577,,CN,eCEPP,avtz,CCSD(T),-15.473799021342,false,false,false,false
heat_depth_neg_037,-0.37,yes,no,no,0.02199492305807685,,,,0.101670146092669,0.11335244702431911,,,,0.14194842099615954,CO,eCEPP,avdz,CCSD(T),-21.656201266423,false,false,false,false
heat_depth_neg_037,-0.37,yes,no,no,0.015019890878394941,,,,0.10342150675449666,0.10169313844910755,,,,0.13686762412990267,CO,eCEPP,avtz,CCSD(T),-21.683951730835,false,false,false,false
heat_depth_neg_037,-0.37,yes,no,no,0.02300434291671576,,,,0.10599859777458766,0.08822990646279111,,,,0.13705973907688845,CO2,eCEPP,avdz,CCSD(T),-37.696564634821,false,false,false,false
heat_depth_neg_037,-0.37,yes,no,no,0.020132563750275518,,,,0.112993216422417,0.06024340024747999,,,,0.13030751283273734,CO2,eCEPP,avtz,CCSD(T),-37.73961252979,false,false,false,false
heat_depth_neg_037,-0.37,yes,no,no,,0.16187844131588666,,,,,0.13616056983830888,,,,F,eCEPP,avdz,CCSD(T),-24.140194373414,false,false,false,false
heat_depth_neg_037,-0.37,yes,no,no,,0.16107188336866732,,,,,0.13737762589208533,,,,F,eCEPP,avtz,CCSD(T),-24.154129895461,false,false,false,false
heat_depth_neg_037,-0.37,yes,no,no,,0.15486588207303564,,,,,0.13692262718475465,,,,F2,eCEPP,avdz,CCSD(T),-48.346188515547,false,false,false,false
heat_depth_neg_037,-0.37,yes,no,no,,0.15126078169833598,,,,,0.13518374941334665,,,,F2,eCEPP,avtz,CCSD(T),-48.373653470142,false,false,false,false
heat_depth_neg_037,-0.37,yes,no,no,,,0.07145808028676766,,,,,,,,H2,eCEPP,avdz,CCSD(T),-1.169435284186,false,false,false,false
heat_depth_neg_037,-0.37,yes,no,no,,,0.027677026575579414,,,,,,,,H2,eCEPP,avtz,CCSD(T),-1.173978570721,false,false,false,false
heat_depth_neg_037,-0.37,yes,no,no,,,0.04046159134532466,,0.09943237217418734,,,0.006500638546478911,,0.14255489605099955,H2O,eCEPP,avdz,CCSD(T),-17.200462358208,false,false,false,false
heat_depth_neg_037,-0.37,yes,no,no,,,0.031540706513569876,,0.10694978333477834,,,-0.011949411352217217,,0.14647529745548354,H2O,eCEPP,avtz,CCSD(T),-17.219772049417,false,false,false,false
heat_depth_neg_037,-0.37,yes,no,no,,,0.04532978805438566,,0.09682626405430966,,,-0.009010245086047216,,0.12366009604278622,H2O2,eCEPP,avdz,CCSD(T),-33.092918103207,false,false,false,false
heat_depth_neg_037,-0.37,yes,no,no,,,0.036708621415311664,,0.103766082735355,,,-0.036800725459869434,,0.12083140856737687,H2O2,eCEPP,avtz,CCSD(T),-33.127160161395,false,false,false,false
heat_depth_neg_037,-0.37,yes,no,no,0.030073607004242463,,0.053970144167052994,0.05889434797010666,,0.09010839913322044,,-0.015171117313050778,0.1226965866637711,,HCN,eCEPP,avdz,CCSD(T),-16.158428966469,false,false,false,false
heat_depth_neg_037,-0.37,yes,no,no,0.029076955942171474,,0.030488266340976417,0.06255742206664233,,0.09822930646440665,,-0.05911157213895911,0.12118529206176,,HCN,eCEPP,avtz,CCSD(T),-16.183319350337,false,false,false,false
heat_depth_neg_037,-0.37,yes,no,no,0.02152809493868115,,0.05325162548585733,,0.09902287076237966,0.09592484758628667,,-0.03088480860734482,,0.139970718763488,HCO,eCEPP,avdz,CCSD(T),-22.186934508816,false,false,false,false
heat_depth_neg_037,-0.37,yes,no,no,0.021300857045918085,,0.027774462888273718,,0.10872545405812434,0.08606214923623066,,-0.06655101047131289,,0.1339774725568671,HCO,eCEPP,avtz,CCSD(T),-22.214375962545,false,false,false,false
heat_depth_neg_037,-0.37,yes,no,no,,0.16560830702222032,0.05269010042263367,,,,0.14002676390248753,0.013206619980722478,,,HF,eCEPP,avdz,CCSD(T),-24.862216956055,false,false,false,false
heat_depth_neg_037,-0.37,yes,no,no,,0.16903598804189335,0.034241304910227664,,,,0.14030432962810133,-0.010758166828157863,,,HF,eCEPP,avtz,CCSD(T),-24.879063884957,false,false,false,false
heat_depth_neg_037,-0.37,yes,no,no,,,0.04704392811415166,0.04969747578094833,0.09242047842345,,,-0.033004522412510943,0.11608124532887733,0.1368034852013089,HNO,eCEPP,avdz,CCSD(T),-26.420355497782,false,false,false,false
heat_depth_neg_037,-0.37,yes,no,no,,,0.03001685915042149,0.04844856712538366,0.09921932437101566,,,-0.05820341755637644,0.11494102108737689,0.1372136680508,HNO,eCEPP,avtz,CCSD(T),-26.446134669684,false,false,false,false
heat_depth_neg_037,-0.37,yes,no,no,,,0.044676968452594,,0.08978154964362267,,,-0.007224229666248297,,0.12979482632479153,HO2,eCEPP,avdz,CCSD(T),-32.449910637024,false,false,false,false
heat_depth_neg_037,-0.37,yes,no,no,,,0.03652290624851599,,0.09227033626703832,,,-0.0341524625140089,,0.12812158460534354,HO2,eCEPP,avtz,CCSD(T),-32.480870343771,false,false,false,false
heat_depth_neg_037,-0.37,yes,no,no,,,,0.06270594319023066,,,,,0.13735148135957023,,N,eCEPP,avdz,CCSD(T),-9.761499631263,false,false,false,false
heat_depth_neg_037,-0.37,yes,no,no,,,,0.061964078836278,,,,,0.14318549105274486,,N,eCEPP,avtz,CCSD(T),-9.769168831995,false,false,false,false
heat_depth_neg_037,-0.37,yes,no,no,,,,0.05443593199082633,,,,,0.14117539388961464,,N2,eCEPP,avdz,CCSD(T),-19.872646534898,false,false,false,false
heat_depth_neg_037,-0.37,yes,no,no,,,,0.050661900600886996,,,,,0.12769646838052845,,N2,eCEPP,avtz,CCSD(T),-19.898576048034,false,false,false,false
heat_depth_neg_037,-0.37,yes,no,no,,,0.049993259812160996,0.05958580310922066,,,,-0.01739767014820593,0.13389707927573732,,NH,eCEPP,avdz,CCSD(T),-10.389270788785,false,false,false,false
heat_depth_neg_037,-0.37,yes,no,no,,,0.028644022471179288,0.06206650315799733,,,,-0.03809290220959727,0.14679668557508221,,NH,eCEPP,avtz,CCSD(T),-10.400146028382,false,false,false,false
heat_depth_neg_037,-0.37,yes,no,no,,,0.048847045750043325,0.05886123454845933,,,,-0.013954170945010393,0.1340011546708449,,NH2,eCEPP,avdz,CCSD(T),-11.043144781966,false,false,false,false
heat_depth_neg_037,-0.37,yes,no,no,,,0.02815455070559949,0.064484646339767,,,,-0.040664254155425225,0.1287838732969071,,NH2,eCEPP,avtz,CCSD(T),-11.057129505473,false,false,false,false
heat_depth_neg_037,-0.37,yes,no,no,,,0.04738155520727366,0.05946668539701567,,,,-0.017359967055777747,0.124739265077084,,NH3,eCEPP,avdz,CCSD(T),-11.722006509834,false,false,false,false
heat_depth_neg_037,-0.37,yes,no,no,,,0.02922883004546832,0.06696090225614999,,,,-0.043274906946500276,0.1306259760870351,,NH3,eCEPP,avtz,CCSD(T),-11.739052650487,false,false,false,false
heat_depth_neg_037,-0.37,yes,no,no,,,,0.049524163269957,0.09391360464350099,,,,0.1264700956750111,0.143436614307428,NO,eCEPP,avdz,CCSD(T),-25.836131958266,false,false,false,false
heat_depth_neg_037,-0.37,yes,no,no,,,,0.044558952513159666,0.09866973630878634,,,,0.12412809926569644,0.13659437962642712,NO,eCEPP,avtz,CCSD(T),-25.862502163073,false,false,false,false
heat_depth_neg_037,-0.37,yes,no,no,,,,,0.09891359758073533,,,,,0.14855070144998667,O,eCEPP,avdz,CCSD(T),-15.835551183459,false,false,false,false
heat_depth_neg_037,-0.37,yes,no,no,,,,,0.10077748093433099,,,,,0.14627439672712933,O,eCEPP,avtz,CCSD(T),-15.851234439046,false,false,false,false
heat_depth_neg_037,-0.37,yes,no,no,,,,,0.08735311009840266,,,,,0.13794843694374223,O2,eCEPP,avdz,CCSD(T),-31.867044938307,false,false,false,false
heat_depth_neg_037,-0.37,yes,no,no,,,,,0.09254925603548465,,,,,0.1366363300792733,O2,eCEPP,avtz,CCSD(T),-31.8947846139,false,false,false,false
heat_depth_neg_037,-0.37,yes,no,no,,0.15468726272593433,,,0.08793717065557867,,0.1392968096970991,,,0.13241303062487467,OF,eCEPP,avdz,CCSD(T),-40.063587343881,false,false,false,false
heat_depth_neg_037,-0.37,yes,no,no,,0.159946651498602,,,0.09025812773628866,,0.13578845020580846,,,0.12878546181807954,OF,eCEPP,avtz,CCSD(T),-40.091982335236,false,false,false,false
heat_depth_neg_037,-0.37,yes,no,no,,,0.042955582950924,,0.09734129902177333,,,0.000640431796520092,,0.14956894981222044,OH,eCEPP,avdz,CCSD(T),-16.503099644937,false,false,false,false
heat_depth_neg_037,-0.37,yes,no,no,,,0.03312988792746126,,0.10305356518668898,,,-0.01895940167994602,,0.14700681898833867,OH,eCEPP,avtz,CCSD(T),-16.520669057826,false,false,false,false
heat_depth_neg_039,-0.39,yes,no,no,0.03348118552005666,,,,,0.12094117468473244,,,,,C,eCEPP,avdz,CCSD(T),-5.416613420091,false,false,false,false
heat_depth_neg_039,-0.39,yes,no,no,0.03331396349626828,,,,,0.156393240500136,,,,,C,eCEPP,avtz,CCSD(T),-5.420983731825,false,false,false,false
heat_depth_neg_039,-0.39,yes,no,no,0.028107838593099045,,0.05644762417813133,,,0.11267474655940132,,-0.014635607232967062,,,C2H,eCEPP,avdz,CCSD(T),-11.735539116761,false,false,false,false
heat_depth_neg_039,-0.39,yes,no,no,0.03023425099439226,,0.030717636227730515,,,0.10963151901198755,,-0.05143064643060177,,,C2H,eCEPP,avtz,CCSD(T),-11.758887029948,false,false,false,false
heat_depth_neg_039,-0.39,yes,no,no,0.034078830249713,,0.05643758873815933,,,0.11635062596830845,,-0.02137255721062868,,,C2H2,eCEPP,avdz,CCSD(T),-12.454310034389,false,false,false,false
heat_depth_neg_039,-0.39,yes,no,no,0.03502965368858466,,0.03181983663643935,,,0.10075284594240799,,-0.06505684906547422,,,C2H2,eCEPP,avtz,CCSD(T),-12.480446246035,false,false,false,false
heat_depth_neg_039,-0.39,yes,no,no,0.01637410249186766,0.15676428280362265,,,,0.12231310568147823,0.1606202147164462,,,,CF,eCEPP,avdz,CCSD(T),-29.767267534375,false,false,false,false
heat_depth_neg_039,-0.39,yes,no,no,0.016570345294945714,0.16813564978257334,,,,0.10000259466918356,0.15356811236563067,,,,CF,eCEPP,avtz,CCSD(T),-29.78864785177,false,false,false,false
heat_depth_neg_039,-0.39,yes,no,no,0.030238761390941817,,0.05452895850585166,,,0.12505677189130132,,-0.033182967588040596,,,CH,eCEPP,avdz,CCSD(T),-6.045712429164,false,false,false,false
heat_depth_neg_039,-0.39,yes,no,no,0.03207147637229086,,0.026427683463589695,,,0.10753549970875288,,-0.06871812657525822,,,CH,eCEPP,avtz,CCSD(T),-6.053805958515,false,false,false,false
heat_depth_neg_039,-0.39,yes,no,no,0.026362730704590127,,0.05503213746613833,,,0.11617457466089466,,-0.029612790242475012,,,CH2,eCEPP,avdz,CCSD(T),-6.711622763089,false,false,false,false
heat_depth_neg_039,-0.39,yes,no,no,0.03640443117194633,,0.028060744295822507,,,0.12337327281275955,,-0.05643895229168577,,,CH2,eCEPP,avtz,CCSD(T),-6.722258789483,false,false,false,false
heat_depth_neg_039,-0.39,yes,no,no,0.018312507662830407,,0.05391502570471033,,,0.12883363219482089,,-0.0332804015538677,,,CH3,eCEPP,avdz,CCSD(T),-7.394292483674,false,false,false,false
heat_depth_neg_039,-0.39,yes,no,no,0.03531195225249033,,0.028075885501109586,,,0.11377012737091198,,-0.06049008531124711,,,CH3,eCEPP,avtz,CCSD(T),-7.407995778433,false,false,false,false
heat_depth_neg_039,-0.39,yes,no,no,0.023352199627088573,,,0.05328695954606033,,0.13481845658070665,,,0.1444360002123862,,CN,eCEPP,avdz,CCSD(T),-15.4541564864,false,false,false,false
heat_depth_neg_039,-0.39,yes,no,no,0.01795404453504749,,,0.05764965977002799,,0.121828739829652,,,0.1365877252712391,,CN,eCEPP,avtz,CCSD(T),-15.475179028803,false,false,false,false
heat_depth_neg_039,-0.39,yes,no,no,0.02093717335068645,,,,0.099302038385577,0.12270341093418177,,,,0.16022276255470488,CO,eCEPP,avdz,CCSD(T),-21.659773555591,false,false,false,false
heat_depth_neg_039,-0.39,yes,no,no,0.015400903875235007,,,,0.10286188515613666,0.11663409193633956,,,,0.15550271070548533,CO,eCEPP,avtz,CCSD(T),-21.685622837325,false,false,false,false
heat_depth_neg_039,-0.39,yes,no,no,0.022223591975679916,,,,0.10382353791288132,0.09691059585389021,,,,0.15357924428653688,CO2,eCEPP,avdz,CCSD(T),-37.703645244395,false,false,false,false
heat_depth_neg_039,-0.39,yes,no,no,0.01886191636658923,,,,0.11073722262621834,0.06815530945700489,,,,0.14789555791516665,CO2,eCEPP,avtz,CCSD(T),-37.742930560928,false,false,false,false
heat_depth_neg_039,-0.39,yes,no,no,,0.16508534324465832,,,,,0.1409860090052293,,,,F,eCEPP,avdz,CCSD(T),-24.140745119948,false,false,false,false
heat_depth_neg_039,-0.39,yes,no,no,,0.16277531060881334,,,,,0.14153170115877245,,,,F,eCEPP,avtz,CCSD(T),-24.154781290401,false,false,false,false
heat_depth_neg_039,-0.39,yes,no,no,,0.15225323521474166,,,,,0.15407829521610975,,,,F2,eCEPP,avdz,CCSD(T),-48.35292310328,false,false,false,false
heat_depth_neg_039,-0.39,yes,no,no,,0.1536956113278573,,,,,0.15135620453534177,,,,F2,eCEPP,avtz,CCSD(T),-48.377354673204,false,false,false,false
heat_depth_neg_039,-0.39,yes,no,no,,,0.07138898747777833,,,,,,,,H2,eCEPP,avdz,CCSD(T),-1.169439915847,false,false,false,false
heat_depth_neg_039,-0.39,yes,no,no,,,0.02789212966727203,,,,,,,,H2,eCEPP,avtz,CCSD(T),-1.173974899243,false,false,false,false
heat_depth_neg_039,-0.39,yes,no,no,,,0.041221123990502664,,0.09812329686778766,,,0.016689840284758787,,0.15612153559422354,H2O,eCEPP,avdz,CCSD(T),-17.202231363134,false,false,false,false
heat_depth_neg_039,-0.39,yes,no,no,,,0.03157593666725866,,0.10662724524377067,,,-0.005263575535817022,,0.1568421689183471,H2O,eCEPP,avtz,CCSD(T),-17.220754218762,false,false,false,false
heat_depth_neg_039,-0.39,yes,no,no,,,0.04459826451351166,,0.09487644988446699,,,0.006016952863056591,,0.13920726962388177,H2O2,eCEPP,avdz,CCSD(T),-33.099169341637,false,false,false,false
heat_depth_neg_039,-0.39,yes,no,no,,,0.03543852464892933,,0.10164872376727899,,,-0.023316021602841606,,0.13833613209889245,H2O2,eCEPP,avtz,CCSD(T),-33.130582498956,false,false,false,false
heat_depth_neg_039,-0.39,yes,no,no,0.028830425438341058,,0.054861046363673324,0.05800276379678966,,0.11962532686794043,,-0.0009932333559700048,0.1404426962167902,,HCN,eCEPP,avdz,CCSD(T),-16.161716862799,false,false,false,false
heat_depth_neg_039,-0.39,yes,no,no,0.033570262686398664,,0.029922300576124525,0.059726275505440664,,0.128821053622292,,-0.041090998917414315,0.138555249569384,,HCN,eCEPP,avtz,CCSD(T),-16.184785153457,false,false,false,false
heat_depth_neg_039,-0.39,yes,no,no,0.0197381838017359,,0.05384006103304499,,0.08025142388583734,0.12039575887075687,,-0.0271881552782286,,0.16777273415105157,HCO,eCEPP,avdz,CCSD(T),-22.189617672921,false,false,false,false
heat_depth_neg_039,-0.39,yes,no,no,0.016680048914393373,,0.02729301573294832,,0.10501889796769433,0.10298280622696754,,-0.05599123097339511,,0.15140083332103021,HCO,eCEPP,avtz,CCSD(T),-22.216182620509,false,false,false,false
heat_depth_neg_039,-0.39,yes,no,no,,0.16352615441258533,0.05296535229722,,,,0.14591233609222753,0.01972961337990956,,,HF,eCEPP,avdz,CCSD(T),-24.863195343241,false,false,false,false
heat_depth_neg_039,-0.39,yes,no,no,,0.16932835880732,0.03379990290479,,,,0.14771107235347777,-0.012491098979857843,,,HF,eCEPP,avtz,CCSD(T),-24.879737537113,false,false,false,false
heat_depth_neg_039,-0.39,yes,no,no,,,0.04692566676798933,0.048439731008963996,0.08881605986119065,,,-0.021781829256019174,0.13369452152705155,0.1555336289149431,HNO,eCEPP,avdz,CCSD(T),-26.425314175276,false,false,false,false
heat_depth_neg_039,-0.39,yes,no,no,,,0.029982824797759496,0.047549275069710996,0.094716370309296,,,-0.043122539496569495,0.1286991530351418,0.15130836242750756,HNO,eCEPP,avtz,CCSD(T),-26.44872435258,false,false,false,false
heat_depth_neg_039,-0.39,yes,no,no,,,0.04353171900308633,,0.08684979845037333,,,0.004434747549858415,,0.14728617713015332,HO2,eCEPP,avdz,CCSD(T),-32.456190748641,false,false,false,false
heat_depth_neg_039,-0.39,yes,no,no,,,0.033886799242714996,,0.09082639307214066,,,-0.02070306834827928,,0.14684880275934578,HO2,eCEPP,avtz,CCSD(T),-32.484002061299,false,false,false,false
heat_depth_neg_039,-0.39,yes,no,no,,,,0.061111649980911995,,,,,0.15020661344477332,,N,eCEPP,avdz,CCSD(T),-9.761636613337,false,false,false,false
heat_depth_neg_039,-0.39,yes,no,no,,,,0.062257398285285995,,,,,0.15019659744046535,,N,eCEPP,avtz,CCSD(T),-9.769381483572,false,false,false,false
heat_depth_neg_039,-0.39,yes,no,no,,,,0.052855367866885,,,,,0.1514275624200991,,N2,eCEPP,avdz,CCSD(T),-19.876363915511,false,false,false,false
heat_depth_neg_039,-0.39,yes,no,no,,,,0.051316863251434336,,,,,0.14344193525492266,,N2,eCEPP,avtz,CCSD(T),-19.90044897166,false,false,false,false
heat_depth_neg_039,-0.39,yes,no,no,,,0.04906589614462199,0.059031319411021334,,,,-0.004289004547831669,0.14963710366497554,,NH,eCEPP,avdz,CCSD(T),-10.389933364211,false,false,false,false
heat_depth_neg_039,-0.39,yes,no,no,,,0.028082348803544675,0.062466772282423325,,,,-0.024376641820156565,0.15188984439757466,,NH,eCEPP,avtz,CCSD(T),-10.400548402532,false,false,false,false
heat_depth_neg_039,-0.39,yes,no,no,,,0.048046021327082335,0.057568315430837666,,,,-0.004770550776616488,0.14272893763585154,,NH2,eCEPP,avdz,CCSD(T),-11.044405898307,false,false,false,false
heat_depth_neg_039,-0.39,yes,no,no,,,0.029189699943900638,0.063189432414788,,,,-0.02475783724512767,0.14392567124937775,,NH2,eCEPP,avtz,CCSD(T),-11.057813445897,false,false,false,false
heat_depth_neg_039,-0.39,yes,no,no,,,0.047607139266661665,0.05816054042702033,,,,-0.0054779078178764885,0.13962857563196088,,NH3,eCEPP,avdz,CCSD(T),-11.723812071076,false,false,false,false
heat_depth_neg_039,-0.39,yes,no,no,,,0.02959739475642351,0.06723242264433232,,,,-0.030354347708913654,0.14231659048014533,,NH3,eCEPP,avtz,CCSD(T),-11.739970178539,false,false,false,false
heat_depth_neg_039,-0.39,yes,no,no,,,,0.04668844640342999,0.09153119081652167,,,,0.14798932290662445,0.15805270952729242,NO,eCEPP,avdz,CCSD(T),-25.840416486377,false,false,false,false
heat_depth_neg_039,-0.39,yes,no,no,,,,0.042668916564512,0.095541446343678,,,,0.1390816095251591,0.15522308822032,NO,eCEPP,avtz,CCSD(T),-25.864888607011,false,false,false,false
heat_depth_neg_039,-0.39,yes,no,no,,,,,0.098441348349315,,,,,0.15755129244058177,O,eCEPP,avdz,CCSD(T),-15.836265088395,false,false,false,false
heat_depth_neg_039,-0.39,yes,no,no,,,,,0.09969853398679665,,,,,0.15421089878095065,O,eCEPP,avtz,CCSD(T),-15.851412011034,false,false,false,false
heat_depth_neg_039,-0.39,yes,no,no,,,,,0.08640163658618033,,,,,0.1541844915034502,O2,eCEPP,avdz,CCSD(T),-31.872241507916,false,false,false,false
heat_depth_neg_039,-0.39,yes,no,no,,,,,0.09011149806050067,,,,,0.15103433665028712,O2,eCEPP,avtz,CCSD(T),-31.897856603616,false,false,false,false
heat_depth_neg_039,-0.39,yes,no,no,,0.15310850350398666,,,0.08571148340900499,,0.1569118214510929,,,0.14864264387486845,OF,eCEPP,avdz,CCSD(T),-40.069733614452,false,false,false,false
heat_depth_neg_039,-0.39,yes,no,no,,0.15728314467370433,,,0.08687911068302367,,0.15434475350636845,,,0.14705398199427377,OF,eCEPP,avtz,CCSD(T),-40.095303433729,false,false,false,false
heat_depth_neg_039,-0.39,yes,no,no,,,0.041730964105566995,,0.09746842613375101,,,0.012750148878640075,,0.15900430544872043,OH,eCEPP,avdz,CCSD(T),-16.504533683385,false,false,false,false
heat_depth_neg_039,-0.39,yes,no,no,,,0.03427313331229433,,0.09999790028749433,,,-0.007124136092586076,,0.15628963593426265,OH,eCEPP,avtz,CCSD(T),-16.521380491282,false,false,false,false
heat_depth_neg_04,-0.4,yes,no,no,0.033507212218780336,,,,,0.1394711823801902,,,,,C,eCEPP,avdz,CCSD(T),-5.416635949793,false,false,false,false
heat_depth_neg_04,-0.4,yes,no,no,0.033168581991132706,,,,,0.14407548511644355,,,,,C,eCEPP,avtz,CCSD(T),-5.42115768156,false,false,false,false
heat_depth_neg_04,-0.4,yes,no,no,0.025095652934024163,,0.057155690252713665,,,0.11802632687282444,,-0.009486716473193586,,,C2H,eCEPP,avdz,CCSD(T),-11.737186539913,false,false,false,false
heat_depth_neg_04,-0.4,yes,no,no,0.028662586681452676,,0.030375008550038926,,,0.1310584044292329,,-0.043104742233963204,,,C2H,eCEPP,avtz,CCSD(T),-11.759467351322,false,false,false,false
heat_depth_neg_04,-0.4,yes,no,no,0.03412565869803166,,0.055940433540742,,,0.1146276935365369,,-0.016578041001696395,,,C2H2,eCEPP,avdz,CCSD(T),-12.455873612669,false,false,false,false
heat_depth_neg_04,-0.4,yes,no,no,0.0330938711609655,,0.031309942483253035,,,0.12236469354346001,,-0.051271076388496,,,C2H2,eCEPP,avtz,CCSD(T),-12.481137492625,false,false,false,false
heat_depth_neg_04,-0.4,yes,no,no,0.014972893335160324,0.15517635984772665,,,,0.09367508426135644,0.16750823583381244,,,,CF,eCEPP,avdz,CCSD(T),-29.769605604612,false,false,false,false
heat_depth_neg_04,-0.4,yes,no,no,0.01582284438463686,0.16604512019538797,,,,0.08901160491634799,0.162711039380192,,,,CF,eCEPP,avtz,CCSD(T),-29.79011050312,false,false,false,false
heat_depth_neg_04,-0.4,yes,no,no,0.03245018938991032,,0.055176174832786,,,0.13152241824650354,,-0.0329671606669411,,,CH,eCEPP,avdz,CCSD(T),-6.04589940336,false,false,false,false
heat_depth_neg_04,-0.4,yes,no,no,0.032335526063711484,,0.025467522537431148,,,0.13438199085243868,,-0.05927380222216311,,,CH,eCEPP,avtz,CCSD(T),-6.053872955134,false,false,false,false
heat_depth_neg_04,-0.4,yes,no,no,0.026498599666778953,,0.05523427384259033,,,0.11987231403494489,,-0.02307977376731106,,,CH2,eCEPP,avdz,CCSD(T),-6.711984647489,false,false,false,false
heat_depth_neg_04,-0.4,yes,no,no,0.034131147195436,,0.02752822585969531,,,0.129335262327684,,-0.051598408983330665,,,CH2,eCEPP,avtz,CCSD(T),-6.722492358523,false,false,false,false
heat_depth_neg_04,-0.4,yes,no,no,0.01997198521577799,,0.05425882497925467,,,0.12447983147906266,,-0.027822072565868702,,,CH3,eCEPP,avdz,CCSD(T),-7.394957775364,false,false,false,false
heat_depth_neg_04,-0.4,yes,no,no,0.03674380063325633,,0.027361329670911136,,,0.12377189007795289,,-0.05770650032540088,,,CH3,eCEPP,avtz,CCSD(T),-7.408220697075,false,false,false,false
heat_depth_neg_04,-0.4,yes,no,no,0.022007529439112775,,,0.05433722622040733,,0.13067941886930087,,,0.14677298443193332,,CN,eCEPP,avdz,CCSD(T),-15.455703731939,false,false,false,false
heat_depth_neg_04,-0.4,yes,no,no,0.0146254157148873,,,0.05809624959528967,,0.12323561005836534,,,0.14831981472349376,,CN,eCEPP,avtz,CCSD(T),-15.475950856884,false,false,false,false
heat_depth_neg_04,-0.4,yes,no,no,0.02053259415261809,,,,0.09648725923098933,0.12215773466009643,,,,0.16526431760422622,CO,eCEPP,avdz,CCSD(T),-21.661599541538,false,false,false,false
heat_depth_neg_04,-0.4,yes,no,no,0.01436943484468386,,,,0.10170766143157367,0.11648950985874577,,,,0.165646475332912,CO,eCEPP,avtz,CCSD(T),-21.686814439867,false,false,false,false
heat_depth_neg_04,-0.4,yes,no,no,0.019534384710958225,,,,0.10322293396199433,0.10151677330614665,,,,0.1613139518524818,CO2,eCEPP,avdz,CCSD(T),-37.707323422148,false,false,false,false
heat_depth_neg_04,-0.4,yes,no,no,0.016686663872684443,,,,0.10959992528323832,0.08519706616037866,,,,0.15548594969131377,CO2,eCEPP,avtz,CCSD(T),-37.745120322852,false,false,false,false
heat_depth_neg_04,-0.4,yes,no,no,,0.17078325583961432,,,,,0.14010758476604712,,,,F,eCEPP,avdz,CCSD(T),-24.141377046434,false,false,false,false
heat_depth_neg_04,-0.4,yes,no,no,,0.16312306482802,,,,,0.14274433665797154,,,,F,eCEPP,avtz,CCSD(T),-24.154921987296,false,false,false,false
heat_depth_neg_04,-0.4,yes,no,no,,0.15011168159280533,,,,,0.16381481733506134,,,,F2,eCEPP,avdz,CCSD(T),-48.356807844586,false,false,false,false
heat_depth_neg_04,-0.4,yes,no,no,,0.15200009697592065,,,,,0.16126829428074532,,,,F2,eCEPP,avtz,CCSD(T),-48.379589780365,false,false,false,false
heat_depth_neg_04,-0.4,yes,no,no,,,0.07013715141619434,,,,,,,,H2,eCEPP,avdz,CCSD(T),-1.169394210244,false,false,false,false
heat_depth_neg_04,-0.4,yes,no,no,,,0.027095086692490684,,,,,,,,H2,eCEPP,avtz,CCSD(T),-1.173988412521,false,false,false,false
heat_depth_neg_04,-0.4,yes,no,no,,,0.04010443212669866,,0.09785766477318933,,,0.020330353344392125,,0.16222905481218577,H2O,eCEPP,avdz,CCSD(T),-17.203432810969,false,false,false,false
heat_depth_neg_04,-0.4,yes,no,no,,,0.032392438620590824,,0.10527850482589798,,,0.0003223122212647344,,0.16156360906287065,H2O,eCEPP,avtz,CCSD(T),-17.221248394504,false,false,false,false
heat_depth_neg_04,-0.4,yes,no,no,,,0.043454644267958004,,0.09339935837289066,,,0.014514794042446275,,0.14751680764951197,H2O2,eCEPP,avdz,CCSD(T),-33.103003036584,false,false,false,false
heat_depth_neg_04,-0.4,yes,no,no,,,0.03431828750962633,,0.10065915867728166,,,-0.008366085987666643,,0.14792114227835687,H2O2,eCEPP,avtz,CCSD(T),-33.132631013292,false,false,false,false
heat_depth_neg_04,-0.4,yes,no,no,0.027945686521468886,,0.05578874829124267,0.056154540150106,,0.1137624528897471,,0.0029101003513843167,0.1499958136349391,,HCN,eCEPP,avdz,CCSD(T),-16.163302941966,false,false,false,false
heat_depth_neg_04,-0.4,yes,no,no,0.016111261618408312,,0.029249522567312433,0.060473000334273,,0.11984137467548978,,-0.03339620555873845,0.14494919129917289,,HCN,eCEPP,avtz,CCSD(T),-16.185749877572,false,false,false,false
heat_depth_neg_04,-0.4,yes,no,no,0.019633297606745835,,0.05376317701637266,,0.09754413437084099,0.12531285415950488,,-0.014956618833342738,,0.16143798674222223,HCO,eCEPP,avdz,CCSD(T),-22.193614575558,false,false,false,false
heat_depth_neg_04,-0.4,yes,no,no,0.01574037180300905,,0.02741343798965938,,0.10388311829919433,0.10484940128339156,,-0.04707010855365333,,0.15803988301147068,HCO,eCEPP,avtz,CCSD(T),-22.217320439269,false,false,false,false
heat_depth_neg_04,-0.4,yes,no,no,,0.16474183603409231,0.052599876780070665,,,,0.14922093374901998,0.01965466692655983,,,HF,eCEPP,avdz,CCSD(T),-24.864004436635,false,false,false,false
heat_depth_neg_04,-0.4,yes,no,no,,0.16882350583757966,0.03387933805882633,,,,0.1504023059455071,-0.004964282807941786,,,HF,eCEPP,avtz,CCSD(T),-24.880210732269,false,false,false,false
heat_depth_neg_04,-0.4,yes,no,no,,,0.04714783365308266,0.047441969070883334,0.08897297137718399,,,-0.010675720911293625,0.13993533146758755,0.16113765825395643,HNO,eCEPP,avdz,CCSD(T),-26.428095058113,false,false,false,false
heat_depth_neg_04,-0.4,yes,no,no,,,0.029450170407161972,0.045419215259456,0.09394917629705632,,,-0.034643557789492054,0.13645990371090222,0.159274149229232,HNO,eCEPP,avtz,CCSD(T),-26.450342207619,false,false,false,false
heat_depth_neg_04,-0.4,yes,no,no,,,0.04300217823776166,,0.08502612677085633,,,0.009343170852451996,,0.15894630620291064,HO2,eCEPP,avdz,CCSD(T),-32.459744320648,false,false,false,false
heat_depth_neg_04,-0.4,yes,no,no,,,0.03264828958134337,,0.09149014917533199,,,-0.008069834263003534,,0.1557453803378711,HO2,eCEPP,avtz,CCSD(T),-32.486044421965,false,false,false,false
heat_depth_neg_04,-0.4,yes,no,no,,,,0.06067569045541633,,,,,0.15655858187648666,,N,eCEPP,avdz,CCSD(T),-9.761906743004,false,false,false,false
heat_depth_neg_04,-0.4,yes,no,no,,,,0.06132790468066233,,,,,0.162804843710928,,N,eCEPP,avtz,CCSD(T),-9.769413405583,false,false,false,false
heat_depth_neg_04,-0.4,yes,no,no,,,,0.05201030166697833,,,,,0.16144777646735733,,N2,eCEPP,avdz,CCSD(T),-19.87833502698,false,false,false,false
heat_depth_neg_04,-0.4,yes,no,no,,,,0.04944849447090533,,,,,0.15318124113527246,,N2,eCEPP,avtz,CCSD(T),-19.901521925401,false,false,false,false
heat_depth_neg_04,-0.4,yes,no,no,,,0.050233843120571664,0.059786179703877326,,,,0.0012067292351710009,0.1555013255484849,,NH,eCEPP,avdz,CCSD(T),-10.390499767114,false,false,false,false
heat_depth_neg_04,-0.4,yes,no,no,,,0.030136460010199546,0.062316412431035,,,,-0.01886602505023396,0.1542787420657191,,NH,eCEPP,avtz,CCSD(T),-10.400749047367,false,false,false,false
heat_depth_neg_04,-0.4,yes,no,no,,,0.049891993468125326,0.05796657446171966,,,,-0.0014692923754264617,0.151589583662196,,NH2,eCEPP,avdz,CCSD(T),-11.0453678817,false,false,false,false
heat_depth_neg_04,-0.4,yes,no,no,,,0.029665586513593377,0.062392860295823,,,,-0.020862301444821017,0.15232523223807243,,NH2,eCEPP,avtz,CCSD(T),-11.058205390149,false,false,false,false
heat_depth_neg_04,-0.4,yes,no,no,,,0.048393512101889996,0.057774721431896,,,,-0.0010583434822868274,0.14563531134704755,,NH3,eCEPP,avdz,CCSD(T),-11.724878290817,false,false,false,false
heat_depth_neg_04,-0.4,yes,no,no,,,0.029309856406258012,0.063560633239146,,,,-0.021722918200427706,0.15124802922808311,,NH3,eCEPP,avtz,CCSD(T),-11.740478148125,false,false,false,false
heat_depth_neg_04,-0.4,yes,no,no,,,,0.04438354896760666,0.08937847640576566,,,,0.1488942454702431,0.16782396029974755,NO,eCEPP,avdz,CCSD(T),-25.842727300867,false,false,false,false
heat_depth_neg_04,-0.4,yes,no,no,,,,0.042184650084529665,0.09605502028211133,,,,0.14563772780919199,0.16344890129383866,NO,eCEPP,avtz,CCSD(T),-25.866329532138,false,false,false,false
heat_depth_neg_04,-0.4,yes,no,no,,,,,0.09830082655651867,,,,,0.16136705025006398,O,eCEPP,avdz,CCSD(T),-15.836714486083,false,false,false,false
heat_depth_neg_04,-0.4,yes,no,no,,,,,0.09979665154398633,,,,,0.16034533426338976,O,eCEPP,avtz,CCSD(T),-15.851548140363,false,false,false,false
heat_depth_neg_04,-0.4,yes,no,no,,,,,0.08563118011134,,,,,0.16249319497663686,O2,eCEPP,avdz,CCSD(T),-31.875187465776,false,false,false,false
heat_depth_neg_04,-0.4,yes,no,no,,,,,0.08889581923405,,,,,0.16145347974073687,O2,eCEPP,avtz,CCSD(T),-31.899632434223,false,false,false,false
heat_depth_neg_04,-0.4,yes,no,no,,0.14993557651084,,,0.08483098404657866,,0.16591581879674133,,,0.1575685272275,OF,eCEPP,avdz,CCSD(T),-40.072759291481,false,false,false,false
heat_depth_neg_04,-0.4,yes,no,no,,0.15520997208709297,,,0.085421624093581,,0.16271426532369865,,,0.15606484310430221,OF,eCEPP,avtz,CCSD(T),-40.097355320835,false,false,false,false
heat_depth_neg_04,-0.4,yes,no,no,,,0.043813573151282995,,0.09861315284351332,,,0.014585645854616212,,0.16090668742225245,OH,eCEPP,avdz,CCSD(T),-16.505040827429,false,false,false,false
heat_depth_neg_04,-0.4,yes,no,no,,,0.03252571748463651,,0.10017354681465432,,,-0.003333874607620191,,0.16367195653446978,OH,eCEPP,avtz,CCSD(T),-16.521998558147,false,false,false,false
heat_depth_neg_041,-0.41,yes,no,no,0.027320163157270955,,,,,0.129122166422168,,,,,C,eCEPP,avdz,CCSD(T),-5.416968534261,false,false,false,false
heat_depth_neg_041,-0.41,yes,no,no,0.034178837617822665,,,,,0.14953337845129067,,,,,C,eCEPP,avtz,CCSD(T),-5.421146591927,false,false,false,false
heat_depth_neg_041,-0.41,yes,no,no,0.025904168350587054,,0.056711035930956666,,,0.13387748712130845,,0.0019476371567099418,,,C2H,eCEPP,avdz,CCSD(T),-11.737910511511,false,false,false,false
heat_depth_neg_041,-0.41,yes,no,no,0.028731842160769655,,0.03052379567074906,,,0.12753609626640133,,-0.038824110612707366,,,C2H,eCEPP,avtz,CCSD(T),-11.760047910916,false,false,false,false
heat_depth_neg_041,-0.41,yes,no,no,0.03450523193849233,,0.05697332896300167,,,0.12362451225573867,,-0.00917761976881168,,,C2H2,eCEPP,avdz,CCSD(T),-12.45757255579,false,false,false,false
heat_depth_neg_041,-0.41,yes,no,no,0.0322517379563636,,0.03167535014219816,,,0.12193386635784133,,-0.04520724882722888,,,C2H2,eCEPP,avtz,CCSD(T),-12.481622790257,false,false,false,false
heat_depth_neg_041,-0.41,yes,no,no,0.015292801389271799,0.15517708067632432,,,,0.12037087121716267,0.17585549875714487,,,,CF,eCEPP,avdz,CCSD(T),-29.771852820458,false,false,false,false
heat_depth_neg_041,-0.41,yes,no,no,0.014027971096094828,0.16557975564425198,,,,0.11168182687227378,0.17049655438952266,,,,CF,eCEPP,avtz,CCSD(T),-29.791041255133,false,false,false,false
heat_depth_neg_041,-0.41,yes,no,no,0.030117194564667812,,0.05483637071861667,,,0.12196428792815332,,-0.029279657810159582,,,CH,eCEPP,avdz,CCSD(T),-6.046480909527,false,false,false,false
heat_depth_neg_041,-0.41,yes,no,no,0.033548153958996,,0.02587735098105444,,,0.11241206453637866,,-0.056125322596995104,,,CH,eCEPP,avtz,CCSD(T),-6.054052886275,false,false,false,false
heat_depth_neg_041,-0.41,yes,no,no,0.028616852479422198,,0.055616214046808665,,,0.11115570424252665,,-0.01799445467186631,,,CH2,eCEPP,avdz,CCSD(T),-6.71270656235,false,false,false,false
heat_depth_neg_041,-0.41,yes,no,no,0.03725648397347833,,0.02776195388705617,,,0.12430583349917379,,-0.04496410133046711,,,CH2,eCEPP,avtz,CCSD(T),-6.722589297481,false,false,false,false
heat_depth_neg_041,-0.41,yes,no,no,0.019606616271196156,,0.053763485165108996,,,0.13534198367083022,,-0.020142003793988242,,,CH3,eCEPP,avdz,CCSD(T),-7.395573539334,false,false,false,false
heat_depth_neg_041,-0.41,yes,no,no,0.03464983466733833,,0.02785899845282494,,,0.14571585928002176,,-0.051559401084378224,,,CH3,eCEPP,avtz,CCSD(T),-7.408437043145,false,false,false,false
heat_depth_neg_041,-0.41,yes,no,no,0.021153866468822145,,,0.05411748397842733,,0.14338794657034087,,,0.15681880957704356,,CN,eCEPP,avdz,CCSD(T),-15.45715492073,false,false,false,false
heat_depth_neg_041,-0.41,yes,no,no,0.01458926072850146,,,0.058164174641852,,0.1322302874748049,,,0.14871218414552043,,CN,eCEPP,avtz,CCSD(T),-15.476793341226,false,false,false,false
heat_depth_neg_041,-0.41,yes,no,no,0.0198023446068901,,,,0.09611247240823201,0.13454859939263955,,,,0.17471913056282576,CO,eCEPP,avdz,CCSD(T),-21.663654646928,false,false,false,false
heat_depth_neg_041,-0.41,yes,no,no,0.010037061095829105,,,,0.10200304736961599,0.12634172806870844,,,,0.17373975740209377,CO,eCEPP,avtz,CCSD(T),-21.687608252321,false,false,false,false
heat_depth_neg_041,-0.41,yes,no,no,0.01867163727032414,,,,0.10183201438567033,0.10357123731126089,,,,0.16999269319891777,CO2,eCEPP,avdz,CCSD(T),-37.711214893103,false,false,false,false
heat_depth_neg_041,-0.41,yes,no,no,0.01411636591545035,,,,0.10890386472747134,0.09280248663640756,,,,0.16521082420569733,CO2,eCEPP,avtz,CCSD(T),-37.746755872945,false,false,false,false
heat_depth_neg_041,-0.41,yes,no,no,,0.16252477260428733,,,,,0.14612314703563908,,,,F,eCEPP,avdz,CCSD(T),-24.141837513036,false,false,false,false
heat_depth_neg_041,-0.41,yes,no,no,,0.162263549964597,,,,,0.14752515275560577,,,,F,eCEPP,avtz,CCSD(T),-24.15523210789,false,false,false,false
heat_depth_neg_041,-0.41,yes,no,no,,0.14882926679599834,,,,,0.172316997587368,,,,F2,eCEPP,avdz,CCSD(T),-48.360438658217,false,false,false,false
heat_depth_neg_041,-0.41,yes,no,no,,0.150377855903756,,,,,0.16990728235163777,,,,F2,eCEPP,avtz,CCSD(T),-48.380978491683,false,false,false,false
heat_depth_neg_041,-0.41,yes,no,no,,,0.07137629768892499,,,,,,,,H2,eCEPP,avdz,CCSD(T),-1.16943836151,false,false,false,false
heat_depth_neg_041,-0.41,yes,no,no,,,0.03011728882794376,,,,,,,,H2,eCEPP,avtz,CCSD(T),-1.173952399721,false,false,false,false
heat_depth_neg_041,-0.41,yes,no,no,,,0.040906986434380996,,0.09588931507108467,,,0.028102691568049315,,0.167632955620984,H2O,eCEPP,avdz,CCSD(T),-17.204234564734,false,false,false,false
heat_depth_neg_041,-0.41,yes,no,no,,,0.030892391536679446,,0.104422961650011,,,0.006238417580420506,,0.17050758332089067,H2O,eCEPP,avtz,CCSD(T),-17.221774815808,false,false,false,false
heat_depth_neg_041,-0.41,yes,no,no,,,0.042879468202784994,,0.09213405778933333,,,0.020985909955203344,,0.15654347817156045,H2O2,eCEPP,avdz,CCSD(T),-33.106378555744,false,false,false,false
heat_depth_neg_041,-0.41,yes,no,no,,,0.033930567057047,,0.09895999551356967,,,-0.0060190386286612975,,0.15648092822609286,H2O2,eCEPP,avtz,CCSD(T),-33.134147986387,false,false,false,false
heat_depth_neg_041,-0.41,yes,no,no,0.02735597548562836,,0.05327075516136166,0.053357466737832995,,0.1341996241293471,,0.009835935554269901,0.15756921707228355,,HCN,eCEPP,avdz,CCSD(T),-16.164994424423,false,false,false,false
heat_depth_neg_041,-0.41,yes,no,no,0.02415669988870524,,0.030368597196150655,0.059531053826043,,0.10990689004880533,,-0.0370443827728056,0.1545330749020191,,HCN,eCEPP,avtz,CCSD(T),-16.186431136655,false,false,false,false
heat_depth_neg_041,-0.41,yes,no,no,0.0183350563778153,,0.053017516185952,,0.09278002774147766,0.13909877465291823,,-0.00789829816622,,0.17305731361984666,HCO,eCEPP,avdz,CCSD(T),-22.195534931335,false,false,false,false
heat_depth_neg_041,-0.41,yes,no,no,0.015053108336266082,,0.027368188462611895,,0.10271421159746066,0.12603101104117512,,-0.03666152091724563,,0.167764976018948,HCO,eCEPP,avtz,CCSD(T),-22.218353085905,false,false,false,false
heat_depth_neg_041,-0.41,yes,no,no,,0.16445062649659764,0.05379334840866766,,,,0.15177702164870133,0.019942170708102377,,,HF,eCEPP,avdz,CCSD(T),-24.864920054831,false,false,false,false
heat_depth_neg_041,-0.41,yes,no,no,,0.17034053772656998,0.03359208150027833,,,,0.15404129547853154,-0.0010464127189479127,,,HF,eCEPP,avtz,CCSD(T),-24.880444762278,false,false,false,false
heat_depth_neg_041,-0.41,yes,no,no,,,0.04731560940470367,0.045810582844674,0.08865308537407032,,,-0.0009951041945750981,0.14482364164098044,0.17050914314868,HNO,eCEPP,avdz,CCSD(T),-26.430930090141,false,false,false,false
heat_depth_neg_041,-0.41,yes,no,no,,,0.028818415059685687,0.04638085009453533,0.09452790318045434,,,-0.027744991413239273,0.14209698979269333,0.16849220428251332,HNO,eCEPP,avtz,CCSD(T),-26.451423455642,false,false,false,false
heat_depth_neg_041,-0.41,yes,no,no,,,0.04275796553642633,,0.08306691699892232,,,0.019172139891244836,,0.1644445871013649,HO2,eCEPP,avdz,CCSD(T),-32.462609290417,false,false,false,false
heat_depth_neg_041,-0.41,yes,no,no,,,0.03248863265461487,,0.08982873689538967,,,0.0036847235082787784,,0.16303371663951777,HO2,eCEPP,avtz,CCSD(T),-32.487486105752,false,false,false,false
heat_depth_neg_041,-0.41,yes,no,no,,,,0.060609257298669325,,,,,0.17235196608529155,,N,eCEPP,avdz,CCSD(T),-9.762134467183,false,false,false,false
heat_depth_neg_041,-0.41,yes,no,no,,,,0.061963936834098995,,,,,0.16679118134363022,,N,eCEPP,avtz,CCSD(T),-9.769439800398,false,false,false,false
heat_depth_neg_041,-0.41,yes,no,no,,,,0.051786298189346,,,,,0.16792149692032535,,N2,eCEPP,avdz,CCSD(T),-19.879898619903,false,false,false,false
heat_depth_neg_041,-0.41,yes,no,no,,,,0.049666927182284666,,,,,0.1558585917686142,,N2,eCEPP,avtz,CCSD(T),-19.902489457814,false,false,false,false
heat_depth_neg_041,-0.41,yes,no,no,,,0.04928144047744966,0.05875346582593833,,,,0.003363304078922493,0.16540893184806754,,NH,eCEPP,avdz,CCSD(T),-10.391015590483,false,false,false,false
heat_depth_neg_041,-0.41,yes,no,no,,,0.029707070082267403,0.061225692246427994,,,,-0.021387741987522007,0.15771063143065245,,NH,eCEPP,avtz,CCSD(T),-10.401013521557,false,false,false,false
heat_depth_neg_041,-0.41,yes,no,no,,,0.04927277777819167,0.05720671209362933,,,,0.0029539823666629855,0.15947077952243466,,NH2,eCEPP,avdz,CCSD(T),-11.04591159558,false,false,false,false
heat_depth_neg_041,-0.41,yes,no,no,,,0.029811268584063945,0.061372357209764666,,,,-0.01732494132194041,0.15663833498561555,,NH2,eCEPP,avtz,CCSD(T),-11.058415851902,false,false,false,false
heat_depth_neg_041,-0.41,yes,no,no,,,0.047370840070624004,0.054516508352526666,,,,0.0070668378294597295,0.15897067620174177,,NH3,eCEPP,avdz,CCSD(T),-11.725633857628,false,false,false,false
heat_depth_neg_041,-0.41,yes,no,no,,,0.029249663635368118,0.06373778173610767,,,,-0.017212508088283684,0.15684057324616932,,NH3,eCEPP,avtz,CCSD(T),-11.740768768569,false,false,false,false
heat_depth_neg_041,-0.41,yes,no,no,,,,0.04474550316722033,0.08875095048383466,,,,0.15965975685736666,0.174838014144516,NO,eCEPP,avdz,CCSD(T),-25.845385038474,false,false,false,false
heat_depth_neg_041,-0.41,yes,no,no,,,,0.04118364436614,0.09364198017917832,,,,0.15187932239841243,0.17002664343205687,NO,eCEPP,avtz,CCSD(T),-25.867606163551,false,false,false,false
heat_depth_neg_041,-0.41,yes,no,no,,,,,0.09852995765941266,,,,,0.16520385710972532,O,eCEPP,avdz,CCSD(T),-15.837060880552,false,false,false,false
heat_depth_neg_041,-0.41,yes,no,no,,,,,0.099532123477521,,,,,0.1614327333142858,O,eCEPP,avtz,CCSD(T),-15.851673115022,false,false,false,false
heat_depth_neg_041,-0.41,yes,no,no,,,,,0.08335315910793067,,,,,0.17151625131001688,O2,eCEPP,avdz,CCSD(T),-31.878006369639,false,false,false,false
heat_depth_neg_041,-0.41,yes,no,no,,,,,0.08692220017867333,,,,,0.1686008892394502,O2,eCEPP,avtz,CCSD(T),-31.901044853249,false,false,false,false
heat_depth_neg_041,-0.41,yes,no,no,,0.14787566686501533,,,0.08310703582713833,,0.173991272205628,,,0.16820943927904577,OF,eCEPP,avdz,CCSD(T),-40.076179616218,false,false,false,false
heat_depth_neg_041,-0.41,yes,no,no,,0.153697627253579,,,0.08490859305352,,0.17017338116873956,,,0.16262783804883466,OF,eCEPP,avtz,CCSD(T),-40.098802352133,false,false,false,false
heat_depth_neg_041,-0.41,yes,no,no,,,0.043113672233052666,,0.09719907352393299,,,0.021146277801788252,,0.16564779458797776,OH,eCEPP,avdz,CCSD(T),-16.505509397176,false,false,false,false
heat_depth_neg_041,-0.41,yes,no,no,,,0.033444877580837,,0.10272202289488566,,,0.00247766948730227,,0.17031603805298756,OH,eCEPP,avtz,CCSD(T),-16.522017799712,false,false,false,false
heat_depth_neg_043,-0.43,yes,no,no,0.034616889167830664,,,,,0.14143065067976,,,,,C,eCEPP,avdz,CCSD(T),-5.417176629732,false,false,false,false
heat_depth_neg_043,-0.43,yes,no,no,0.030181726001001913,,,,,0.15722400660732888,,,,,C,eCEPP,avtz,CCSD(T),-5.421249211293,false,false,false,false
heat_depth_neg_043,-0.43,yes,no,no,0.023027038028328554,,0.05604307966562433,,,0.15286804352148578,,0.0069942827363851864,,,C2H,eCEPP,avdz,CCSD(T),-11.740790467161,false,false,false,false
heat_depth_neg_043,-0.43,yes,no,no,0.026779547357804044,,0.029487174653569072,,,0.13713409493000578,,-0.029469987644556227,,,C2H,eCEPP,avtz,CCSD(T),-11.761284158152,false,false,false,false
heat_depth_neg_043,-0.43,yes,no,no,0.032279242901008115,,0.055659892120876,,,0.13858751223247556,,0.007908163831680519,,,C2H2,eCEPP,avdz,CCSD(T),-12.460600283649,false,false,false,false
heat_depth_neg_043,-0.43,yes,no,no,0.033490540363665,,0.030902599612025867,,,0.13496727443838133,,-0.034255590566562716,,,C2H2,eCEPP,avtz,CCSD(T),-12.483013602509,false,false,false,false
heat_depth_neg_043,-0.43,yes,no,no,0.012948808906018024,0.15339766410791933,,,,0.13435682980696978,0.19145843903424356,,,,CF,eCEPP,avdz,CCSD(T),-29.776746045668,false,false,false,false
heat_depth_neg_043,-0.43,yes,no,no,0.014742624662554417,0.16295214096152166,,,,0.12270443218078177,0.18716653795691954,,,,CF,eCEPP,avtz,CCSD(T),-29.793613047818,false,false,false,false
heat_depth_neg_043,-0.43,yes,no,no,0.03186132095037007,,0.05493763612657299,,,0.138207412708488,,-0.014870470358618514,,,CH,eCEPP,avdz,CCSD(T),-6.047025116446,false,false,false,false
heat_depth_neg_043,-0.43,yes,no,no,0.033095669514413006,,0.026361852846525945,,,0.14400938914402353,,-0.04185187668290003,,,CH,eCEPP,avtz,CCSD(T),-6.054278854109,false,false,false,false
heat_depth_neg_043,-0.43,yes,no,no,0.025249302088681442,,0.05503101520130733,,,0.13296958686776622,,-0.0003072055503363847,,,CH2,eCEPP,avdz,CCSD(T),-6.713455122483,false,false,false,false
heat_depth_neg_043,-0.43,yes,no,no,0.036109868139965334,,0.028322697008296885,,,0.15527571171414264,,-0.02552838876748191,,,CH2,eCEPP,avtz,CCSD(T),-6.722880374762,false,false,false,false
heat_depth_neg_043,-0.43,yes,no,no,0.020862553482894636,,0.054070483343676326,,,0.145175974419544,,-0.005559151840764457,,,CH3,eCEPP,avdz,CCSD(T),-7.397032589342,false,false,false,false
heat_depth_neg_043,-0.43,yes,no,no,0.034234268107779665,,0.0276561304737483,,,0.11851526858162932,,-0.039235992133615616,,,CH3,eCEPP,avtz,CCSD(T),-7.408922415142,false,false,false,false
heat_depth_neg_043,-0.43,yes,no,no,0.020576471483592047,,,0.052710238698166,,0.16421774298260663,,,0.17205177847714268,,CN,eCEPP,avdz,CCSD(T),-15.46054110518,false,false,false,false
heat_depth_neg_043,-0.43,yes,no,no,0.01451292122117483,,,0.05511696121680766,,0.13901560564917556,,,0.1641437247849871,,CN,eCEPP,avtz,CCSD(T),-15.478424495267,false,false,false,false
heat_depth_neg_043,-0.43,yes,no,no,0.01865681966715553,,,,0.09521895128035832,0.1581075287333431,,,,0.18803403825963688,CO,eCEPP,avdz,CCSD(T),-21.667597449689,false,false,false,false
heat_depth_neg_043,-0.43,yes,no,no,0.011583355120651253,,,,0.099937275661208,0.1499095158439591,,,,0.1845169661353262,CO,eCEPP,avtz,CCSD(T),-21.689829234804,false,false,false,false
heat_depth_neg_043,-0.43,yes,no,no,0.017480708543550796,,,,0.09943334509819865,0.12533233694756932,,,,0.18604198805097066,CO2,eCEPP,avdz,CCSD(T),-37.718821647976,false,false,false,false
heat_depth_neg_043,-0.43,yes,no,no,0.01247165861352445,,,,0.106817431416405,0.10351144725752755,,,,0.18092548932537866,CO2,eCEPP,avtz,CCSD(T),-37.750630706857,false,false,false,false
heat_depth_neg_043,-0.43,yes,no,no,,0.16214898482456966,,,,,0.15025459409634134,,,,F,eCEPP,avdz,CCSD(T),-24.142592214282,false,false,false,false
heat_depth_neg_043,-0.43,yes,no,no,,0.16191747675553567,,,,,0.15080543218602355,,,,F,eCEPP,avtz,CCSD(T),-24.155725115909,false,false,false,false
heat_depth_neg_043,-0.43,yes,no,no,,0.14411088445375633,,,,,0.19239238598351244,,,,F2,eCEPP,avdz,CCSD(T),-48.368363414517,false,false,false,false
heat_depth_neg_043,-0.43,yes,no,no,,0.14633811920048234,,,,,0.18923042816068578,,,,F2,eCEPP,avtz,CCSD(T),-48.385604407503,false,false,false,false
heat_depth_neg_043,-0.43,yes,no,no,,,0.070874474629091,,,,,,,,H2,eCEPP,avdz,CCSD(T),-1.169370800144,false,false,false,false
heat_depth_neg_043,-0.43,yes,no,no,,,0.02898404657070769,,,,,,,,H2,eCEPP,avtz,CCSD(T),-1.173952978814,false,false,false,false
heat_depth_neg_043,-0.43,yes,no,no,,,0.04107237852562833,,0.09537634540050366,,,0.03177782634280971,,0.17753016807091868,H2O,eCEPP,avdz,CCSD(T),-17.206657311721,false,false,false,false
heat_depth_neg_043,-0.43,yes,no,no,,,0.03199419144252784,,0.10389179175565934,,,0.009338390639924136,,0.17769413357199465,H2O,eCEPP,avtz,CCSD(T),-17.222679692053,false,false,false,false
heat_depth_neg_043,-0.43,yes,no,no,,,0.041948061407993995,,0.088253186274236,,,0.033674948676065034,,0.17375937221822177,H2O2,eCEPP,avdz,CCSD(T),-33.113905145074,false,false,false,false
heat_depth_neg_043,-0.43,yes,no,no,,,0.03252197702099906,,0.09609775404253365,,,0.006850076033566573,,0.1719941433036631,H2O2,eCEPP,avtz,CCSD(T),-33.137829984931,false,false,false,false
heat_depth_neg_043,-0.43,yes,no,no,0.024671776711203176,,0.05436854968113333,0.05542938299230466,,0.14672817070585287,,0.02588487381137815,0.17300358309295555,,HCN,eCEPP,avdz,CCSD(T),-16.168793875161,false,false,false,false
heat_depth_neg_043,-0.43,yes,no,no,0.020546717747732778,,0.030387094338326294,0.05730046876531267,,0.13753454989668712,,-0.0177131252141966,0.17003951033535955,,HCN,eCEPP,avtz,CCSD(T),-16.188085954398,false,false,false,false
heat_depth_neg_043,-0.43,yes,no,no,0.014070626448681001,,0.05339880258538066,,0.09272900931927966,0.14521448367940087,,0.00388888443823647,,0.18528344513993777,HCO,eCEPP,avdz,CCSD(T),-22.200220866048,false,false,false,false
heat_depth_neg_043,-0.43,yes,no,no,0.013266605756015376,,0.027092108673001453,,0.09980565984412233,0.13618362082324978,,-0.026186195706493606,,0.1813962998890982,HCO,eCEPP,avtz,CCSD(T),-22.220638381096,false,false,false,false
heat_depth_neg_043,-0.43,yes,no,no,,0.16267851603576766,0.052862928837812,,,,0.15903930709787775,0.025213736453365377,,,HF,eCEPP,avdz,CCSD(T),-24.866026951773,false,false,false,false
heat_depth_neg_043,-0.43,yes,no,no,,0.16862108961467032,0.03317452207277298,,,,0.157675939736096,0.001802957158286896,,,HF,eCEPP,avtz,CCSD(T),-24.881331209865,false,false,false,false
heat_depth_neg_043,-0.43,yes,no,no,,,0.046631363382072,0.043269893803538996,0.08366727956983233,,,0.0077896237509103815,0.16742340480783066,0.18800918702647465,HNO,eCEPP,avdz,CCSD(T),-26.436173912266,false,false,false,false
heat_depth_neg_043,-0.43,yes,no,no,,,0.029582243873178128,0.039353254912619,0.090283584147712,,,-0.014215656275680354,0.16776386661161377,0.18169389398962088,HNO,eCEPP,avtz,CCSD(T),-26.45483697782,false,false,false,false
heat_depth_neg_043,-0.43,yes,no,no,,,0.041314515016582995,,0.08101592967547866,,,0.03336912112710122,,0.18201192180091066,HO2,eCEPP,avdz,CCSD(T),-32.469434544178,false,false,false,false
heat_depth_neg_043,-0.43,yes,no,no,,,0.03189218144349834,,0.08621895106564299,,,0.008864991292499586,,0.18328828138004044,HO2,eCEPP,avtz,CCSD(T),-32.491279226751,false,false,false,false
heat_depth_neg_043,-0.43,yes,no,no,,,,0.061159932260228325,,,,,0.17133424546510043,,N,eCEPP,avdz,CCSD(T),-9.762479518547,false,false,false,false
heat_depth_neg_043,-0.43,yes,no,no,,,,0.06120827498641066,,,,,0.1715374418264831,,N,eCEPP,avtz,CCSD(T),-9.769521503374,false,false,false,false
heat_depth_neg_043,-0.43,yes,no,no,,,,0.048701495803717666,,,,,0.184183047682628,,N2,eCEPP,avdz,CCSD(T),-19.883940952023,false,false,false,false
heat_depth_neg_043,-0.43,yes,no,no,,,,0.046840286574888326,,,,,0.17253789244100354,,N2,eCEPP,avtz,CCSD(T),-19.904608526928,false,false,false,false
heat_depth_neg_043,-0.43,yes,no,no,,,0.04931949616150667,0.05887590132107133,,,,0.010547621810206981,0.16714121024333822,,NH,eCEPP,avdz,CCSD(T),-10.391671041906,false,false,false,false
heat_depth_neg_043,-0.43,yes,no,no,,,0.03037489308703195,0.059926025097162335,,,,-0.004681595327007022,0.17399016999975464,,NH,eCEPP,avtz,CCSD(T),-10.401253629058,false,false,false,false
heat_depth_neg_043,-0.43,yes,no,no,,,0.04825507691807533,0.054152963667297,,,,0.01761988698735068,0.17495899447575375,,NH2,eCEPP,avdz,CCSD(T),-11.047362144233,false,false,false,false
heat_depth_neg_043,-0.43,yes,no,no,,,0.028851861291522694,0.062074728458720335,,,,-0.0067162621624223245,0.16353426465434712,,NH2,eCEPP,avtz,CCSD(T),-11.059019925034,false,false,false,false
heat_depth_neg_043,-0.43,yes,no,no,,,0.047479344368104,0.05404781964866466,,,,0.019040808979241708,0.16971362358144487,,NH3,eCEPP,avdz,CCSD(T),-11.727944301767,false,false,false,false
heat_depth_neg_043,-0.43,yes,no,no,,,0.029355526609232824,0.06365027035096833,,,,-0.005445089450230982,0.162160507705744,,NH3,eCEPP,avtz,CCSD(T),-11.74185771221,false,false,false,false
heat_depth_neg_043,-0.43,yes,no,no,,,,0.04417007260794466,0.08825318017001967,,,,0.17609540057009065,0.18855545597676665,NO,eCEPP,avdz,CCSD(T),-25.850007734778,false,false,false,false
heat_depth_neg_043,-0.43,yes,no,no,,,,0.038467783168899,0.09177260587338033,,,,0.17267738336368754,0.18717459973917733,NO,eCEPP,avtz,CCSD(T),-25.870108667415,false,false,false,false
heat_depth_neg_043,-0.43,yes,no,no,,,,,0.09530568526810632,,,,,0.16879373492157645,O,eCEPP,avdz,CCSD(T),-15.837667958897,false,false,false,false
heat_depth_neg_043,-0.43,yes,no,no,,,,,0.09883863583371033,,,,,0.16660840376149022,O,eCEPP,avtz,CCSD(T),-15.852067701949,false,false,false,false
heat_depth_neg_043,-0.43,yes,no,no,,,,,0.07944774578861932,,,,,0.18755126327134267,O2,eCEPP,avdz,CCSD(T),-31.883643146071,false,false,false,false
heat_depth_neg_043,-0.43,yes,no,no,,,,,0.084263580887756,,,,,0.18533435277916044,O2,eCEPP,avtz,CCSD(T),-31.904196121706,false,false,false,false
heat_depth_neg_043,-0.43,yes,no,no,,0.14616244589376232,,,0.08089073147937734,,0.19212592158095199,,,0.18332502860910754,OF,eCEPP,avdz,CCSD(T),-40.083580208396,false,false,false,false
heat_depth_neg_043,-0.43,yes,no,no,,0.15157677913906198,,,0.07979464188368166,,0.18941958534246311,,,0.18191251624938534,OF,eCEPP,avtz,CCSD(T),-40.102771562082,false,false,false,false
heat_depth_neg_043,-0.43,yes,no,no,,,0.043833195750235004,,0.09661923527602467,,,0.03409194267207398,,0.172607041510308,OH,eCEPP,avdz,CCSD(T),-16.506620356746,false,false,false,false
heat_depth_neg_043,-0.43,yes,no,no,,,0.0351425960399,,0.09959195769065567,,,-0.0019712941685748626,,0.17751139655522444,OH,eCEPP,avtz,CCSD(T),-16.522716618036,false,false,false,false
