project,system,basis,00,02a,02b,03,03_no_fci,04
g2_dfunc_projection_5z,Be,avdz,1,N/A,N/A,25,24.84,11.70
g2_dfunc_projection_5z,Be,avqz,5,N/A,N/A,60,32.70,12.80
g2_dfunc_projection_5z,Be,avtz,2,N/A,N/A,28,24.73,18.12
g2_dfunc_projection_5z,Be,pvdz,3,N/A,N/A,17,16.99,12.74
g2_dfunc_projection_5z,Be,pvqz,9,N/A,N/A,49,40.28,12.63
g2_dfunc_projection_5z,Be,pvtz,7,N/A,N/A,34,33.39,12.47
g2_dfunc_projection_5z,BeH,avdz,4,N/A,N/A,39,37.01,23.26
g2_dfunc_projection_5z,BeH,avqz,26,N/A,N/A,1014,484.00,39.09
g2_dfunc_projection_5z,BeH,avtz,12,N/A,N/A,115,68.50,27.05
g2_dfunc_projection_5z,BeH,pvdz,14,N/A,N/A,36,35.91,22.55
g2_dfunc_projection_5z,BeH,pvqz,20,N/A,N/A,391,192.00,27.56
g2_dfunc_projection_5z,BeH,pvtz,12,N/A,N/A,130,90.30,24.52
g2_dfunc_projection_5z,C,avdz,3,N/A,N/A,21,20.54,24.62
g2_dfunc_projection_5z,C,avqz,4,N/A,N/A,187,101.00,28.41
g2_dfunc_projection_5z,C,avtz,2,N/A,N/A,44,35.24,25.77
g2_dfunc_projection_5z,C,pvdz,3,N/A,N/A,17,16.94,22.38
g2_dfunc_projection_5z,C,pvqz,6,N/A,N/A,96,60.50,24.88
g2_dfunc_projection_5z,C,pvtz,3,N/A,N/A,39,36.04,24.72
g2_dfunc_projection_5z,C2H2,avdz,49,N/A,N/A,188,178.10,15.92
g2_dfunc_projection_5z,C2H2,avqz,434,N/A,N/A,5120,2379.00,199.25
g2_dfunc_projection_5z,C2H2,avtz,96,N/A,N/A,826,596.00,32.49
g2_dfunc_projection_5z,C2H2,pvdz,306,N/A,N/A,165,163.66,16.93
g2_dfunc_projection_5z,C2H2,pvqz,293,N/A,N/A,3449,1750.00,82.70
g2_dfunc_projection_5z,C2H2,pvtz,164,N/A,N/A,903,634.00,36.75
g2_dfunc_projection_5z,C2H4,avdz,259,N/A,N/A,644,612.70,20.46
g2_dfunc_projection_5z,C2H4,avqz,1712,N/A,N/A,19461,9921.00,500.22
g2_dfunc_projection_5z,C2H4,avtz,553,N/A,N/A,2061,1312.00,68.78
g2_dfunc_projection_5z,C2H4,pvdz,734,N/A,N/A,265,261.90,28.79
g2_dfunc_projection_5z,C2H4,pvqz,1184,N/A,N/A,8509,3889.00,229.67
g2_dfunc_projection_5z,C2H4,pvtz,675,N/A,N/A,3261,1864.00,110.05
g2_dfunc_projection_5z,C2H6,avdz,402,N/A,N/A,746,686.00,33.46
g2_dfunc_projection_5z,C2H6,avqz,6834,N/A,N/A,44217,19677.00,1946.00
g2_dfunc_projection_5z,C2H6,avtz,1071,N/A,N/A,9349,7223.00,338.60
g2_dfunc_projection_5z,C2H6,pvdz,1859,N/A,N/A,654,640.40,16.53
g2_dfunc_projection_5z,C2H6,pvqz,4079,N/A,N/A,23968,11308.00,699.91
g2_dfunc_projection_5z,C2H6,pvtz,1189,N/A,N/A,8481,4821.00,323.70
g2_dfunc_projection_5z,CH,avdz,7,N/A,N/A,44,41.46,25.21
g2_dfunc_projection_5z,CH,avqz,41,N/A,N/A,999,297.00,64.20
g2_dfunc_projection_5z,CH,avtz,7,N/A,N/A,164,95.00,27.77
g2_dfunc_projection_5z,CH,pvdz,14,N/A,N/A,29,28.69,31.57
g2_dfunc_projection_5z,CH,pvqz,21,N/A,N/A,476,158.00,32.71
g2_dfunc_projection_5z,CH,pvtz,12,N/A,N/A,158,90.00,27.91
g2_dfunc_projection_5z,CH2,avdz,11,N/A,N/A,78,70.00,25.42
g2_dfunc_projection_5z,CH2,avqz,96,N/A,N/A,3553,983.00,121.43
g2_dfunc_projection_5z,CH2,avtz,22,N/A,N/A,467,248.00,49.81
g2_dfunc_projection_5z,CH2,pvdz,45,N/A,N/A,54,53.08,28.35
g2_dfunc_projection_5z,CH2,pvqz,70,N/A,N/A,1612,445.00,76.83
g2_dfunc_projection_5z,CH2,pvtz,45,N/A,N/A,574,224.00,36.02
g2_dfunc_projection_5z,CH2O,avdz,50,N/A,N/A,204,193.70,16.04
g2_dfunc_projection_5z,CH2O,avqz,459,N/A,N/A,7988,4816.00,250.68
g2_dfunc_projection_5z,CH2O,avtz,100,N/A,N/A,825,591.00,39.77
g2_dfunc_projection_5z,CH2O,pvdz,311,N/A,N/A,139,137.81,16.97
g2_dfunc_projection_5z,CH2O,pvqz,318,N/A,N/A,2628,1331.00,110.68
g2_dfunc_projection_5z,CH2O,pvtz,169,N/A,N/A,934,669.00,53.00
g2_dfunc_projection_5z,CH2_singlet,avdz,18,N/A,N/A,52,50.27,12.87
g2_dfunc_projection_5z,CH2_singlet,avqz,144,N/A,N/A,1501,812.00,52.72
g2_dfunc_projection_5z,CH2_singlet,avtz,22,N/A,N/A,175,128.50,16.54
g2_dfunc_projection_5z,CH2_singlet,pvdz,63,N/A,N/A,46,45.79,12.97
g2_dfunc_projection_5z,CH2_singlet,pvqz,70,N/A,N/A,694,407.00,26.73
g2_dfunc_projection_5z,CH2_singlet,pvtz,44,N/A,N/A,314,227.00,16.36
g2_dfunc_projection_5z,CH3,avdz,26,N/A,N/A,98,82.40,26.22
g2_dfunc_projection_5z,CH3,avqz,250,N/A,N/A,10166,2906.00,266.44
g2_dfunc_projection_5z,CH3,avtz,84,N/A,N/A,817,346.00,45.71
g2_dfunc_projection_5z,CH3,pvdz,111,N/A,N/A,77,75.14,25.81
g2_dfunc_projection_5z,CH3,pvqz,173,N/A,N/A,3993,863.00,116.59
g2_dfunc_projection_5z,CH3,pvtz,115,N/A,N/A,1618,500.00,88.64
g2_dfunc_projection_5z,CH4,avdz,56,N/A,N/A,127,119.11,15.10
g2_dfunc_projection_5z,CH4,avqz,836,N/A,N/A,10206,6737.00,126.89
g2_dfunc_projection_5z,CH4,avtz,136,N/A,N/A,1181,895.00,36.97
g2_dfunc_projection_5z,CH4,pvdz,236,N/A,N/A,92,91.16,15.96
g2_dfunc_projection_5z,CH4,pvqz,486,N/A,N/A,3378,1686.00,65.76
g2_dfunc_projection_5z,CH4,pvtz,280,N/A,N/A,1636,936.00,43.75
g2_dfunc_projection_5z,CH4O,avdz,158,N/A,N/A,562,533.10,25.21
g2_dfunc_projection_5z,CH4O,avqz,2531,N/A,N/A,20792,10832.00,941.72
g2_dfunc_projection_5z,CH4O,avtz,645,N/A,N/A,2140,1377.00,89.85
g2_dfunc_projection_5z,CH4O,pvdz,736,N/A,N/A,312,308.37,15.99
g2_dfunc_projection_5z,CH4O,pvqz,1458,N/A,N/A,9135,4455.00,371.25
g2_dfunc_projection_5z,CH4O,pvtz,763,N/A,N/A,3466,2045.00,174.44
g2_dfunc_projection_5z,CH4S,avdz,387,N/A,N/A,959,887.00,26.46
g2_dfunc_projection_5z,CHO,avdz,38,N/A,N/A,152,129.30,34.57
g2_dfunc_projection_5z,CHO,avqz,292,N/A,N/A,6872,1832.00,619.61
g2_dfunc_projection_5z,CHO,avtz,43,N/A,N/A,998,534.00,146.72
g2_dfunc_projection_5z,CHO,pvdz,104,N/A,N/A,114,110.95,27.79
g2_dfunc_projection_5z,CHO,pvqz,121,N/A,N/A,3047,823.00,233.92
g2_dfunc_projection_5z,CHO,pvtz,71,N/A,N/A,731,394.00,64.02
g2_dfunc_projection_5z,CN,avdz,10,N/A,N/A,95,84.40,28.60
g2_dfunc_projection_5z,CN,avqz,68,N/A,N/A,3012,960.00,244.58
g2_dfunc_projection_5z,CN,avtz,19,N/A,N/A,382,191.00,62.64
g2_dfunc_projection_5z,CN,pvdz,59,N/A,N/A,86,81.77,30.69
g2_dfunc_projection_5z,CN,pvqz,53,N/A,N/A,1236,461.00,89.92
g2_dfunc_projection_5z,CN,pvtz,25,N/A,N/A,231,168.00,36.98
g2_dfunc_projection_5z,CNH,avdz,23,N/A,N/A,134,128.52,15.14
g2_dfunc_projection_5z,CNH,avqz,286,N/A,N/A,2447,1185.00,141.00
g2_dfunc_projection_5z,CNH,avtz,42,N/A,N/A,465,352.00,20.98
g2_dfunc_projection_5z,CNH,pvdz,150,N/A,N/A,130,127.96,16.49
g2_dfunc_projection_5z,CNH,pvqz,120,N/A,N/A,1967,1182.00,51.93
g2_dfunc_projection_5z,CNH,pvtz,71,N/A,N/A,442,359.00,22.47
g2_dfunc_projection_5z,CO,avdz,10,N/A,N/A,95,89.29,13.89
g2_dfunc_projection_5z,CO,avqz,70,N/A,N/A,1013,562.00,71.71
g2_dfunc_projection_5z,CO,avtz,18,N/A,N/A,309,257.50,18.26
g2_dfunc_projection_5z,CO,pvdz,41,N/A,N/A,70,69.67,17.13
g2_dfunc_projection_5z,CO,pvqz,51,N/A,N/A,583,387.00,25.26
g2_dfunc_projection_5z,CO,pvtz,25,N/A,N/A,182,166.10,15.33
g2_dfunc_projection_5z,CO2,avdz,49,N/A,N/A,277,264.20,21.92
g2_dfunc_projection_5z,CO2,avqz,474,N/A,N/A,4365,2131.00,443.71
g2_dfunc_projection_5z,CO2,avtz,85,N/A,N/A,1259,1022.00,59.97
g2_dfunc_projection_5z,CO2,pvdz,207,N/A,N/A,206,204.37,15.24
g2_dfunc_projection_5z,CO2,pvqz,214,N/A,N/A,2189,1225.00,164.57
g2_dfunc_projection_5z,CO2,pvtz,115,N/A,N/A,636,558.00,34.48
g2_dfunc_projection_5z,CS,avdz,24,N/A,N/A,177,168.90,14.95
g2_dfunc_projection_5z,Cl,avdz,4,N/A,N/A,47,44.03,25.18
g2_dfunc_projection_5z,Cl2,avdz,24,N/A,N/A,208,196.00,17.47
g2_dfunc_projection_5z,F,avdz,2,N/A,N/A,19,18.37,23.44
g2_dfunc_projection_5z,F,avqz,5,N/A,N/A,162,50.00,34.60
g2_dfunc_projection_5z,F,avtz,2,N/A,N/A,43,30.70,48.12
g2_dfunc_projection_5z,F,pvdz,3,N/A,N/A,17,16.92,22.91
g2_dfunc_projection_5z,F,pvqz,6,N/A,N/A,99,51.40,27.36
g2_dfunc_projection_5z,F,pvtz,3,N/A,N/A,38,34.01,24.25
g2_dfunc_projection_5z,F2,avdz,17,N/A,N/A,77,74.36,15.57
g2_dfunc_projection_5z,F2,avqz,87,N/A,N/A,993,543.00,141.36
g2_dfunc_projection_5z,F2,avtz,18,N/A,N/A,182,135.80,29.63
g2_dfunc_projection_5z,F2,pvdz,43,N/A,N/A,66,65.67,17.40
g2_dfunc_projection_5z,F2,pvqz,49,N/A,N/A,540,348.00,42.09
g2_dfunc_projection_5z,F2,pvtz,26,N/A,N/A,171,155.10,18.74
g2_dfunc_projection_5z,FCl,avdz,23,N/A,N/A,171,162.57,16.03
g2_dfunc_projection_5z,H,avdz,N/A,N/A,N/A,N/A,N/A,N/A
g2_dfunc_projection_5z,H,avqz,N/A,N/A,N/A,N/A,N/A,N/A
g2_dfunc_projection_5z,H,avtz,N/A,N/A,N/A,N/A,N/A,N/A
g2_dfunc_projection_5z,H,pvdz,N/A,N/A,N/A,N/A,N/A,N/A
g2_dfunc_projection_5z,H,pvqz,N/A,N/A,N/A,N/A,N/A,N/A
g2_dfunc_projection_5z,H,pvtz,N/A,N/A,N/A,N/A,N/A,N/A
g2_dfunc_projection_5z,H2O,avdz,11,N/A,N/A,63,61.23,13.46
g2_dfunc_projection_5z,H2O,avqz,97,N/A,N/A,1233,630.00,57.39
g2_dfunc_projection_5z,H2O,avtz,22,N/A,N/A,271,218.00,25.17
g2_dfunc_projection_5z,H2O,pvdz,63,N/A,N/A,46,45.79,16.77
g2_dfunc_projection_5z,H2O,pvqz,70,N/A,N/A,695,400.00,34.16
g2_dfunc_projection_5z,H2O,pvtz,45,N/A,N/A,290,204.00,19.06
g2_dfunc_projection_5z,H2O2,avdz,51,N/A,N/A,194,183.70,18.96
g2_dfunc_projection_5z,H2O2,avqz,692,N/A,N/A,5514,2735.00,425.94
g2_dfunc_projection_5z,H2O2,avtz,119,N/A,N/A,1372,1102.00,61.41
g2_dfunc_projection_5z,H2O2,pvdz,309,N/A,N/A,134,132.77,16.41
g2_dfunc_projection_5z,H2O2,pvqz,392,N/A,N/A,3653,1941.00,177.89
g2_dfunc_projection_5z,H2O2,pvtz,184,N/A,N/A,955,679.00,73.79
g2_dfunc_projection_5z,H2S,avdz,28,N/A,N/A,131,125.39,13.82
g2_dfunc_projection_5z,HCl,avdz,10,N/A,N/A,79,76.64,13.07
g2_dfunc_projection_5z,HF,avdz,4,N/A,N/A,33,32.33,13.08
g2_dfunc_projection_5z,HF,avqz,41,N/A,N/A,391,222.00,37.04
g2_dfunc_projection_5z,HF,avtz,8,N/A,N/A,68,53.00,15.89
g2_dfunc_projection_5z,HF,pvdz,21,N/A,N/A,31,30.92,13.30
g2_dfunc_projection_5z,HF,pvqz,21,N/A,N/A,285,180.00,18.81
g2_dfunc_projection_5z,HF,pvtz,14,N/A,N/A,100,82.90,14.49
g2_dfunc_projection_5z,HO,avdz,7,N/A,N/A,35,32.40,24.29
g2_dfunc_projection_5z,HO,avqz,42,N/A,N/A,1014,318.00,90.02
g2_dfunc_projection_5z,HO,avtz,8,N/A,N/A,121,56.00,28.18
g2_dfunc_projection_5z,HO,pvdz,20,N/A,N/A,31,30.67,31.55
g2_dfunc_projection_5z,HO,pvqz,22,N/A,N/A,611,192.00,38.71
g2_dfunc_projection_5z,HO,pvtz,13,N/A,N/A,151,83.00,28.17
g2_dfunc_projection_5z,HOCl,avdz,54,N/A,N/A,312,287.00,20.91
g2_dfunc_projection_5z,Li,avdz,1,N/A,N/A,6,6.00,22.65
g2_dfunc_projection_5z,Li,avqz,5,N/A,N/A,37,36.78,22.56
g2_dfunc_projection_5z,Li,avtz,3,N/A,N/A,16,15.95,22.99
g2_dfunc_projection_5z,Li,pvdz,2,N/A,N/A,5,5.00,22.02
g2_dfunc_projection_5z,Li,pvqz,7,N/A,N/A,22,21.93,23.01
g2_dfunc_projection_5z,Li,pvtz,5,N/A,N/A,8,8.00,23.64
g2_dfunc_projection_5z,Li2,avdz,4,N/A,N/A,77,74.40,12.51
g2_dfunc_projection_5z,Li2,avqz,75,N/A,N/A,708,258.00,20.04
g2_dfunc_projection_5z,Li2,avtz,11,N/A,N/A,155,110.60,20.57
g2_dfunc_projection_5z,Li2,pvdz,14,N/A,N/A,67,66.92,12.86
g2_dfunc_projection_5z,Li2,pvqz,27,N/A,N/A,343,206.00,13.61
g2_dfunc_projection_5z,Li2,pvtz,10,N/A,N/A,156,147.32,12.49
g2_dfunc_projection_5z,LiF,avdz,7,N/A,N/A,117,114.36,17.38
g2_dfunc_projection_5z,LiF,avqz,91,N/A,N/A,1239,733.00,136.21
g2_dfunc_projection_5z,LiF,avtz,15,N/A,N/A,292,246.20,36.96
g2_dfunc_projection_5z,LiF,pvdz,36,N/A,N/A,120,119.81,17.79
g2_dfunc_projection_5z,LiF,pvqz,42,N/A,N/A,567,401.00,34.78
g2_dfunc_projection_5z,LiF,pvtz,19,N/A,N/A,216,203.50,14.43
g2_dfunc_projection_5z,LiH,avdz,3,N/A,N/A,37,36.34,12.34
g2_dfunc_projection_5z,LiH,avqz,25,N/A,N/A,366,183.00,17.79
g2_dfunc_projection_5z,LiH,avtz,6,N/A,N/A,83,66.20,16.37
g2_dfunc_projection_5z,LiH,pvdz,13,N/A,N/A,34,33.97,12.48
g2_dfunc_projection_5z,LiH,pvqz,16,N/A,N/A,165,100.00,13.84
g2_dfunc_projection_5z,LiH,pvtz,8,N/A,N/A,89,76.20,13.28
g2_dfunc_projection_5z,N,avdz,3,N/A,N/A,20,19.55,22.94
g2_dfunc_projection_5z,N,avqz,5,N/A,N/A,172,83.00,29.60
g2_dfunc_projection_5z,N,avtz,2,N/A,N/A,42,33.14,41.86
g2_dfunc_projection_5z,N,pvdz,5,N/A,N/A,20,19.54,26.62
g2_dfunc_projection_5z,N,pvqz,6,N/A,N/A,97,61.10,26.52
g2_dfunc_projection_5z,N,pvtz,4,N/A,N/A,39,36.06,23.80
g2_dfunc_projection_5z,N2,avdz,10,N/A,N/A,87,84.43,14.38
g2_dfunc_projection_5z,N2,avqz,62,N/A,N/A,1000,556.00,70.33
g2_dfunc_projection_5z,N2,avtz,18,N/A,N/A,325,265.80,16.27
g2_dfunc_projection_5z,N2,pvdz,62,N/A,N/A,90,87.42,16.76
g2_dfunc_projection_5z,N2,pvqz,52,N/A,N/A,594,405.00,25.88
g2_dfunc_projection_5z,N2,pvtz,25,N/A,N/A,183,166.30,15.66
g2_dfunc_projection_5z,N2H4,avdz,158,N/A,N/A,402,373.80,26.97
g2_dfunc_projection_5z,N2H4,avqz,2517,N/A,N/A,22871,11651.00,909.93
g2_dfunc_projection_5z,N2H4,avtz,410,N/A,N/A,2195,1414.00,93.69
g2_dfunc_projection_5z,N2H4,pvdz,1095,N/A,N/A,432,419.50,16.59
g2_dfunc_projection_5z,N2H4,pvqz,1461,N/A,N/A,9223,4543.00,340.23
g2_dfunc_projection_5z,N2H4,pvtz,767,N/A,N/A,3452,2026.00,171.50
g2_dfunc_projection_5z,NH,avdz,7,N/A,N/A,45,42.08,24.28
g2_dfunc_projection_5z,NH,avqz,27,N/A,N/A,988,299.00,71.81
g2_dfunc_projection_5z,NH,avtz,7,N/A,N/A,118,58.00,28.04
g2_dfunc_projection_5z,NH,pvdz,21,N/A,N/A,34,32.50,27.28
g2_dfunc_projection_5z,NH,pvqz,23,N/A,N/A,621,196.00,37.43
g2_dfunc_projection_5z,NH,pvtz,12,N/A,N/A,151,84.00,27.67
g2_dfunc_projection_5z,NH2,avdz,11,N/A,N/A,70,62.96,25.48
g2_dfunc_projection_5z,NH2,avqz,95,N/A,N/A,3493,943.00,154.27
g2_dfunc_projection_5z,NH2,avtz,35,N/A,N/A,347,157.00,52.24
g2_dfunc_projection_5z,NH2,pvdz,65,N/A,N/A,66,62.69,28.41
g2_dfunc_projection_5z,NH2,pvqz,69,N/A,N/A,1584,425.00,75.63
g2_dfunc_projection_5z,NH2,pvtz,44,N/A,N/A,586,234.00,38.21
g2_dfunc_projection_5z,NH3,avdz,45,N/A,N/A,126,121.30,14.06
g2_dfunc_projection_5z,NH3,avqz,570,N/A,N/A,3724,1895.00,96.32
g2_dfunc_projection_5z,NH3,avtz,60,N/A,N/A,434,317.00,18.99
g2_dfunc_projection_5z,NH3,pvdz,117,N/A,N/A,81,79.70,16.51
g2_dfunc_projection_5z,NH3,pvqz,222,N/A,N/A,1607,837.00,49.45
g2_dfunc_projection_5z,NH3,pvtz,134,N/A,N/A,787,510.00,34.50
g2_dfunc_projection_5z,NO,avdz,10,N/A,N/A,94,83.60,29.13
g2_dfunc_projection_5z,NO,avqz,105,N/A,N/A,2634,836.00,276.82
g2_dfunc_projection_5z,NO,avtz,18,N/A,N/A,493,282.00,62.72
g2_dfunc_projection_5z,NO,pvdz,60,N/A,N/A,82,77.73,50.64
g2_dfunc_projection_5z,NO,pvqz,53,N/A,N/A,1187,414.00,109.13
g2_dfunc_projection_5z,NO,pvtz,26,N/A,N/A,239,176.00,37.71
g2_dfunc_projection_5z,Na,avdz,14,N/A,N/A,55,45.81,26.78
g2_dfunc_projection_5z,Na2,avdz,140,N/A,N/A,278,249.80,35.28
g2_dfunc_projection_5z,NaCl,avdz,73,N/A,N/A,231,203.40,21.73
g2_dfunc_projection_5z,O,avdz,3,N/A,N/A,19,18.39,23.64
g2_dfunc_projection_5z,O,avqz,4,N/A,N/A,162,51.00,34.56
g2_dfunc_projection_5z,O,avtz,2,N/A,N/A,47,34.60,26.25
g2_dfunc_projection_5z,O,pvdz,5,N/A,N/A,17,16.92,22.34
g2_dfunc_projection_5z,O,pvqz,6,N/A,N/A,99,52.20,27.25
g2_dfunc_projection_5z,O,pvtz,4,N/A,N/A,43,39.07,23.70
g2_dfunc_projection_5z,O2,avdz,10,N/A,N/A,88,77.60,31.62
g2_dfunc_projection_5z,O2,avqz,114,N/A,N/A,3191,1140.00,361.02
g2_dfunc_projection_5z,O2,avtz,19,N/A,N/A,370,183.00,44.26
g2_dfunc_projection_5z,O2,pvdz,57,N/A,N/A,89,87.68,29.21
g2_dfunc_projection_5z,O2,pvqz,54,N/A,N/A,1726,617.00,130.81
g2_dfunc_projection_5z,O2,pvtz,26,N/A,N/A,223,160.00,42.57
g2_dfunc_projection_5z,O2S,avdz,104,N/A,N/A,539,503.80,28.70
g2_dfunc_projection_5z,O2_old,avdz,N/A,N/A,N/A,N/A,N/A,N/A
g2_dfunc_projection_5z,O2_old,avqz,N/A,N/A,N/A,N/A,N/A,N/A
g2_dfunc_projection_5z,O2_old,avtz,N/A,N/A,N/A,N/A,N/A,N/A
g2_dfunc_projection_5z,O2_old,pvdz,N/A,N/A,N/A,N/A,N/A,N/A
g2_dfunc_projection_5z,O2_old,pvqz,N/A,N/A,N/A,N/A,N/A,N/A
g2_dfunc_projection_5z,O2_old,pvtz,N/A,N/A,N/A,N/A,N/A,N/A
g2_dfunc_projection_5z,OCl,avdz,24,N/A,N/A,207,174.80,36.68
g2_dfunc_projection_5z,OS,avdz,24,N/A,N/A,247,214.10,35.19
g2_dfunc_projection_5z,P,avdz,4,N/A,N/A,47,44.78,24.76
g2_dfunc_projection_5z,P2,avdz,27,N/A,N/A,273,261.10,15.82
g2_dfunc_projection_5z,PH2,avdz,26,N/A,N/A,145,121.50,26.02
g2_dfunc_projection_5z,PH3,avdz,61,N/A,N/A,211,199.30,14.15
g2_dfunc_projection_5z,S,avdz,6,N/A,N/A,47,44.06,24.58
g2_dfunc_projection_5z,S2,avdz,27,N/A,N/A,281,233.60,38.94
g2_dfunc_projection_5z,Si,avdz,6,N/A,N/A,46,43.74,23.50
g2_dfunc_projection_5z,Si2,avdz,27,N/A,N/A,264,215.50,29.35
g2_dfunc_projection_5z,Si2H6,avdz,1064,N/A,N/A,1602,1412.00,39.40
g2_dfunc_projection_5z,SiH2,avdz,26,N/A,N/A,153,147.29,13.97
g2_dfunc_projection_5z,SiH2_triplet,avdz,25,N/A,N/A,152,128.80,25.64
g2_dfunc_projection_5z,SiH3,avdz,59,N/A,N/A,268,220.80,27.21
g2_dfunc_projection_5z,SiH4,avdz,120,N/A,N/A,325,303.10,15.55
g2_dfunc_projection_5z,SiO,avdz,24,N/A,N/A,201,192.97,15.09
g2_dfunc_projection_5z,old_Si2,avdz,N/A,N/A,N/A,N/A,N/A,N/A
g2_dfunc_projection_5z,old_Si2,avqz,N/A,N/A,N/A,N/A,N/A,N/A
g2_dfunc_projection_5z,old_Si2,avtz,N/A,N/A,N/A,N/A,N/A,N/A
g2_dfunc_projection_5z,old_Si2,pvdz,N/A,N/A,N/A,N/A,N/A,N/A
g2_dfunc_projection_5z,old_Si2,pvqz,N/A,N/A,N/A,N/A,N/A,N/A
g2_dfunc_projection_5z,old_Si2,pvtz,N/A,N/A,N/A,N/A,N/A,N/A
g2_dfunc_rhf,CH3Cl,avdz,4,N/A,N/A,N/A,N/A,N/A
g2_dfunc_rhf,CH4S,avdz,5,N/A,N/A,N/A,N/A,N/A
g2_dfunc_rhf,CS,avdz,3,N/A,N/A,N/A,N/A,N/A
g2_dfunc_rhf,Cl,avdz,2,N/A,N/A,N/A,N/A,N/A
g2_dfunc_rhf,Cl2,avdz,4,N/A,N/A,N/A,N/A,N/A
g2_dfunc_rhf,FCl,avdz,3,N/A,N/A,N/A,N/A,N/A
g2_dfunc_rhf,H2S,avdz,12,N/A,N/A,N/A,N/A,N/A
g2_dfunc_rhf,HCl,avdz,3,N/A,N/A,N/A,N/A,N/A
g2_dfunc_rhf,HOCl,avdz,3,N/A,N/A,N/A,N/A,N/A
g2_dfunc_rhf,Na,avdz,11,N/A,N/A,N/A,N/A,N/A
g2_dfunc_rhf,Na2,avdz,8,N/A,N/A,N/A,N/A,N/A
g2_dfunc_rhf,NaCl,avdz,11,N/A,N/A,N/A,N/A,N/A
g2_dfunc_rhf,O2S,avdz,4,N/A,N/A,N/A,N/A,N/A
g2_dfunc_rhf,OCl,avdz,4,N/A,N/A,N/A,N/A,N/A
g2_dfunc_rhf,OS,avdz,4,N/A,N/A,N/A,N/A,N/A
g2_dfunc_rhf,P,avdz,3,N/A,N/A,N/A,N/A,N/A
g2_dfunc_rhf,P2,avdz,12,N/A,N/A,N/A,N/A,N/A
g2_dfunc_rhf,PH2,avdz,2,N/A,N/A,N/A,N/A,N/A
g2_dfunc_rhf,PH3,avdz,3,N/A,N/A,N/A,N/A,N/A
g2_dfunc_rhf,S,avdz,11,N/A,N/A,N/A,N/A,N/A
g2_dfunc_rhf,S2,avdz,3,N/A,N/A,N/A,N/A,N/A
g2_dfunc_rhf,Si,avdz,3,N/A,N/A,N/A,N/A,N/A
g2_dfunc_rhf,Si2,avdz,3,N/A,N/A,N/A,N/A,N/A
g2_dfunc_rhf,Si2H6,avdz,9,N/A,N/A,N/A,N/A,N/A
g2_dfunc_rhf,SiH2,avdz,3,N/A,N/A,N/A,N/A,N/A
g2_dfunc_rhf,SiH2_triplet,avdz,3,N/A,N/A,N/A,N/A,N/A
g2_dfunc_rhf,SiH3,avdz,3,N/A,N/A,N/A,N/A,N/A
g2_dfunc_rhf,SiH4,avdz,4,N/A,N/A,N/A,N/A,N/A
g2_dfunc_rhf,SiO,avdz,3,N/A,N/A,N/A,N/A,N/A
g2_extrap_largebasis_rhf,CH3Cl,avdz,20,N/A,N/A,N/A,N/A,N/A
g2_extrap_largebasis_rhf,CH4S,avdz,29,N/A,N/A,N/A,N/A,N/A
g2_extrap_largebasis_rhf,CS,avdz,5,N/A,N/A,N/A,N/A,N/A
g2_extrap_largebasis_rhf,Cl,avdz,2,N/A,N/A,N/A,N/A,N/A
g2_extrap_largebasis_rhf,Cl2,avdz,5,N/A,N/A,N/A,N/A,N/A
g2_extrap_largebasis_rhf,FCl,avdz,6,N/A,N/A,N/A,N/A,N/A
g2_extrap_largebasis_rhf,H2S,avdz,8,N/A,N/A,N/A,N/A,N/A
g2_extrap_largebasis_rhf,HCl,avdz,3,N/A,N/A,N/A,N/A,N/A
g2_extrap_largebasis_rhf,HOCl,avdz,7,N/A,N/A,N/A,N/A,N/A
g2_extrap_largebasis_rhf,Na,avdz,7,N/A,N/A,N/A,N/A,N/A
g2_extrap_largebasis_rhf,Na2,avdz,14,N/A,N/A,N/A,N/A,N/A
g2_extrap_largebasis_rhf,NaCl,avdz,11,N/A,N/A,N/A,N/A,N/A
g2_extrap_largebasis_rhf,O2S,avdz,11,N/A,N/A,N/A,N/A,N/A
g2_extrap_largebasis_rhf,OCl,avdz,5,N/A,N/A,N/A,N/A,N/A
g2_extrap_largebasis_rhf,OS,avdz,6,N/A,N/A,N/A,N/A,N/A
g2_extrap_largebasis_rhf,P,avdz,2,N/A,N/A,N/A,N/A,N/A
g2_extrap_largebasis_rhf,P2,avdz,9,N/A,N/A,N/A,N/A,N/A
g2_extrap_largebasis_rhf,PH2,avdz,4,N/A,N/A,N/A,N/A,N/A
g2_extrap_largebasis_rhf,PH3,avdz,7,N/A,N/A,N/A,N/A,N/A
g2_extrap_largebasis_rhf,S,avdz,6,N/A,N/A,N/A,N/A,N/A
g2_extrap_largebasis_rhf,S2,avdz,9,N/A,N/A,N/A,N/A,N/A
g2_extrap_largebasis_rhf,Si,avdz,6,N/A,N/A,N/A,N/A,N/A
g2_extrap_largebasis_rhf,Si2,avdz,5,N/A,N/A,N/A,N/A,N/A
g2_extrap_largebasis_rhf,Si2H6,avdz,66,N/A,N/A,N/A,N/A,N/A
g2_extrap_largebasis_rhf,SiH2,avdz,4,N/A,N/A,N/A,N/A,N/A
g2_extrap_largebasis_rhf,SiH2_triplet,avdz,4,N/A,N/A,N/A,N/A,N/A
g2_extrap_largebasis_rhf,SiH3,avdz,8,N/A,N/A,N/A,N/A,N/A
g2_extrap_largebasis_rhf,SiH4,avdz,11,N/A,N/A,N/A,N/A,N/A
g2_extrap_largebasis_rhf,SiO,avdz,5,N/A,N/A,N/A,N/A,N/A
g2_extrap_projection_5z,Be,avdz,1,N/A,N/A,25,24.84,11.70
g2_extrap_projection_5z,Be,avqz,5,N/A,N/A,60,32.70,12.80
g2_extrap_projection_5z,Be,avtz,2,N/A,N/A,28,24.73,18.12
g2_extrap_projection_5z,Be,pvdz,3,N/A,N/A,17,16.99,12.74
g2_extrap_projection_5z,Be,pvqz,9,N/A,N/A,49,40.28,12.63
g2_extrap_projection_5z,Be,pvtz,7,N/A,N/A,34,33.39,12.47
g2_extrap_projection_5z,BeH,avdz,4,N/A,N/A,39,37.01,23.26
g2_extrap_projection_5z,BeH,avqz,26,N/A,N/A,1014,484.00,39.09
g2_extrap_projection_5z,BeH,avtz,12,N/A,N/A,115,68.50,27.05
g2_extrap_projection_5z,BeH,pvdz,14,N/A,N/A,36,35.91,22.55
g2_extrap_projection_5z,BeH,pvqz,20,N/A,N/A,391,192.00,27.56
g2_extrap_projection_5z,BeH,pvtz,12,N/A,N/A,130,90.30,24.52
g2_extrap_projection_5z,C,avdz,3,N/A,N/A,21,20.54,24.62
g2_extrap_projection_5z,C,avqz,4,N/A,N/A,187,101.00,28.41
g2_extrap_projection_5z,C,avtz,2,N/A,N/A,44,35.24,25.77
g2_extrap_projection_5z,C,pvdz,3,N/A,N/A,17,16.94,22.38
g2_extrap_projection_5z,C,pvqz,6,N/A,N/A,96,60.50,24.88
g2_extrap_projection_5z,C,pvtz,3,N/A,N/A,39,36.04,24.72
g2_extrap_projection_5z,C2H2,avdz,49,N/A,N/A,188,178.10,15.92
g2_extrap_projection_5z,C2H2,avqz,434,N/A,N/A,5120,2379.00,199.25
g2_extrap_projection_5z,C2H2,avtz,96,N/A,N/A,826,596.00,32.49
g2_extrap_projection_5z,C2H2,pvdz,306,N/A,N/A,165,163.66,16.93
g2_extrap_projection_5z,C2H2,pvqz,293,N/A,N/A,3449,1750.00,82.70
g2_extrap_projection_5z,C2H2,pvtz,164,N/A,N/A,903,634.00,36.75
g2_extrap_projection_5z,C2H4,avdz,259,N/A,N/A,644,612.70,20.46
g2_extrap_projection_5z,C2H4,avqz,1712,N/A,N/A,19461,9921.00,500.22
g2_extrap_projection_5z,C2H4,avtz,553,N/A,N/A,2061,1312.00,68.78
g2_extrap_projection_5z,C2H4,pvdz,734,N/A,N/A,265,261.90,28.79
g2_extrap_projection_5z,C2H4,pvqz,1184,N/A,N/A,8509,3889.00,229.67
g2_extrap_projection_5z,C2H4,pvtz,675,N/A,N/A,3261,1864.00,110.05
g2_extrap_projection_5z,C2H6,avdz,402,N/A,N/A,746,686.00,33.46
g2_extrap_projection_5z,C2H6,avqz,6834,N/A,N/A,44217,19677.00,1946.00
g2_extrap_projection_5z,C2H6,avtz,1071,N/A,N/A,9349,7223.00,338.60
g2_extrap_projection_5z,C2H6,pvdz,1859,N/A,N/A,654,640.40,16.53
g2_extrap_projection_5z,C2H6,pvqz,4079,N/A,N/A,23968,11308.00,699.91
g2_extrap_projection_5z,C2H6,pvtz,1189,N/A,N/A,8481,4821.00,323.70
g2_extrap_projection_5z,CH,avdz,7,N/A,N/A,44,41.46,25.21
g2_extrap_projection_5z,CH,avqz,41,N/A,N/A,999,297.00,64.20
g2_extrap_projection_5z,CH,avtz,7,N/A,N/A,164,95.00,27.77
g2_extrap_projection_5z,CH,pvdz,14,N/A,N/A,29,28.69,31.57
g2_extrap_projection_5z,CH,pvqz,21,N/A,N/A,476,158.00,32.71
g2_extrap_projection_5z,CH,pvtz,12,N/A,N/A,158,90.00,27.91
g2_extrap_projection_5z,CH2,avdz,11,N/A,N/A,78,70.00,25.42
g2_extrap_projection_5z,CH2,avqz,96,N/A,N/A,3553,983.00,121.43
g2_extrap_projection_5z,CH2,avtz,22,N/A,N/A,467,248.00,49.81
g2_extrap_projection_5z,CH2,pvdz,45,N/A,N/A,54,53.08,28.35
g2_extrap_projection_5z,CH2,pvqz,70,N/A,N/A,1612,445.00,76.83
g2_extrap_projection_5z,CH2,pvtz,45,N/A,N/A,574,224.00,36.02
g2_extrap_projection_5z,CH2O,avdz,50,N/A,N/A,204,193.70,16.04
g2_extrap_projection_5z,CH2O,avqz,459,N/A,N/A,7988,4816.00,250.68
g2_extrap_projection_5z,CH2O,avtz,100,N/A,N/A,825,591.00,39.77
g2_extrap_projection_5z,CH2O,pvdz,311,N/A,N/A,139,137.81,16.97
g2_extrap_projection_5z,CH2O,pvqz,318,N/A,N/A,2628,1331.00,110.68
g2_extrap_projection_5z,CH2O,pvtz,169,N/A,N/A,934,669.00,53.00
g2_extrap_projection_5z,CH2_singlet,avdz,18,N/A,N/A,52,50.27,12.87
g2_extrap_projection_5z,CH2_singlet,avqz,144,N/A,N/A,1501,812.00,52.72
g2_extrap_projection_5z,CH2_singlet,avtz,22,N/A,N/A,175,128.50,16.54
g2_extrap_projection_5z,CH2_singlet,pvdz,63,N/A,N/A,46,45.79,12.97
g2_extrap_projection_5z,CH2_singlet,pvqz,70,N/A,N/A,694,407.00,26.73
g2_extrap_projection_5z,CH2_singlet,pvtz,44,N/A,N/A,314,227.00,16.36
g2_extrap_projection_5z,CH3,avdz,26,N/A,N/A,98,82.40,26.22
g2_extrap_projection_5z,CH3,avqz,250,N/A,N/A,10166,2906.00,266.44
g2_extrap_projection_5z,CH3,avtz,84,N/A,N/A,817,346.00,45.71
g2_extrap_projection_5z,CH3,pvdz,111,N/A,N/A,77,75.14,25.81
g2_extrap_projection_5z,CH3,pvqz,173,N/A,N/A,3993,863.00,116.59
g2_extrap_projection_5z,CH3,pvtz,115,N/A,N/A,1618,500.00,88.64
g2_extrap_projection_5z,CH3Cl,avdz,204,N/A,N/A,553,511.30,22.60
g2_extrap_projection_5z,CH4,avdz,56,N/A,N/A,127,119.11,15.10
g2_extrap_projection_5z,CH4,avqz,836,N/A,N/A,10206,6737.00,126.89
g2_extrap_projection_5z,CH4,avtz,136,N/A,N/A,1181,895.00,36.97
g2_extrap_projection_5z,CH4,pvdz,236,N/A,N/A,92,91.16,15.96
g2_extrap_projection_5z,CH4,pvqz,486,N/A,N/A,3378,1686.00,65.76
g2_extrap_projection_5z,CH4,pvtz,280,N/A,N/A,1636,936.00,43.75
g2_extrap_projection_5z,CH4O,avdz,158,N/A,N/A,562,533.10,25.21
g2_extrap_projection_5z,CH4O,avqz,2531,N/A,N/A,20792,10832.00,941.72
g2_extrap_projection_5z,CH4O,avtz,645,N/A,N/A,2140,1377.00,89.85
g2_extrap_projection_5z,CH4O,pvdz,736,N/A,N/A,312,308.37,15.99
g2_extrap_projection_5z,CH4O,pvqz,1458,N/A,N/A,9135,4455.00,371.25
g2_extrap_projection_5z,CH4O,pvtz,763,N/A,N/A,3466,2045.00,174.44
g2_extrap_projection_5z,CH4S,avdz,415,N/A,N/A,790,725.00,26.06
g2_extrap_projection_5z,CHO,avdz,38,N/A,N/A,152,129.30,34.57
g2_extrap_projection_5z,CHO,avqz,292,N/A,N/A,6872,1832.00,619.61
g2_extrap_projection_5z,CHO,avtz,43,N/A,N/A,998,534.00,146.72
g2_extrap_projection_5z,CHO,pvdz,104,N/A,N/A,114,110.95,27.79
g2_extrap_projection_5z,CHO,pvqz,121,N/A,N/A,3047,823.00,233.92
g2_extrap_projection_5z,CHO,pvtz,71,N/A,N/A,731,394.00,64.02
g2_extrap_projection_5z,CN,avdz,10,N/A,N/A,95,84.40,28.60
g2_extrap_projection_5z,CN,avqz,68,N/A,N/A,3012,960.00,244.58
g2_extrap_projection_5z,CN,avtz,19,N/A,N/A,382,191.00,62.64
g2_extrap_projection_5z,CN,pvdz,59,N/A,N/A,86,81.77,30.69
g2_extrap_projection_5z,CN,pvqz,53,N/A,N/A,1236,461.00,89.92
g2_extrap_projection_5z,CN,pvtz,25,N/A,N/A,231,168.00,36.98
g2_extrap_projection_5z,CNH,avdz,23,N/A,N/A,134,128.52,15.14
g2_extrap_projection_5z,CNH,avqz,286,N/A,N/A,2447,1185.00,141.00
g2_extrap_projection_5z,CNH,avtz,42,N/A,N/A,465,352.00,20.98
g2_extrap_projection_5z,CNH,pvdz,150,N/A,N/A,130,127.96,16.49
g2_extrap_projection_5z,CNH,pvqz,120,N/A,N/A,1967,1182.00,51.93
g2_extrap_projection_5z,CNH,pvtz,71,N/A,N/A,442,359.00,22.47
g2_extrap_projection_5z,CO,avdz,10,N/A,N/A,95,89.29,13.89
g2_extrap_projection_5z,CO,avqz,70,N/A,N/A,1013,562.00,71.71
g2_extrap_projection_5z,CO,avtz,18,N/A,N/A,309,257.50,18.26
g2_extrap_projection_5z,CO,pvdz,41,N/A,N/A,70,69.67,17.13
g2_extrap_projection_5z,CO,pvqz,51,N/A,N/A,583,387.00,25.26
g2_extrap_projection_5z,CO,pvtz,25,N/A,N/A,182,166.10,15.33
g2_extrap_projection_5z,CO2,avdz,49,N/A,N/A,277,264.20,21.92
g2_extrap_projection_5z,CO2,avqz,474,N/A,N/A,4365,2131.00,443.71
g2_extrap_projection_5z,CO2,avtz,85,N/A,N/A,1259,1022.00,59.97
g2_extrap_projection_5z,CO2,pvdz,207,N/A,N/A,206,204.37,15.24
g2_extrap_projection_5z,CO2,pvqz,214,N/A,N/A,2189,1225.00,164.57
g2_extrap_projection_5z,CO2,pvtz,115,N/A,N/A,636,558.00,34.48
g2_extrap_projection_5z,CS,avdz,23,N/A,N/A,193,185.96,15.51
g2_extrap_projection_5z,Cl,avdz,4,N/A,N/A,43,40.86,23.89
g2_extrap_projection_5z,Cl2,avdz,23,N/A,N/A,197,187.66,17.29
g2_extrap_projection_5z,F,avdz,2,N/A,N/A,19,18.37,23.44
g2_extrap_projection_5z,F,avqz,5,N/A,N/A,162,50.00,34.60
g2_extrap_projection_5z,F,avtz,2,N/A,N/A,43,30.70,48.12
g2_extrap_projection_5z,F,pvdz,3,N/A,N/A,17,16.92,22.91
g2_extrap_projection_5z,F,pvqz,6,N/A,N/A,99,51.40,27.36
g2_extrap_projection_5z,F,pvtz,3,N/A,N/A,38,34.01,24.25
g2_extrap_projection_5z,F2,avdz,17,N/A,N/A,77,74.36,15.57
g2_extrap_projection_5z,F2,avqz,87,N/A,N/A,993,543.00,141.36
g2_extrap_projection_5z,F2,avtz,18,N/A,N/A,182,135.80,29.63
g2_extrap_projection_5z,F2,pvdz,43,N/A,N/A,66,65.67,17.40
g2_extrap_projection_5z,F2,pvqz,49,N/A,N/A,540,348.00,42.09
g2_extrap_projection_5z,F2,pvtz,26,N/A,N/A,171,155.10,18.74
g2_extrap_projection_5z,FCl,avdz,24,N/A,N/A,186,179.21,16.62
g2_extrap_projection_5z,H,avdz,N/A,N/A,N/A,N/A,N/A,N/A
g2_extrap_projection_5z,H,avqz,N/A,N/A,N/A,N/A,N/A,N/A
g2_extrap_projection_5z,H,avtz,N/A,N/A,N/A,N/A,N/A,N/A
g2_extrap_projection_5z,H,pvdz,N/A,N/A,N/A,N/A,N/A,N/A
g2_extrap_projection_5z,H,pvqz,N/A,N/A,N/A,N/A,N/A,N/A
g2_extrap_projection_5z,H,pvtz,N/A,N/A,N/A,N/A,N/A,N/A
g2_extrap_projection_5z,H2O,avdz,11,N/A,N/A,63,61.23,13.46
g2_extrap_projection_5z,H2O,avqz,97,N/A,N/A,1233,630.00,57.39
g2_extrap_projection_5z,H2O,avtz,22,N/A,N/A,271,218.00,25.17
g2_extrap_projection_5z,H2O,pvdz,63,N/A,N/A,46,45.79,16.77
g2_extrap_projection_5z,H2O,pvqz,70,N/A,N/A,695,400.00,34.16
g2_extrap_projection_5z,H2O,pvtz,45,N/A,N/A,290,204.00,19.06
g2_extrap_projection_5z,H2O2,avdz,51,N/A,N/A,194,183.70,18.96
g2_extrap_projection_5z,H2O2,avqz,692,N/A,N/A,5514,2735.00,425.94
g2_extrap_projection_5z,H2O2,avtz,119,N/A,N/A,1372,1102.00,61.41
g2_extrap_projection_5z,H2O2,pvdz,309,N/A,N/A,134,132.77,16.41
g2_extrap_projection_5z,H2O2,pvqz,392,N/A,N/A,3653,1941.00,177.89
g2_extrap_projection_5z,H2O2,pvtz,184,N/A,N/A,955,679.00,73.79
g2_extrap_projection_5z,H2S,avdz,26,N/A,N/A,132,118.40,13.22
g2_extrap_projection_5z,HCl,avdz,10,N/A,N/A,72,70.13,13.01
g2_extrap_projection_5z,HF,avdz,4,N/A,N/A,33,32.33,13.08
g2_extrap_projection_5z,HF,avqz,41,N/A,N/A,391,222.00,37.04
g2_extrap_projection_5z,HF,avtz,8,N/A,N/A,68,53.00,15.89
g2_extrap_projection_5z,HF,pvdz,21,N/A,N/A,31,30.92,13.30
g2_extrap_projection_5z,HF,pvqz,21,N/A,N/A,285,180.00,18.81
g2_extrap_projection_5z,HF,pvtz,14,N/A,N/A,100,82.90,14.49
g2_extrap_projection_5z,HO,avdz,7,N/A,N/A,35,32.40,24.29
g2_extrap_projection_5z,HO,avqz,42,N/A,N/A,1014,318.00,90.02
g2_extrap_projection_5z,HO,avtz,8,N/A,N/A,121,56.00,28.18
g2_extrap_projection_5z,HO,pvdz,20,N/A,N/A,31,30.67,31.55
g2_extrap_projection_5z,HO,pvqz,22,N/A,N/A,611,192.00,38.71
g2_extrap_projection_5z,HO,pvtz,13,N/A,N/A,151,83.00,28.17
g2_extrap_projection_5z,HOCl,avdz,53,N/A,N/A,286,272.30,18.73
g2_extrap_projection_5z,Li,avdz,1,N/A,N/A,6,6.00,22.65
g2_extrap_projection_5z,Li,avqz,5,N/A,N/A,37,36.78,22.56
g2_extrap_projection_5z,Li,avtz,3,N/A,N/A,16,15.95,22.99
g2_extrap_projection_5z,Li,pvdz,2,N/A,N/A,5,5.00,22.02
g2_extrap_projection_5z,Li,pvqz,7,N/A,N/A,22,21.93,23.01
g2_extrap_projection_5z,Li,pvtz,5,N/A,N/A,8,8.00,23.64
g2_extrap_projection_5z,Li2,avdz,4,N/A,N/A,77,74.40,12.51
g2_extrap_projection_5z,Li2,avqz,75,N/A,N/A,708,258.00,20.04
g2_extrap_projection_5z,Li2,avtz,11,N/A,N/A,155,110.60,20.57
g2_extrap_projection_5z,Li2,pvdz,14,N/A,N/A,67,66.92,12.86
g2_extrap_projection_5z,Li2,pvqz,27,N/A,N/A,343,206.00,13.61
g2_extrap_projection_5z,Li2,pvtz,10,N/A,N/A,156,147.32,12.49
g2_extrap_projection_5z,LiF,avdz,7,N/A,N/A,117,114.36,17.38
g2_extrap_projection_5z,LiF,avqz,91,N/A,N/A,1239,733.00,136.21
g2_extrap_projection_5z,LiF,avtz,15,N/A,N/A,292,246.20,36.96
g2_extrap_projection_5z,LiF,pvdz,36,N/A,N/A,120,119.81,17.79
g2_extrap_projection_5z,LiF,pvqz,42,N/A,N/A,567,401.00,34.78
g2_extrap_projection_5z,LiF,pvtz,19,N/A,N/A,216,203.50,14.43
g2_extrap_projection_5z,LiH,avdz,3,N/A,N/A,37,36.34,12.34
g2_extrap_projection_5z,LiH,avqz,25,N/A,N/A,366,183.00,17.79
g2_extrap_projection_5z,LiH,avtz,6,N/A,N/A,83,66.20,16.37
g2_extrap_projection_5z,LiH,pvdz,13,N/A,N/A,34,33.97,12.48
g2_extrap_projection_5z,LiH,pvqz,16,N/A,N/A,165,100.00,13.84
g2_extrap_projection_5z,LiH,pvtz,8,N/A,N/A,89,76.20,13.28
g2_extrap_projection_5z,N,avdz,3,N/A,N/A,20,19.55,22.94
g2_extrap_projection_5z,N,avqz,5,N/A,N/A,172,83.00,29.60
g2_extrap_projection_5z,N,avtz,2,N/A,N/A,42,33.14,41.86
g2_extrap_projection_5z,N,pvdz,5,N/A,N/A,20,19.54,26.62
g2_extrap_projection_5z,N,pvqz,6,N/A,N/A,97,61.10,26.52
g2_extrap_projection_5z,N,pvtz,4,N/A,N/A,39,36.06,23.80
g2_extrap_projection_5z,N2,avdz,10,N/A,N/A,87,84.43,14.38
g2_extrap_projection_5z,N2,avqz,62,N/A,N/A,1000,556.00,70.33
g2_extrap_projection_5z,N2,avtz,18,N/A,N/A,325,265.80,16.27
g2_extrap_projection_5z,N2,pvdz,62,N/A,N/A,90,87.42,16.76
g2_extrap_projection_5z,N2,pvqz,52,N/A,N/A,594,405.00,25.88
g2_extrap_projection_5z,N2,pvtz,25,N/A,N/A,183,166.30,15.66
g2_extrap_projection_5z,N2H4,avdz,158,N/A,N/A,402,373.80,26.97
g2_extrap_projection_5z,N2H4,avqz,2517,N/A,N/A,22871,11651.00,909.93
g2_extrap_projection_5z,N2H4,avtz,410,N/A,N/A,2195,1414.00,93.69
g2_extrap_projection_5z,N2H4,pvdz,1095,N/A,N/A,432,419.50,16.59
g2_extrap_projection_5z,N2H4,pvqz,1461,N/A,N/A,9223,4543.00,340.23
g2_extrap_projection_5z,N2H4,pvtz,767,N/A,N/A,3452,2026.00,171.50
g2_extrap_projection_5z,NH,avdz,7,N/A,N/A,45,42.08,24.28
g2_extrap_projection_5z,NH,avqz,27,N/A,N/A,988,299.00,71.81
g2_extrap_projection_5z,NH,avtz,7,N/A,N/A,118,58.00,28.04
g2_extrap_projection_5z,NH,pvdz,21,N/A,N/A,34,32.50,27.28
g2_extrap_projection_5z,NH,pvqz,23,N/A,N/A,621,196.00,37.43
g2_extrap_projection_5z,NH,pvtz,12,N/A,N/A,151,84.00,27.67
g2_extrap_projection_5z,NH2,avdz,11,N/A,N/A,70,62.96,25.48
g2_extrap_projection_5z,NH2,avqz,95,N/A,N/A,3493,943.00,154.27
g2_extrap_projection_5z,NH2,avtz,35,N/A,N/A,347,157.00,52.24
g2_extrap_projection_5z,NH2,pvdz,65,N/A,N/A,66,62.69,28.41
g2_extrap_projection_5z,NH2,pvqz,69,N/A,N/A,1584,425.00,75.63
g2_extrap_projection_5z,NH2,pvtz,44,N/A,N/A,586,234.00,38.21
g2_extrap_projection_5z,NH3,avdz,45,N/A,N/A,126,121.30,14.06
g2_extrap_projection_5z,NH3,avqz,570,N/A,N/A,3724,1895.00,96.32
g2_extrap_projection_5z,NH3,avtz,60,N/A,N/A,434,317.00,18.99
g2_extrap_projection_5z,NH3,pvdz,117,N/A,N/A,81,79.70,16.51
g2_extrap_projection_5z,NH3,pvqz,222,N/A,N/A,1607,837.00,49.45
g2_extrap_projection_5z,NH3,pvtz,134,N/A,N/A,787,510.00,34.50
g2_extrap_projection_5z,NO,avdz,10,N/A,N/A,94,83.60,29.13
g2_extrap_projection_5z,NO,avqz,105,N/A,N/A,2634,836.00,276.82
g2_extrap_projection_5z,NO,avtz,18,N/A,N/A,493,282.00,62.72
g2_extrap_projection_5z,NO,pvdz,60,N/A,N/A,82,77.73,50.64
g2_extrap_projection_5z,NO,pvqz,53,N/A,N/A,1187,414.00,109.13
g2_extrap_projection_5z,NO,pvtz,26,N/A,N/A,239,176.00,37.71
g2_extrap_projection_5z,Na,avdz,13,N/A,N/A,47,41.83,25.80
g2_extrap_projection_5z,Na2,avdz,130,N/A,N/A,235,218.90,28.49
g2_extrap_projection_5z,NaCl,avdz,64,N/A,N/A,204,187.10,21.58
g2_extrap_projection_5z,O,avdz,3,N/A,N/A,19,18.39,23.64
g2_extrap_projection_5z,O,avqz,4,N/A,N/A,162,51.00,34.56
g2_extrap_projection_5z,O,avtz,2,N/A,N/A,47,34.60,26.25
g2_extrap_projection_5z,O,pvdz,5,N/A,N/A,17,16.92,22.34
g2_extrap_projection_5z,O,pvqz,6,N/A,N/A,99,52.20,27.25
g2_extrap_projection_5z,O,pvtz,4,N/A,N/A,43,39.07,23.70
g2_extrap_projection_5z,O2,avdz,10,N/A,N/A,88,77.60,31.62
g2_extrap_projection_5z,O2,avqz,114,N/A,N/A,3191,1140.00,361.02
g2_extrap_projection_5z,O2,avtz,19,N/A,N/A,370,183.00,44.26
g2_extrap_projection_5z,O2,pvdz,57,N/A,N/A,89,87.68,29.21
g2_extrap_projection_5z,O2,pvqz,54,N/A,N/A,1726,617.00,130.81
g2_extrap_projection_5z,O2,pvtz,26,N/A,N/A,223,160.00,42.57
g2_extrap_projection_5z,O2S,avdz,102,N/A,N/A,515,483.00,25.32
g2_extrap_projection_5z,O2_old,avdz,N/A,N/A,N/A,N/A,N/A,N/A
g2_extrap_projection_5z,O2_old,avqz,N/A,N/A,N/A,N/A,N/A,N/A
g2_extrap_projection_5z,O2_old,avtz,N/A,N/A,N/A,N/A,N/A,N/A
g2_extrap_projection_5z,O2_old,pvdz,N/A,N/A,N/A,N/A,N/A,N/A
g2_extrap_projection_5z,O2_old,pvqz,N/A,N/A,N/A,N/A,N/A,N/A
g2_extrap_projection_5z,O2_old,pvtz,N/A,N/A,N/A,N/A,N/A,N/A
g2_extrap_projection_5z,OCl,avdz,23,N/A,N/A,200,172.10,33.26
g2_extrap_projection_5z,OS,avdz,23,N/A,N/A,206,178.80,33.45
g2_extrap_projection_5z,P,avdz,3,N/A,N/A,46,44.36,24.19
g2_extrap_projection_5z,P2,avdz,28,N/A,N/A,223,214.30,15.15
g2_extrap_projection_5z,PH2,avdz,26,N/A,N/A,135,115.50,26.04
g2_extrap_projection_5z,PH3,avdz,57,N/A,N/A,198,187.80,13.50
g2_extrap_projection_5z,S,avdz,6,N/A,N/A,45,42.77,25.58
g2_extrap_projection_5z,S2,avdz,25,N/A,N/A,247,212.20,32.87
g2_extrap_projection_5z,Si,avdz,4,N/A,N/A,46,44.36,23.62
g2_extrap_projection_5z,Si2,avdz,25,N/A,N/A,231,195.70,27.88
g2_extrap_projection_5z,Si2H6,avdz,1034,N/A,N/A,1594,1420.00,36.71
g2_extrap_projection_5z,SiH2,avdz,25,N/A,N/A,129,124.17,13.30
g2_extrap_projection_5z,SiH2_triplet,avdz,25,N/A,N/A,148,122.50,25.37
g2_extrap_projection_5z,SiH3,avdz,58,N/A,N/A,233,191.90,26.83
g2_extrap_projection_5z,SiH4,avdz,119,N/A,N/A,313,284.20,14.87
g2_extrap_projection_5z,SiO,avdz,23,N/A,N/A,186,179.29,14.64
g2_extrap_projection_5z,old_Si2,avdz,N/A,N/A,N/A,N/A,N/A,N/A
g2_extrap_projection_5z,old_Si2,avqz,N/A,N/A,N/A,N/A,N/A,N/A
g2_extrap_projection_5z,old_Si2,avtz,N/A,N/A,N/A,N/A,N/A,N/A
g2_extrap_projection_5z,old_Si2,pvdz,N/A,N/A,N/A,N/A,N/A,N/A
g2_extrap_projection_5z,old_Si2,pvqz,N/A,N/A,N/A,N/A,N/A,N/A
g2_extrap_projection_5z,old_Si2,pvtz,N/A,N/A,N/A,N/A,N/A,N/A
g2_largebasis_rhf,Be,av5z,8,10.27,2.56,N/A,N/A,N/A
g2_largebasis_rhf,Be,av6z,12,N/A,N/A,N/A,N/A,N/A
g2_largebasis_rhf,Be,avdz,31,N/A,N/A,N/A,N/A,N/A
g2_largebasis_rhf,Be,avqz,13,N/A,N/A,N/A,N/A,N/A
g2_largebasis_rhf,Be,avtz,2,N/A,N/A,N/A,N/A,N/A
g2_largebasis_rhf,Be,pvdz,3,N/A,N/A,N/A,N/A,N/A
g2_largebasis_rhf,Be,pvqz,4,N/A,N/A,N/A,N/A,N/A
g2_largebasis_rhf,Be,pvtz,2,N/A,N/A,N/A,N/A,N/A
g2_largebasis_rhf,BeH,av5z,40,19.98,4.28,N/A,N/A,N/A
g2_largebasis_rhf,BeH,av6z,240,N/A,N/A,N/A,N/A,N/A
g2_largebasis_rhf,BeH,avdz,2,N/A,N/A,N/A,N/A,N/A
g2_largebasis_rhf,BeH,avqz,51,N/A,N/A,N/A,N/A,N/A
g2_largebasis_rhf,BeH,avtz,2,N/A,N/A,N/A,N/A,N/A
g2_largebasis_rhf,BeH,pvdz,1,N/A,N/A,N/A,N/A,N/A
g2_largebasis_rhf,BeH,pvqz,21,N/A,N/A,N/A,N/A,N/A
g2_largebasis_rhf,BeH,pvtz,5,N/A,N/A,N/A,N/A,N/A
g2_largebasis_rhf,C,av5z,7,16.52,7.87,N/A,N/A,N/A
g2_largebasis_rhf,C,av6z,24,N/A,N/A,N/A,N/A,N/A
g2_largebasis_rhf,C,avdz,31,N/A,N/A,N/A,N/A,N/A
g2_largebasis_rhf,C,avqz,11,N/A,N/A,N/A,N/A,N/A
g2_largebasis_rhf,C,avtz,1,N/A,N/A,N/A,N/A,N/A
g2_largebasis_rhf,C,pvdz,2,N/A,N/A,N/A,N/A,N/A
g2_largebasis_rhf,C,pvqz,4,N/A,N/A,N/A,N/A,N/A
g2_largebasis_rhf,C,pvtz,3,N/A,N/A,N/A,N/A,N/A
g2_largebasis_rhf,C2H2,av5z,257,74.14,104.48,N/A,N/A,N/A
g2_largebasis_rhf,C2H2,av6z,2270,N/A,N/A,N/A,N/A,N/A
g2_largebasis_rhf,C2H2,avdz,3,N/A,N/A,N/A,N/A,N/A
g2_largebasis_rhf,C2H2,avqz,800,N/A,N/A,N/A,N/A,N/A
g2_largebasis_rhf,C2H2,avtz,5,N/A,N/A,N/A,N/A,N/A
g2_largebasis_rhf,C2H2,pvdz,2,N/A,N/A,N/A,N/A,N/A
g2_largebasis_rhf,C2H2,pvqz,203,N/A,N/A,N/A,N/A,N/A
g2_largebasis_rhf,C2H2,pvtz,49,N/A,N/A,N/A,N/A,N/A
g2_largebasis_rhf,C2H4,av5z,1324,101.69,143.98,N/A,N/A,N/A
g2_largebasis_rhf,C2H4,av6z,8678,N/A,N/A,N/A,N/A,N/A
g2_largebasis_rhf,C2H4,avdz,5,N/A,N/A,N/A,N/A,N/A
g2_largebasis_rhf,C2H4,avqz,3188,N/A,N/A,N/A,N/A,N/A
g2_largebasis_rhf,C2H4,avtz,14,N/A,N/A,N/A,N/A,N/A
g2_largebasis_rhf,C2H4,pvdz,3,N/A,N/A,N/A,N/A,N/A
g2_largebasis_rhf,C2H4,pvqz,796,N/A,N/A,N/A,N/A,N/A
g2_largebasis_rhf,C2H4,pvtz,269,N/A,N/A,N/A,N/A,N/A
g2_largebasis_rhf,C2H6,av5z,2473,134.13,196.58,N/A,N/A,N/A
g2_largebasis_rhf,C2H6,av6z,72063,N/A,N/A,N/A,N/A,N/A
g2_largebasis_rhf,C2H6,avdz,6,N/A,N/A,N/A,N/A,N/A
g2_largebasis_rhf,C2H6,avqz,13898,N/A,N/A,N/A,N/A,N/A
g2_largebasis_rhf,C2H6,avtz,32,N/A,N/A,N/A,N/A,N/A
g2_largebasis_rhf,C2H6,pvdz,6,N/A,N/A,N/A,N/A,N/A
g2_largebasis_rhf,C2H6,pvqz,3499,N/A,N/A,N/A,N/A,N/A
g2_largebasis_rhf,C2H6,pvtz,1563,N/A,N/A,N/A,N/A,N/A
g2_largebasis_rhf,CH,av5z,40,27.42,19.55,N/A,N/A,N/A
g2_largebasis_rhf,CH,av6z,240,N/A,N/A,N/A,N/A,N/A
g2_largebasis_rhf,CH,avdz,2,N/A,N/A,N/A,N/A,N/A
g2_largebasis_rhf,CH,avqz,55,N/A,N/A,N/A,N/A,N/A
g2_largebasis_rhf,CH,avtz,2,N/A,N/A,N/A,N/A,N/A
g2_largebasis_rhf,CH,pvdz,1,N/A,N/A,N/A,N/A,N/A
g2_largebasis_rhf,CH,pvqz,17,N/A,N/A,N/A,N/A,N/A
g2_largebasis_rhf,CH,pvtz,6,N/A,N/A,N/A,N/A,N/A
g2_largebasis_rhf,CH2,av5z,174,36.26,26.88,N/A,N/A,N/A
g2_largebasis_rhf,CH2,av6z,761,N/A,N/A,N/A,N/A,N/A
g2_largebasis_rhf,CH2,avdz,3,N/A,N/A,N/A,N/A,N/A
g2_largebasis_rhf,CH2,avqz,197,N/A,N/A,N/A,N/A,N/A
g2_largebasis_rhf,CH2,avtz,3,N/A,N/A,N/A,N/A,N/A
g2_largebasis_rhf,CH2,pvdz,1,N/A,N/A,N/A,N/A,N/A
g2_largebasis_rhf,CH2,pvqz,51,N/A,N/A,N/A,N/A,N/A
g2_largebasis_rhf,CH2,pvtz,19,N/A,N/A,N/A,N/A,N/A
g2_largebasis_rhf,CH2O,av5z,470,97.37,253.45,N/A,N/A,N/A
g2_largebasis_rhf,CH2O,av6z,2073,N/A,N/A,N/A,N/A,N/A
g2_largebasis_rhf,CH2O,avdz,4,N/A,N/A,N/A,N/A,N/A
g2_largebasis_rhf,CH2O,avqz,878,N/A,N/A,N/A,N/A,N/A
g2_largebasis_rhf,CH2O,avtz,7,N/A,N/A,N/A,N/A,N/A
g2_largebasis_rhf,CH2O,pvdz,2,N/A,N/A,N/A,N/A,N/A
g2_largebasis_rhf,CH2O,pvqz,215,N/A,N/A,N/A,N/A,N/A
g2_largebasis_rhf,CH2O,pvtz,56,N/A,N/A,N/A,N/A,N/A
g2_largebasis_rhf,CH2_singlet,av5z,86,34.99,27.09,N/A,N/A,N/A
g2_largebasis_rhf,CH2_singlet,av6z,401,N/A,N/A,N/A,N/A,N/A
g2_largebasis_rhf,CH2_singlet,avdz,3,N/A,N/A,N/A,N/A,N/A
g2_largebasis_rhf,CH2_singlet,avqz,187,N/A,N/A,N/A,N/A,N/A
g2_largebasis_rhf,CH2_singlet,avtz,3,N/A,N/A,N/A,N/A,N/A
g2_largebasis_rhf,CH2_singlet,pvdz,1,N/A,N/A,N/A,N/A,N/A
g2_largebasis_rhf,CH2_singlet,pvqz,49,N/A,N/A,N/A,N/A,N/A
g2_largebasis_rhf,CH2_singlet,pvtz,19,N/A,N/A,N/A,N/A,N/A
g2_largebasis_rhf,CH3,av5z,248,45.32,35.66,N/A,N/A,N/A
g2_largebasis_rhf,CH3,av6z,1612,N/A,N/A,N/A,N/A,N/A
g2_largebasis_rhf,CH3,avdz,3,N/A,N/A,N/A,N/A,N/A
g2_largebasis_rhf,CH3,avqz,510,N/A,N/A,N/A,N/A,N/A
g2_largebasis_rhf,CH3,avtz,4,N/A,N/A,N/A,N/A,N/A
g2_largebasis_rhf,CH3,pvdz,2,N/A,N/A,N/A,N/A,N/A
g2_largebasis_rhf,CH3,pvqz,138,N/A,N/A,N/A,N/A,N/A
g2_largebasis_rhf,CH3,pvtz,63,N/A,N/A,N/A,N/A,N/A
g2_largebasis_rhf,CH3Cl,av5z,590,124.61,217.31,N/A,N/A,N/A
g2_largebasis_rhf,CH3Cl,av6z,3870,N/A,N/A,N/A,N/A,N/A
g2_largebasis_rhf,CH3Cl,avdz,4,N/A,N/A,N/A,N/A,N/A
g2_largebasis_rhf,CH3Cl,avqz,102,N/A,N/A,N/A,N/A,N/A
g2_largebasis_rhf,CH3Cl,avtz,14,N/A,N/A,N/A,N/A,N/A
g2_largebasis_rhf,CH3Cl,pvdz,3,N/A,N/A,N/A,N/A,N/A
g2_largebasis_rhf,CH3Cl,pvqz,566,N/A,N/A,N/A,N/A,N/A
g2_largebasis_rhf,CH3Cl,pvtz,203,N/A,N/A,N/A,N/A,N/A
g2_largebasis_rhf,CH4,av5z,446,55.93,49.87,N/A,N/A,N/A
g2_largebasis_rhf,CH4,av6z,3097,N/A,N/A,N/A,N/A,N/A
g2_largebasis_rhf,CH4,avdz,3,N/A,N/A,N/A,N/A,N/A
g2_largebasis_rhf,CH4,avqz,1730,N/A,N/A,N/A,N/A,N/A
g2_largebasis_rhf,CH4,avtz,5,N/A,N/A,N/A,N/A,N/A
g2_largebasis_rhf,CH4,pvdz,2,N/A,N/A,N/A,N/A,N/A
g2_largebasis_rhf,CH4,pvqz,471,N/A,N/A,N/A,N/A,N/A
g2_largebasis_rhf,CH4,pvtz,236,N/A,N/A,N/A,N/A,N/A
g2_largebasis_rhf,CH4O,av5z,950,128.30,1589.93,N/A,N/A,N/A
g2_largebasis_rhf,CH4O,av6z,6263,N/A,N/A,N/A,N/A,N/A
g2_largebasis_rhf,CH4O,avdz,5,N/A,N/A,N/A,N/A,N/A
g2_largebasis_rhf,CH4O,avqz,5214,N/A,N/A,N/A,N/A,N/A
g2_largebasis_rhf,CH4O,avtz,14,N/A,N/A,N/A,N/A,N/A
g2_largebasis_rhf,CH4O,pvdz,4,N/A,N/A,N/A,N/A,N/A
g2_largebasis_rhf,CH4O,pvqz,1312,N/A,N/A,N/A,N/A,N/A
g2_largebasis_rhf,CH4O,pvtz,450,N/A,N/A,N/A,N/A,N/A
g2_largebasis_rhf,CH4S,av5z,1466,131.81,193.01,N/A,N/A,N/A
g2_largebasis_rhf,CH4S,av6z,9489,N/A,N/A,N/A,N/A,N/A
g2_largebasis_rhf,CH4S,avdz,5,N/A,N/A,N/A,N/A,N/A
g2_largebasis_rhf,CH4S,avqz,5193,N/A,N/A,N/A,N/A,N/A
g2_largebasis_rhf,CH4S,avtz,15,N/A,N/A,N/A,N/A,N/A
g2_largebasis_rhf,CH4S,pvdz,4,N/A,N/A,N/A,N/A,N/A
g2_largebasis_rhf,CH4S,pvqz,1037,N/A,N/A,N/A,N/A,N/A
g2_largebasis_rhf,CH4S,pvtz,412,N/A,N/A,N/A,N/A,N/A
g2_largebasis_rhf,CHO,av5z,293,82.20,216.08,N/A,N/A,N/A
g2_largebasis_rhf,CHO,av6z,1655,N/A,N/A,N/A,N/A,N/A
g2_largebasis_rhf,CHO,avdz,3,N/A,N/A,N/A,N/A,N/A
g2_largebasis_rhf,CHO,avqz,404,N/A,N/A,N/A,N/A,N/A
g2_largebasis_rhf,CHO,avtz,6,N/A,N/A,N/A,N/A,N/A
g2_largebasis_rhf,CHO,pvdz,2,N/A,N/A,N/A,N/A,N/A
g2_largebasis_rhf,CHO,pvqz,98,N/A,N/A,N/A,N/A,N/A
g2_largebasis_rhf,CHO,pvtz,22,N/A,N/A,N/A,N/A,N/A
g2_largebasis_rhf,CN,av5z,92,56.66,99.74,N/A,N/A,N/A
g2_largebasis_rhf,CN,av6z,474,N/A,N/A,N/A,N/A,N/A
g2_largebasis_rhf,CN,avdz,3,N/A,N/A,N/A,N/A,N/A
g2_largebasis_rhf,CN,avqz,134,N/A,N/A,N/A,N/A,N/A
g2_largebasis_rhf,CN,avtz,3,N/A,N/A,N/A,N/A,N/A
g2_largebasis_rhf,CN,pvdz,2,N/A,N/A,N/A,N/A,N/A
g2_largebasis_rhf,CN,pvqz,33,N/A,N/A,N/A,N/A,N/A
g2_largebasis_rhf,CN,pvtz,7,N/A,N/A,N/A,N/A,N/A
g2_largebasis_rhf,CNH,av5z,135,77.77,159.49,N/A,N/A,N/A
g2_largebasis_rhf,CNH,av6z,786,N/A,N/A,N/A,N/A,N/A
g2_largebasis_rhf,CNH,avdz,3,N/A,N/A,N/A,N/A,N/A
g2_largebasis_rhf,CNH,avqz,362,N/A,N/A,N/A,N/A,N/A
g2_largebasis_rhf,CNH,avtz,3,N/A,N/A,N/A,N/A,N/A
g2_largebasis_rhf,CNH,pvdz,2,N/A,N/A,N/A,N/A,N/A
g2_largebasis_rhf,CNH,pvqz,86,N/A,N/A,N/A,N/A,N/A
g2_largebasis_rhf,CNH,pvtz,19,N/A,N/A,N/A,N/A,N/A
g2_largebasis_rhf,CO,av5z,65,61.86,145.60,N/A,N/A,N/A
g2_largebasis_rhf,CO,av6z,249,N/A,N/A,N/A,N/A,N/A
g2_largebasis_rhf,CO,avdz,2,N/A,N/A,N/A,N/A,N/A
g2_largebasis_rhf,CO,avqz,127,N/A,N/A,N/A,N/A,N/A
g2_largebasis_rhf,CO,avtz,2,N/A,N/A,N/A,N/A,N/A
g2_largebasis_rhf,CO,pvdz,2,N/A,N/A,N/A,N/A,N/A
g2_largebasis_rhf,CO,pvqz,37,N/A,N/A,N/A,N/A,N/A
g2_largebasis_rhf,CO,pvtz,6,N/A,N/A,N/A,N/A,N/A
g2_largebasis_rhf,CO2,av5z,226,118.70,440.51,N/A,N/A,N/A
g2_largebasis_rhf,CO2,av6z,1280,N/A,N/A,N/A,N/A,N/A
g2_largebasis_rhf,CO2,avdz,4,N/A,N/A,N/A,N/A,N/A
g2_largebasis_rhf,CO2,avqz,575,N/A,N/A,N/A,N/A,N/A
g2_largebasis_rhf,CO2,avtz,6,N/A,N/A,N/A,N/A,N/A
g2_largebasis_rhf,CO2,pvdz,2,N/A,N/A,N/A,N/A,N/A
g2_largebasis_rhf,CO2,pvqz,126,N/A,N/A,N/A,N/A,N/A
g2_largebasis_rhf,CO2,pvtz,17,N/A,N/A,N/A,N/A,N/A
g2_largebasis_rhf,CS,av5z,72,65.14,80.36,N/A,N/A,N/A
g2_largebasis_rhf,CS,av6z,390,N/A,N/A,N/A,N/A,N/A
g2_largebasis_rhf,CS,avdz,2,N/A,N/A,N/A,N/A,N/A
g2_largebasis_rhf,CS,avqz,130,N/A,N/A,N/A,N/A,N/A
g2_largebasis_rhf,CS,avtz,2,N/A,N/A,N/A,N/A,N/A
g2_largebasis_rhf,CS,pvdz,2,N/A,N/A,N/A,N/A,N/A
g2_largebasis_rhf,CS,pvqz,22,N/A,N/A,N/A,N/A,N/A
g2_largebasis_rhf,CS,pvtz,5,N/A,N/A,N/A,N/A,N/A
g2_largebasis_rhf,Cl,av5z,6,31.61,26.57,N/A,N/A,N/A
g2_largebasis_rhf,Cl,av6z,21,N/A,N/A,N/A,N/A,N/A
g2_largebasis_rhf,Cl,avdz,3,N/A,N/A,N/A,N/A,N/A
g2_largebasis_rhf,Cl,avqz,2,N/A,N/A,N/A,N/A,N/A
g2_largebasis_rhf,Cl,avtz,3,N/A,N/A,N/A,N/A,N/A
g2_largebasis_rhf,Cl,pvdz,4,N/A,N/A,N/A,N/A,N/A
g2_largebasis_rhf,Cl,pvqz,3,N/A,N/A,N/A,N/A,N/A
g2_largebasis_rhf,Cl,pvtz,2,N/A,N/A,N/A,N/A,N/A
g2_largebasis_rhf,Cl2,av5z,44,86.93,129.10,N/A,N/A,N/A
g2_largebasis_rhf,Cl2,av6z,341,N/A,N/A,N/A,N/A,N/A
g2_largebasis_rhf,Cl2,avdz,2,N/A,N/A,N/A,N/A,N/A
g2_largebasis_rhf,Cl2,avqz,10,N/A,N/A,N/A,N/A,N/A
g2_largebasis_rhf,Cl2,avtz,5,N/A,N/A,N/A,N/A,N/A
g2_largebasis_rhf,Cl2,pvdz,2,N/A,N/A,N/A,N/A,N/A
g2_largebasis_rhf,Cl2,pvqz,19,N/A,N/A,N/A,N/A,N/A
g2_largebasis_rhf,Cl2,pvtz,5,N/A,N/A,N/A,N/A,N/A
g2_largebasis_rhf,F,av5z,6,28.78,49.78,N/A,N/A,N/A
g2_largebasis_rhf,F,av6z,29,N/A,N/A,N/A,N/A,N/A
g2_largebasis_rhf,F,avdz,3,N/A,N/A,N/A,N/A,N/A
g2_largebasis_rhf,F,avqz,7,N/A,N/A,N/A,N/A,N/A
g2_largebasis_rhf,F,avtz,1,N/A,N/A,N/A,N/A,N/A
g2_largebasis_rhf,F,pvdz,4,N/A,N/A,N/A,N/A,N/A
g2_largebasis_rhf,F,pvqz,5,N/A,N/A,N/A,N/A,N/A
g2_largebasis_rhf,F,pvtz,2,N/A,N/A,N/A,N/A,N/A
g2_largebasis_rhf,F2,av5z,124,78.65,1034.20,N/A,N/A,N/A
g2_largebasis_rhf,F2,av6z,244,N/A,N/A,N/A,N/A,N/A
g2_largebasis_rhf,F2,avdz,2,N/A,N/A,N/A,N/A,N/A
g2_largebasis_rhf,F2,avqz,49,N/A,N/A,N/A,N/A,N/A
g2_largebasis_rhf,F2,avtz,2,N/A,N/A,N/A,N/A,N/A
g2_largebasis_rhf,F2,pvdz,2,N/A,N/A,N/A,N/A,N/A
g2_largebasis_rhf,F2,pvqz,27,N/A,N/A,N/A,N/A,N/A
g2_largebasis_rhf,F2,pvtz,7,N/A,N/A,N/A,N/A,N/A
g2_largebasis_rhf,FCl,av5z,67,89.40,260.06,N/A,N/A,N/A
g2_largebasis_rhf,FCl,av6z,365,N/A,N/A,N/A,N/A,N/A
g2_largebasis_rhf,FCl,avdz,2,N/A,N/A,N/A,N/A,N/A
g2_largebasis_rhf,FCl,avqz,11,N/A,N/A,N/A,N/A,N/A
g2_largebasis_rhf,FCl,avtz,5,N/A,N/A,N/A,N/A,N/A
g2_largebasis_rhf,FCl,pvdz,2,N/A,N/A,N/A,N/A,N/A
g2_largebasis_rhf,FCl,pvqz,21,N/A,N/A,N/A,N/A,N/A
g2_largebasis_rhf,FCl,pvtz,5,N/A,N/A,N/A,N/A,N/A
g2_largebasis_rhf,H2O,av5z,62,50.71,99.85,N/A,N/A,N/A
g2_largebasis_rhf,H2O,av6z,402,N/A,N/A,N/A,N/A,N/A
g2_largebasis_rhf,H2O,avdz,2,N/A,N/A,N/A,N/A,N/A
g2_largebasis_rhf,H2O,avqz,187,N/A,N/A,N/A,N/A,N/A
g2_largebasis_rhf,H2O,avtz,2,N/A,N/A,N/A,N/A,N/A
g2_largebasis_rhf,H2O,pvdz,1,N/A,N/A,N/A,N/A,N/A
g2_largebasis_rhf,H2O,pvqz,50,N/A,N/A,N/A,N/A,N/A
g2_largebasis_rhf,H2O,pvtz,20,N/A,N/A,N/A,N/A,N/A
g2_largebasis_rhf,H2O2,av5z,414,103.31,1485.63,N/A,N/A,N/A
g2_largebasis_rhf,H2O2,av6z,2590,N/A,N/A,N/A,N/A,N/A
g2_largebasis_rhf,H2O2,avdz,3,N/A,N/A,N/A,N/A,N/A
g2_largebasis_rhf,H2O2,avqz,1429,N/A,N/A,N/A,N/A,N/A
g2_largebasis_rhf,H2O2,avtz,5,N/A,N/A,N/A,N/A,N/A
g2_largebasis_rhf,H2O2,pvdz,2,N/A,N/A,N/A,N/A,N/A
g2_largebasis_rhf,H2O2,pvqz,339,N/A,N/A,N/A,N/A,N/A
g2_largebasis_rhf,H2O2,pvtz,94,N/A,N/A,N/A,N/A,N/A
g2_largebasis_rhf,H2S,av5z,69,52.99,38.58,N/A,N/A,N/A
g2_largebasis_rhf,H2S,av6z,404,N/A,N/A,N/A,N/A,N/A
g2_largebasis_rhf,H2S,avdz,3,N/A,N/A,N/A,N/A,N/A
g2_largebasis_rhf,H2S,avqz,187,N/A,N/A,N/A,N/A,N/A
g2_largebasis_rhf,H2S,avtz,2,N/A,N/A,N/A,N/A,N/A
g2_largebasis_rhf,H2S,pvdz,2,N/A,N/A,N/A,N/A,N/A
g2_largebasis_rhf,H2S,pvqz,33,N/A,N/A,N/A,N/A,N/A
g2_largebasis_rhf,H2S,pvtz,16,N/A,N/A,N/A,N/A,N/A
g2_largebasis_rhf,HCl,av5z,18,48.21,49.11,N/A,N/A,N/A
g2_largebasis_rhf,HCl,av6z,111,N/A,N/A,N/A,N/A,N/A
g2_largebasis_rhf,HCl,avdz,2,N/A,N/A,N/A,N/A,N/A
g2_largebasis_rhf,HCl,avqz,7,N/A,N/A,N/A,N/A,N/A
g2_largebasis_rhf,HCl,avtz,4,N/A,N/A,N/A,N/A,N/A
g2_largebasis_rhf,HCl,pvdz,1,N/A,N/A,N/A,N/A,N/A
g2_largebasis_rhf,HCl,pvqz,10,N/A,N/A,N/A,N/A,N/A
g2_largebasis_rhf,HCl,pvtz,6,N/A,N/A,N/A,N/A,N/A
g2_largebasis_rhf,HF,av5z,26,46.64,110.77,N/A,N/A,N/A
g2_largebasis_rhf,HF,av6z,161,N/A,N/A,N/A,N/A,N/A
g2_largebasis_rhf,HF,avdz,2,N/A,N/A,N/A,N/A,N/A
g2_largebasis_rhf,HF,avqz,50,N/A,N/A,N/A,N/A,N/A
g2_largebasis_rhf,HF,avtz,1,N/A,N/A,N/A,N/A,N/A
g2_largebasis_rhf,HF,pvdz,1,N/A,N/A,N/A,N/A,N/A
g2_largebasis_rhf,HF,pvqz,15,N/A,N/A,N/A,N/A,N/A
g2_largebasis_rhf,HF,pvtz,6,N/A,N/A,N/A,N/A,N/A
g2_largebasis_rhf,HO,av5z,41,38.22,64.65,N/A,N/A,N/A
g2_largebasis_rhf,HO,av6z,172,N/A,N/A,N/A,N/A,N/A
g2_largebasis_rhf,HO,avdz,2,N/A,N/A,N/A,N/A,N/A
g2_largebasis_rhf,HO,avqz,55,N/A,N/A,N/A,N/A,N/A
g2_largebasis_rhf,HO,avtz,3,N/A,N/A,N/A,N/A,N/A
g2_largebasis_rhf,HO,pvdz,1,N/A,N/A,N/A,N/A,N/A
g2_largebasis_rhf,HO,pvqz,17,N/A,N/A,N/A,N/A,N/A
g2_largebasis_rhf,HO,pvtz,10,N/A,N/A,N/A,N/A,N/A
g2_largebasis_rhf,HOCl,av5z,144,106.11,304.97,N/A,N/A,N/A
g2_largebasis_rhf,HOCl,av6z,876,N/A,N/A,N/A,N/A,N/A
g2_largebasis_rhf,HOCl,avdz,3,N/A,N/A,N/A,N/A,N/A
g2_largebasis_rhf,HOCl,avqz,30,N/A,N/A,N/A,N/A,N/A
g2_largebasis_rhf,HOCl,avtz,7,N/A,N/A,N/A,N/A,N/A
g2_largebasis_rhf,HOCl,pvdz,2,N/A,N/A,N/A,N/A,N/A
g2_largebasis_rhf,HOCl,pvqz,66,N/A,N/A,N/A,N/A,N/A
g2_largebasis_rhf,HOCl,pvtz,18,N/A,N/A,N/A,N/A,N/A
g2_largebasis_rhf,Li,av5z,20,1.77,N/A,N/A,N/A,N/A
g2_largebasis_rhf,Li,avdz,4,N/A,N/A,N/A,N/A,N/A
g2_largebasis_rhf,Li,avqz,3,N/A,N/A,N/A,N/A,N/A
g2_largebasis_rhf,Li,avtz,8,N/A,N/A,N/A,N/A,N/A
g2_largebasis_rhf,Li,pvdz,4,N/A,N/A,N/A,N/A,N/A
g2_largebasis_rhf,Li,pvqz,7,N/A,N/A,N/A,N/A,N/A
g2_largebasis_rhf,Li,pvtz,15,N/A,N/A,N/A,N/A,N/A
g2_largebasis_rhf,Li2,av5z,16,97.78,14.13,N/A,N/A,N/A
g2_largebasis_rhf,Li2,av6z,N/A,N/A,N/A,N/A,N/A,N/A
g2_largebasis_rhf,Li2,avdz,3,82.07,9.34,N/A,N/A,N/A
g2_largebasis_rhf,Li2,avqz,115,N/A,N/A,N/A,N/A,N/A
g2_largebasis_rhf,Li2,avtz,2,N/A,N/A,N/A,N/A,N/A
g2_largebasis_rhf,Li2,pvdz,1,N/A,N/A,N/A,N/A,N/A
g2_largebasis_rhf,Li2,pvqz,17,N/A,N/A,N/A,N/A,N/A
g2_largebasis_rhf,Li2,pvtz,4,N/A,N/A,N/A,N/A,N/A
g2_largebasis_rhf,LiF,av5z,30,268.12,675.13,N/A,N/A,N/A
g2_largebasis_rhf,LiF,av6z,N/A,N/A,N/A,N/A,N/A,N/A
g2_largebasis_rhf,LiF,avdz,3,N/A,N/A,N/A,N/A,N/A
g2_largebasis_rhf,LiF,avqz,127,N/A,N/A,N/A,N/A,N/A
g2_largebasis_rhf,LiF,avtz,2,N/A,N/A,N/A,N/A,N/A
g2_largebasis_rhf,LiF,pvdz,1,N/A,N/A,N/A,N/A,N/A
g2_largebasis_rhf,LiF,pvqz,26,N/A,N/A,N/A,N/A,N/A
g2_largebasis_rhf,LiF,pvtz,5,N/A,N/A,N/A,N/A,N/A
g2_largebasis_rhf,LiH,av5z,13,25.78,4.48,N/A,N/A,N/A
g2_largebasis_rhf,LiH,av6z,N/A,N/A,N/A,N/A,N/A,N/A
g2_largebasis_rhf,LiH,avdz,2,N/A,N/A,N/A,N/A,N/A
g2_largebasis_rhf,LiH,avqz,52,N/A,N/A,N/A,N/A,N/A
g2_largebasis_rhf,LiH,avtz,1,N/A,N/A,N/A,N/A,N/A
g2_largebasis_rhf,LiH,pvdz,1,N/A,N/A,N/A,N/A,N/A
g2_largebasis_rhf,LiH,pvqz,14,N/A,N/A,N/A,N/A,N/A
g2_largebasis_rhf,LiH,pvtz,5,N/A,N/A,N/A,N/A,N/A
g2_largebasis_rhf,N,av5z,7,21.55,14.78,N/A,N/A,N/A
g2_largebasis_rhf,N,av6z,35,N/A,N/A,N/A,N/A,N/A
g2_largebasis_rhf,N,avdz,31,N/A,N/A,N/A,N/A,N/A
g2_largebasis_rhf,N,avqz,10,N/A,N/A,N/A,N/A,N/A
g2_largebasis_rhf,N,avtz,1,N/A,N/A,N/A,N/A,N/A
g2_largebasis_rhf,N,pvdz,4,N/A,N/A,N/A,N/A,N/A
g2_largebasis_rhf,N,pvqz,5,N/A,N/A,N/A,N/A,N/A
g2_largebasis_rhf,N,pvtz,3,N/A,N/A,N/A,N/A,N/A
g2_largebasis_rhf,N2,av5z,42,59.10,113.28,N/A,N/A,N/A
g2_largebasis_rhf,N2,av6z,324,N/A,N/A,N/A,N/A,N/A
g2_largebasis_rhf,N2,avdz,3,N/A,N/A,N/A,N/A,N/A
g2_largebasis_rhf,N2,avqz,115,N/A,N/A,N/A,N/A,N/A
g2_largebasis_rhf,N2,avtz,2,N/A,N/A,N/A,N/A,N/A
g2_largebasis_rhf,N2,pvdz,2,N/A,N/A,N/A,N/A,N/A
g2_largebasis_rhf,N2,pvqz,26,N/A,N/A,N/A,N/A,N/A
g2_largebasis_rhf,N2,pvtz,10,N/A,N/A,N/A,N/A,N/A
g2_largebasis_rhf,N2H4,av5z,1048,127.07,279.04,N/A,N/A,N/A
g2_largebasis_rhf,N2H4,av6z,6851,N/A,N/A,N/A,N/A,N/A
g2_largebasis_rhf,N2H4,avdz,5,N/A,N/A,N/A,N/A,N/A
g2_largebasis_rhf,N2H4,avqz,5101,N/A,N/A,N/A,N/A,N/A
g2_largebasis_rhf,N2H4,avtz,15,N/A,N/A,N/A,N/A,N/A
g2_largebasis_rhf,N2H4,pvdz,8,N/A,N/A,N/A,N/A,N/A
g2_largebasis_rhf,N2H4,pvqz,1335,N/A,N/A,N/A,N/A,N/A
g2_largebasis_rhf,N2H4,pvtz,483,N/A,N/A,N/A,N/A,N/A
g2_largebasis_rhf,NH,av5z,29,34.75,34.31,N/A,N/A,N/A
g2_largebasis_rhf,NH,av6z,241,N/A,N/A,N/A,N/A,N/A
g2_largebasis_rhf,NH,avdz,2,N/A,N/A,N/A,N/A,N/A
g2_largebasis_rhf,NH,avqz,50,N/A,N/A,N/A,N/A,N/A
g2_largebasis_rhf,NH,avtz,1,N/A,N/A,N/A,N/A,N/A
g2_largebasis_rhf,NH,pvdz,1,N/A,N/A,N/A,N/A,N/A
g2_largebasis_rhf,NH,pvqz,16,N/A,N/A,N/A,N/A,N/A
g2_largebasis_rhf,NH,pvtz,7,N/A,N/A,N/A,N/A,N/A
g2_largebasis_rhf,NH2,av5z,107,44.26,51.95,N/A,N/A,N/A
g2_largebasis_rhf,NH2,av6z,659,N/A,N/A,N/A,N/A,N/A
g2_largebasis_rhf,NH2,avdz,2,N/A,N/A,N/A,N/A,N/A
g2_largebasis_rhf,NH2,avqz,192,N/A,N/A,N/A,N/A,N/A
g2_largebasis_rhf,NH2,avtz,3,N/A,N/A,N/A,N/A,N/A
g2_largebasis_rhf,NH2,pvdz,2,N/A,N/A,N/A,N/A,N/A
g2_largebasis_rhf,NH2,pvqz,60,N/A,N/A,N/A,N/A,N/A
g2_largebasis_rhf,NH2,pvtz,20,N/A,N/A,N/A,N/A,N/A
g2_largebasis_rhf,NH3,av5z,165,56.21,74.98,N/A,N/A,N/A
g2_largebasis_rhf,NH3,av6z,1598,N/A,N/A,N/A,N/A,N/A
g2_largebasis_rhf,NH3,avdz,3,N/A,N/A,N/A,N/A,N/A
g2_largebasis_rhf,NH3,avqz,809,N/A,N/A,N/A,N/A,N/A
g2_largebasis_rhf,NH3,avtz,4,N/A,N/A,N/A,N/A,N/A
g2_largebasis_rhf,NH3,pvdz,2,N/A,N/A,N/A,N/A,N/A
g2_largebasis_rhf,NH3,pvqz,229,N/A,N/A,N/A,N/A,N/A
g2_largebasis_rhf,NH3,pvtz,100,N/A,N/A,N/A,N/A,N/A
g2_largebasis_rhf,NO,av5z,112,68.37,206.89,N/A,N/A,N/A
g2_largebasis_rhf,NO,av6z,814,N/A,N/A,N/A,N/A,N/A
g2_largebasis_rhf,NO,avdz,3,N/A,N/A,N/A,N/A,N/A
g2_largebasis_rhf,NO,avqz,153,N/A,N/A,N/A,N/A,N/A
g2_largebasis_rhf,NO,avtz,4,N/A,N/A,N/A,N/A,N/A
g2_largebasis_rhf,NO,pvdz,2,N/A,N/A,N/A,N/A,N/A
g2_largebasis_rhf,NO,pvqz,37,N/A,N/A,N/A,N/A,N/A
g2_largebasis_rhf,NO,pvtz,7,N/A,N/A,N/A,N/A,N/A
g2_largebasis_rhf,Na,av5z,34,34.56,79.95,N/A,N/A,N/A
g2_largebasis_rhf,Na,avdz,6,N/A,N/A,N/A,N/A,N/A
g2_largebasis_rhf,Na,avqz,15,N/A,N/A,N/A,N/A,N/A
g2_largebasis_rhf,Na,avtz,1,N/A,N/A,N/A,N/A,N/A
g2_largebasis_rhf,Na,pvdz,4,N/A,N/A,N/A,N/A,N/A
g2_largebasis_rhf,Na,pvqz,33,N/A,N/A,N/A,N/A,N/A
g2_largebasis_rhf,Na,pvtz,6,N/A,N/A,N/A,N/A,N/A
g2_largebasis_rhf,Na2,av5z,330,109.03,455.84,N/A,N/A,N/A
g2_largebasis_rhf,Na2,avdz,3,N/A,N/A,N/A,N/A,N/A
g2_largebasis_rhf,Na2,avqz,158,N/A,N/A,N/A,N/A,N/A
g2_largebasis_rhf,Na2,avtz,7,N/A,N/A,N/A,N/A,N/A
g2_largebasis_rhf,Na2,pvdz,7,N/A,N/A,N/A,N/A,N/A
g2_largebasis_rhf,Na2,pvqz,452,N/A,N/A,N/A,N/A,N/A
g2_largebasis_rhf,Na2,pvtz,51,N/A,N/A,N/A,N/A,N/A
g2_largebasis_rhf,NaCl,av5z,424,948.02,1508.2765,N/A,N/A,N/A
g2_largebasis_rhf,NaCl,avdz,3,N/A,N/A,N/A,N/A,N/A
g2_largebasis_rhf,NaCl,avqz,23,N/A,N/A,N/A,N/A,N/A
g2_largebasis_rhf,NaCl,avtz,7,N/A,N/A,N/A,N/A,N/A
g2_largebasis_rhf,NaCl,pvdz,5,N/A,N/A,N/A,N/A,N/A
g2_largebasis_rhf,NaCl,pvqz,110,N/A,N/A,N/A,N/A,N/A
g2_largebasis_rhf,NaCl,pvtz,18,N/A,N/A,N/A,N/A,N/A
g2_largebasis_rhf,O,av5z,7,24.03,28.06,N/A,N/A,N/A
g2_largebasis_rhf,O,av6z,24,N/A,N/A,N/A,N/A,N/A
g2_largebasis_rhf,O,avdz,31,N/A,N/A,N/A,N/A,N/A
g2_largebasis_rhf,O,avqz,8,N/A,N/A,N/A,N/A,N/A
g2_largebasis_rhf,O,avtz,1,N/A,N/A,N/A,N/A,N/A
g2_largebasis_rhf,O,pvdz,3,N/A,N/A,N/A,N/A,N/A
g2_largebasis_rhf,O,pvqz,4,N/A,N/A,N/A,N/A,N/A
g2_largebasis_rhf,O,pvtz,3,N/A,N/A,N/A,N/A,N/A
g2_largebasis_rhf,O2,av5z,2268,65.22,701.66,N/A,N/A,N/A
g2_largebasis_rhf,O2,av6z,486,N/A,N/A,N/A,N/A,N/A
g2_largebasis_rhf,O2,avdz,4,N/A,N/A,N/A,N/A,N/A
g2_largebasis_rhf,O2,avqz,112,N/A,N/A,N/A,N/A,N/A
g2_largebasis_rhf,O2,avtz,13,N/A,N/A,N/A,N/A,N/A
g2_largebasis_rhf,O2,pvdz,2,N/A,N/A,N/A,N/A,N/A
g2_largebasis_rhf,O2,pvqz,28,N/A,N/A,N/A,N/A,N/A
g2_largebasis_rhf,O2,pvtz,6,N/A,N/A,N/A,N/A,N/A
g2_largebasis_rhf,O2S,av5z,358,143.63,2463.85,N/A,N/A,N/A
g2_largebasis_rhf,O2S,av6z,1979,N/A,N/A,N/A,N/A,N/A
g2_largebasis_rhf,O2S,avdz,3,N/A,N/A,N/A,N/A,N/A
g2_largebasis_rhf,O2S,avqz,730,N/A,N/A,N/A,N/A,N/A
g2_largebasis_rhf,O2S,avtz,8,N/A,N/A,N/A,N/A,N/A
g2_largebasis_rhf,O2S,pvdz,3,N/A,N/A,N/A,N/A,N/A
g2_largebasis_rhf,O2S,pvqz,118,N/A,N/A,N/A,N/A,N/A
g2_largebasis_rhf,O2S,pvtz,17,N/A,N/A,N/A,N/A,N/A
g2_largebasis_rhf,OCl,av5z,90,82.44,190.46,N/A,N/A,N/A
g2_largebasis_rhf,OCl,av6z,475,N/A,N/A,N/A,N/A,N/A
g2_largebasis_rhf,OCl,avdz,2,N/A,N/A,N/A,N/A,N/A
g2_largebasis_rhf,OCl,avqz,21,N/A,N/A,N/A,N/A,N/A
g2_largebasis_rhf,OCl,avtz,6,N/A,N/A,N/A,N/A,N/A
g2_largebasis_rhf,OCl,pvdz,2,N/A,N/A,N/A,N/A,N/A
g2_largebasis_rhf,OCl,pvqz,25,N/A,N/A,N/A,N/A,N/A
g2_largebasis_rhf,OCl,pvtz,6,N/A,N/A,N/A,N/A,N/A
g2_largebasis_rhf,OS,av5z,83,78.02,176.06,N/A,N/A,N/A
g2_largebasis_rhf,OS,av6z,440,N/A,N/A,N/A,N/A,N/A
g2_largebasis_rhf,OS,avdz,2,N/A,N/A,N/A,N/A,N/A
g2_largebasis_rhf,OS,avqz,134,N/A,N/A,N/A,N/A,N/A
g2_largebasis_rhf,OS,avtz,3,N/A,N/A,N/A,N/A,N/A
g2_largebasis_rhf,OS,pvdz,2,N/A,N/A,N/A,N/A,N/A
g2_largebasis_rhf,OS,pvqz,21,N/A,N/A,N/A,N/A,N/A
g2_largebasis_rhf,OS,pvtz,6,N/A,N/A,N/A,N/A,N/A
g2_largebasis_rhf,P,av5z,7,22.88,9.33,N/A,N/A,N/A
g2_largebasis_rhf,P,av6z,23,N/A,N/A,N/A,N/A,N/A
g2_largebasis_rhf,P,avdz,2,N/A,N/A,N/A,N/A,N/A
g2_largebasis_rhf,P,avqz,10,N/A,N/A,N/A,N/A,N/A
g2_largebasis_rhf,P,avtz,1,N/A,N/A,N/A,N/A,N/A
g2_largebasis_rhf,P,pvdz,4,N/A,N/A,N/A,N/A,N/A
g2_largebasis_rhf,P,pvqz,3,N/A,N/A,N/A,N/A,N/A
g2_largebasis_rhf,P,pvtz,3,N/A,N/A,N/A,N/A,N/A
g2_largebasis_rhf,P2,av5z,44,62.56,44.52,N/A,N/A,N/A
g2_largebasis_rhf,P2,av6z,244,N/A,N/A,N/A,N/A,N/A
g2_largebasis_rhf,P2,avdz,3,N/A,N/A,N/A,N/A,N/A
g2_largebasis_rhf,P2,avqz,123,N/A,N/A,N/A,N/A,N/A
g2_largebasis_rhf,P2,avtz,2,N/A,N/A,N/A,N/A,N/A
g2_largebasis_rhf,P2,pvdz,2,N/A,N/A,N/A,N/A,N/A
g2_largebasis_rhf,P2,pvqz,13,N/A,N/A,N/A,N/A,N/A
g2_largebasis_rhf,P2,pvtz,5,N/A,N/A,N/A,N/A,N/A
g2_largebasis_rhf,PH2,av5z,99,45.73,27.66,N/A,N/A,N/A
g2_largebasis_rhf,PH2,av6z,592,N/A,N/A,N/A,N/A,N/A
g2_largebasis_rhf,PH2,avdz,3,N/A,N/A,N/A,N/A,N/A
g2_largebasis_rhf,PH2,avqz,189,N/A,N/A,N/A,N/A,N/A
g2_largebasis_rhf,PH2,avtz,3,N/A,N/A,N/A,N/A,N/A
g2_largebasis_rhf,PH2,pvdz,1,N/A,N/A,N/A,N/A,N/A
g2_largebasis_rhf,PH2,pvqz,36,N/A,N/A,N/A,N/A,N/A
g2_largebasis_rhf,PH2,pvtz,17,N/A,N/A,N/A,N/A,N/A
g2_largebasis_rhf,PH3,av5z,198,56.87,35.86,N/A,N/A,N/A
g2_largebasis_rhf,PH3,av6z,999,N/A,N/A,N/A,N/A,N/A
g2_largebasis_rhf,PH3,avdz,3,N/A,N/A,N/A,N/A,N/A
g2_largebasis_rhf,PH3,avqz,855,N/A,N/A,N/A,N/A,N/A
g2_largebasis_rhf,PH3,avtz,3,N/A,N/A,N/A,N/A,N/A
g2_largebasis_rhf,PH3,pvdz,2,N/A,N/A,N/A,N/A,N/A
g2_largebasis_rhf,PH3,pvqz,174,N/A,N/A,N/A,N/A,N/A
g2_largebasis_rhf,PH3,pvtz,83,N/A,N/A,N/A,N/A,N/A
g2_largebasis_rhf,S,av5z,6,26.17,18.32,N/A,N/A,N/A
g2_largebasis_rhf,S,av6z,29,N/A,N/A,N/A,N/A,N/A
g2_largebasis_rhf,S,avdz,2,N/A,N/A,N/A,N/A,N/A
g2_largebasis_rhf,S,avqz,8,N/A,N/A,N/A,N/A,N/A
g2_largebasis_rhf,S,avtz,2,N/A,N/A,N/A,N/A,N/A
g2_largebasis_rhf,S,pvdz,4,N/A,N/A,N/A,N/A,N/A
g2_largebasis_rhf,S,pvqz,3,N/A,N/A,N/A,N/A,N/A
g2_largebasis_rhf,S,pvtz,2,N/A,N/A,N/A,N/A,N/A
g2_largebasis_rhf,S2,av5z,66,74.71,77.04,N/A,N/A,N/A
g2_largebasis_rhf,S2,av6z,353,N/A,N/A,N/A,N/A,N/A
g2_largebasis_rhf,S2,avdz,3,N/A,N/A,N/A,N/A,N/A
g2_largebasis_rhf,S2,avqz,122,N/A,N/A,N/A,N/A,N/A
g2_largebasis_rhf,S2,avtz,3,N/A,N/A,N/A,N/A,N/A
g2_largebasis_rhf,S2,pvdz,1,N/A,N/A,N/A,N/A,N/A
g2_largebasis_rhf,S2,pvqz,12,N/A,N/A,N/A,N/A,N/A
g2_largebasis_rhf,S2,pvtz,5,N/A,N/A,N/A,N/A,N/A
g2_largebasis_rhf,Si,av5z,6,18.38,5.50,N/A,N/A,N/A
g2_largebasis_rhf,Si,av6z,23,N/A,N/A,N/A,N/A,N/A
g2_largebasis_rhf,Si,avdz,3,N/A,N/A,N/A,N/A,N/A
g2_largebasis_rhf,Si,avqz,7,N/A,N/A,N/A,N/A,N/A
g2_largebasis_rhf,Si,avtz,2,N/A,N/A,N/A,N/A,N/A
g2_largebasis_rhf,Si,pvdz,1,N/A,N/A,N/A,N/A,N/A
g2_largebasis_rhf,Si,pvqz,4,N/A,N/A,N/A,N/A,N/A
g2_largebasis_rhf,Si,pvtz,2,N/A,N/A,N/A,N/A,N/A
g2_largebasis_rhf,Si2,av5z,579,47.05,18.14,N/A,N/A,N/A
g2_largebasis_rhf,Si2,av6z,594,N/A,N/A,N/A,N/A,N/A
g2_largebasis_rhf,Si2,avdz,2,N/A,N/A,N/A,N/A,N/A
g2_largebasis_rhf,Si2,avqz,91,N/A,N/A,N/A,N/A,N/A
g2_largebasis_rhf,Si2,avtz,4,N/A,N/A,N/A,N/A,N/A
g2_largebasis_rhf,Si2,pvdz,2,N/A,N/A,N/A,N/A,N/A
g2_largebasis_rhf,Si2,pvqz,31,N/A,N/A,N/A,N/A,N/A
g2_largebasis_rhf,Si2,pvtz,6,N/A,N/A,N/A,N/A,N/A
g2_largebasis_rhf,Si2H6,av5z,2171,142.00,82.34,N/A,N/A,N/A
g2_largebasis_rhf,Si2H6,av6z,48853,N/A,N/A,N/A,N/A,N/A
g2_largebasis_rhf,Si2H6,avdz,6,N/A,N/A,N/A,N/A,N/A
g2_largebasis_rhf,Si2H6,avqz,13892,N/A,N/A,N/A,N/A,N/A
g2_largebasis_rhf,Si2H6,avtz,29,N/A,N/A,N/A,N/A,N/A
g2_largebasis_rhf,Si2H6,pvdz,7,N/A,N/A,N/A,N/A,N/A
g2_largebasis_rhf,Si2H6,pvqz,3240,N/A,N/A,N/A,N/A,N/A
g2_largebasis_rhf,Si2H6,pvtz,1481,N/A,N/A,N/A,N/A,N/A
g2_largebasis_rhf,SiH2,av5z,74,38.14,15.68,N/A,N/A,N/A
g2_largebasis_rhf,SiH2,av6z,351,N/A,N/A,N/A,N/A,N/A
g2_largebasis_rhf,SiH2,avdz,3,N/A,N/A,N/A,N/A,N/A
g2_largebasis_rhf,SiH2,avqz,194,N/A,N/A,N/A,N/A,N/A
g2_largebasis_rhf,SiH2,avtz,2,N/A,N/A,N/A,N/A,N/A
g2_largebasis_rhf,SiH2,pvdz,1,N/A,N/A,N/A,N/A,N/A
g2_largebasis_rhf,SiH2,pvqz,58,N/A,N/A,N/A,N/A,N/A
g2_largebasis_rhf,SiH2,pvtz,20,N/A,N/A,N/A,N/A,N/A
g2_largebasis_rhf,SiH2_triplet,av5z,113,40.01,15.71,N/A,N/A,N/A
g2_largebasis_rhf,SiH2_triplet,av6z,971,N/A,N/A,N/A,N/A,N/A
g2_largebasis_rhf,SiH2_triplet,avdz,3,N/A,N/A,N/A,N/A,N/A
g2_largebasis_rhf,SiH2_triplet,avqz,198,N/A,N/A,N/A,N/A,N/A
g2_largebasis_rhf,SiH2_triplet,avtz,3,N/A,N/A,N/A,N/A,N/A
g2_largebasis_rhf,SiH2_triplet,pvdz,1,N/A,N/A,N/A,N/A,N/A
g2_largebasis_rhf,SiH2_triplet,pvqz,48,N/A,N/A,N/A,N/A,N/A
g2_largebasis_rhf,SiH2_triplet,pvtz,20,N/A,N/A,N/A,N/A,N/A
g2_largebasis_rhf,SiH3,av5z,394,49.26,20.23,N/A,N/A,N/A
g2_largebasis_rhf,SiH3,av6z,1803,N/A,N/A,N/A,N/A,N/A
g2_largebasis_rhf,SiH3,avdz,3,N/A,N/A,N/A,N/A,N/A
g2_largebasis_rhf,SiH3,avqz,836,N/A,N/A,N/A,N/A,N/A
g2_largebasis_rhf,SiH3,avtz,5,N/A,N/A,N/A,N/A,N/A
g2_largebasis_rhf,SiH3,pvdz,2,N/A,N/A,N/A,N/A,N/A
g2_largebasis_rhf,SiH3,pvqz,223,N/A,N/A,N/A,N/A,N/A
g2_largebasis_rhf,SiH3,pvtz,99,N/A,N/A,N/A,N/A,N/A
g2_largebasis_rhf,SiH4,av5z,286,62.63,33.99,N/A,N/A,N/A
g2_largebasis_rhf,SiH4,av6z,1991,N/A,N/A,N/A,N/A,N/A
g2_largebasis_rhf,SiH4,avdz,3,N/A,N/A,N/A,N/A,N/A
g2_largebasis_rhf,SiH4,avqz,1723,N/A,N/A,N/A,N/A,N/A
g2_largebasis_rhf,SiH4,avtz,5,N/A,N/A,N/A,N/A,N/A
g2_largebasis_rhf,SiH4,pvdz,2,N/A,N/A,N/A,N/A,N/A
g2_largebasis_rhf,SiH4,pvqz,495,N/A,N/A,N/A,N/A,N/A
g2_largebasis_rhf,SiH4,pvtz,220,N/A,N/A,N/A,N/A,N/A
g2_largebasis_rhf,SiO,av5z,48,69.26,131.52,N/A,N/A,N/A
g2_largebasis_rhf,SiO,av6z,260,N/A,N/A,N/A,N/A,N/A
g2_largebasis_rhf,SiO,avdz,3,N/A,N/A,N/A,N/A,N/A
g2_largebasis_rhf,SiO,avqz,126,N/A,N/A,N/A,N/A,N/A
g2_largebasis_rhf,SiO,avtz,2,N/A,N/A,N/A,N/A,N/A
g2_largebasis_rhf,SiO,pvdz,2,N/A,N/A,N/A,N/A,N/A
g2_largebasis_rhf,SiO,pvqz,32,N/A,N/A,N/A,N/A,N/A
g2_largebasis_rhf,SiO,pvtz,7,N/A,N/A,N/A,N/A,N/A
g2_new_projection_5z,Be,avdz,1,N/A,N/A,25,24.84,11.70
g2_new_projection_5z,Be,avqz,5,N/A,N/A,60,32.70,12.80
g2_new_projection_5z,Be,avtz,2,N/A,N/A,28,24.73,18.12
g2_new_projection_5z,Be,pvdz,3,N/A,N/A,17,16.99,12.74
g2_new_projection_5z,Be,pvqz,9,N/A,N/A,49,40.28,12.63
g2_new_projection_5z,Be,pvtz,7,N/A,N/A,34,33.39,12.47
g2_new_projection_5z,BeH,avdz,4,N/A,N/A,39,37.01,23.26
g2_new_projection_5z,BeH,avqz,26,N/A,N/A,1014,484.00,39.09
g2_new_projection_5z,BeH,avtz,12,N/A,N/A,115,68.50,27.05
g2_new_projection_5z,BeH,pvdz,14,N/A,N/A,36,35.91,22.55
g2_new_projection_5z,BeH,pvqz,20,N/A,N/A,391,192.00,27.56
g2_new_projection_5z,BeH,pvtz,12,N/A,N/A,130,90.30,24.52
g2_new_projection_5z,C,avdz,3,N/A,N/A,21,20.54,24.62
g2_new_projection_5z,C,avqz,4,N/A,N/A,187,101.00,28.41
g2_new_projection_5z,C,avtz,2,N/A,N/A,44,35.24,25.77
g2_new_projection_5z,C,pvdz,3,N/A,N/A,17,16.94,22.38
g2_new_projection_5z,C,pvqz,6,N/A,N/A,96,60.50,24.88
g2_new_projection_5z,C,pvtz,3,N/A,N/A,39,36.04,24.72
g2_new_projection_5z,C2H2,avdz,49,N/A,N/A,188,178.10,15.92
g2_new_projection_5z,C2H2,avqz,434,N/A,N/A,5120,2379.00,199.25
g2_new_projection_5z,C2H2,avtz,96,N/A,N/A,826,596.00,32.49
g2_new_projection_5z,C2H2,pvdz,306,N/A,N/A,165,163.66,16.93
g2_new_projection_5z,C2H2,pvqz,293,N/A,N/A,3449,1750.00,82.70
g2_new_projection_5z,C2H2,pvtz,164,N/A,N/A,903,634.00,36.75
g2_new_projection_5z,C2H4,avdz,259,N/A,N/A,644,612.70,20.46
g2_new_projection_5z,C2H4,avqz,1712,N/A,N/A,19461,9921.00,500.22
g2_new_projection_5z,C2H4,avtz,553,N/A,N/A,2061,1312.00,68.78
g2_new_projection_5z,C2H4,pvdz,734,N/A,N/A,265,261.90,28.79
g2_new_projection_5z,C2H4,pvqz,1184,N/A,N/A,8509,3889.00,229.67
g2_new_projection_5z,C2H4,pvtz,675,N/A,N/A,3261,1864.00,110.05
g2_new_projection_5z,C2H6,avdz,402,N/A,N/A,746,686.00,33.46
g2_new_projection_5z,C2H6,avqz,6834,N/A,N/A,44217,19677.00,1946.00
g2_new_projection_5z,C2H6,avtz,1071,N/A,N/A,9349,7223.00,338.60
g2_new_projection_5z,C2H6,pvdz,1859,N/A,N/A,654,640.40,16.53
g2_new_projection_5z,C2H6,pvqz,4079,N/A,N/A,23968,11308.00,699.91
g2_new_projection_5z,C2H6,pvtz,1189,N/A,N/A,8481,4821.00,323.70
g2_new_projection_5z,CH,avdz,7,N/A,N/A,44,41.46,25.21
g2_new_projection_5z,CH,avqz,41,N/A,N/A,999,297.00,64.20
g2_new_projection_5z,CH,avtz,7,N/A,N/A,164,95.00,27.77
g2_new_projection_5z,CH,pvdz,14,N/A,N/A,29,28.69,31.57
g2_new_projection_5z,CH,pvqz,21,N/A,N/A,476,158.00,32.71
g2_new_projection_5z,CH,pvtz,12,N/A,N/A,158,90.00,27.91
g2_new_projection_5z,CH2,avdz,11,N/A,N/A,78,70.00,25.42
g2_new_projection_5z,CH2,avqz,96,N/A,N/A,3553,983.00,121.43
g2_new_projection_5z,CH2,avtz,22,N/A,N/A,467,248.00,49.81
g2_new_projection_5z,CH2,pvdz,45,N/A,N/A,54,53.08,28.35
g2_new_projection_5z,CH2,pvqz,70,N/A,N/A,1612,445.00,76.83
g2_new_projection_5z,CH2,pvtz,45,N/A,N/A,574,224.00,36.02
g2_new_projection_5z,CH2O,avdz,50,N/A,N/A,204,193.70,16.04
g2_new_projection_5z,CH2O,avqz,459,N/A,N/A,7988,4816.00,250.68
g2_new_projection_5z,CH2O,avtz,100,N/A,N/A,825,591.00,39.77
g2_new_projection_5z,CH2O,pvdz,311,N/A,N/A,139,137.81,16.97
g2_new_projection_5z,CH2O,pvqz,318,N/A,N/A,2628,1331.00,110.68
g2_new_projection_5z,CH2O,pvtz,169,N/A,N/A,934,669.00,53.00
g2_new_projection_5z,CH2_singlet,avdz,18,N/A,N/A,52,50.27,12.87
g2_new_projection_5z,CH2_singlet,avqz,144,N/A,N/A,1501,812.00,52.72
g2_new_projection_5z,CH2_singlet,avtz,22,N/A,N/A,175,128.50,16.54
g2_new_projection_5z,CH2_singlet,pvdz,63,N/A,N/A,46,45.79,12.97
g2_new_projection_5z,CH2_singlet,pvqz,70,N/A,N/A,694,407.00,26.73
g2_new_projection_5z,CH2_singlet,pvtz,44,N/A,N/A,314,227.00,16.36
g2_new_projection_5z,CH3,avdz,26,N/A,N/A,98,82.40,26.22
g2_new_projection_5z,CH3,avqz,250,N/A,N/A,10166,2906.00,266.44
g2_new_projection_5z,CH3,avtz,84,N/A,N/A,817,346.00,45.71
g2_new_projection_5z,CH3,pvdz,111,N/A,N/A,77,75.14,25.81
g2_new_projection_5z,CH3,pvqz,173,N/A,N/A,3993,863.00,116.59
g2_new_projection_5z,CH3,pvtz,115,N/A,N/A,1618,500.00,88.64
g2_new_projection_5z,CH3Cl,avdz,197,N/A,N/A,556,520.60,22.74
g2_new_projection_5z,CH3Cl,avqz,2382,N/A,N/A,29346,13026.00,375.53
g2_new_projection_5z,CH3Cl,avtz,448,N/A,N/A,2427,1532.00,114.07
g2_new_projection_5z,CH3Cl,pvdz,601,N/A,N/A,372,368.04,14.77
g2_new_projection_5z,CH3Cl,pvqz,678,N/A,N/A,4481,2405.00,193.17
g2_new_projection_5z,CH3Cl,pvtz,344,N/A,N/A,1861,1227.00,92.03
g2_new_projection_5z,CH4,avdz,56,N/A,N/A,127,119.11,15.10
g2_new_projection_5z,CH4,avqz,836,N/A,N/A,10206,6737.00,126.89
g2_new_projection_5z,CH4,avtz,136,N/A,N/A,1181,895.00,36.97
g2_new_projection_5z,CH4,pvdz,236,N/A,N/A,92,91.16,15.96
g2_new_projection_5z,CH4,pvqz,486,N/A,N/A,3378,1686.00,65.76
g2_new_projection_5z,CH4,pvtz,280,N/A,N/A,1636,936.00,43.75
g2_new_projection_5z,CH4O,avdz,158,N/A,N/A,562,533.10,25.21
g2_new_projection_5z,CH4O,avqz,2531,N/A,N/A,20792,10832.00,941.72
g2_new_projection_5z,CH4O,avtz,645,N/A,N/A,2140,1377.00,89.85
g2_new_projection_5z,CH4O,pvdz,736,N/A,N/A,312,308.37,15.99
g2_new_projection_5z,CH4O,pvqz,1458,N/A,N/A,9135,4455.00,371.25
g2_new_projection_5z,CH4O,pvtz,763,N/A,N/A,3466,2045.00,174.44
g2_new_projection_5z,CH4S,avdz,160,N/A,N/A,465,436.40,26.45
g2_new_projection_5z,CH4S,avqz,2503,N/A,N/A,21981,12201.00,912.89
g2_new_projection_5z,CH4S,avtz,402,N/A,N/A,4020,3234.00,91.00
g2_new_projection_5z,CH4S,pvdz,739,N/A,N/A,510,503.80,16.35
g2_new_projection_5z,CH4S,pvqz,1298,N/A,N/A,12523,7123.00,298.14
g2_new_projection_5z,CH4S,pvtz,734,N/A,N/A,3580,2306.00,152.41
g2_new_projection_5z,CHO,avdz,38,N/A,N/A,152,129.30,34.57
g2_new_projection_5z,CHO,avqz,292,N/A,N/A,6872,1832.00,619.61
g2_new_projection_5z,CHO,avtz,43,N/A,N/A,998,534.00,146.72
g2_new_projection_5z,CHO,pvdz,104,N/A,N/A,114,110.95,27.79
g2_new_projection_5z,CHO,pvqz,121,N/A,N/A,3047,823.00,233.92
g2_new_projection_5z,CHO,pvtz,71,N/A,N/A,731,394.00,64.02
g2_new_projection_5z,CN,avdz,10,N/A,N/A,95,84.40,28.60
g2_new_projection_5z,CN,avqz,68,N/A,N/A,3012,960.00,244.58
g2_new_projection_5z,CN,avtz,19,N/A,N/A,382,191.00,62.64
g2_new_projection_5z,CN,pvdz,59,N/A,N/A,86,81.77,30.69
g2_new_projection_5z,CN,pvqz,53,N/A,N/A,1236,461.00,89.92
g2_new_projection_5z,CN,pvtz,25,N/A,N/A,231,168.00,36.98
g2_new_projection_5z,CNH,avdz,23,N/A,N/A,134,128.52,15.14
g2_new_projection_5z,CNH,avqz,286,N/A,N/A,2447,1185.00,141.00
g2_new_projection_5z,CNH,avtz,42,N/A,N/A,465,352.00,20.98
g2_new_projection_5z,CNH,pvdz,150,N/A,N/A,130,127.96,16.49
g2_new_projection_5z,CNH,pvqz,120,N/A,N/A,1967,1182.00,51.93
g2_new_projection_5z,CNH,pvtz,71,N/A,N/A,442,359.00,22.47
g2_new_projection_5z,CO,avdz,10,N/A,N/A,95,89.29,13.89
g2_new_projection_5z,CO,avqz,70,N/A,N/A,1013,562.00,71.71
g2_new_projection_5z,CO,avtz,18,N/A,N/A,309,257.50,18.26
g2_new_projection_5z,CO,pvdz,41,N/A,N/A,70,69.67,17.13
g2_new_projection_5z,CO,pvqz,51,N/A,N/A,583,387.00,25.26
g2_new_projection_5z,CO,pvtz,25,N/A,N/A,182,166.10,15.33
g2_new_projection_5z,CO2,avdz,49,N/A,N/A,277,264.20,21.92
g2_new_projection_5z,CO2,avqz,474,N/A,N/A,4365,2131.00,443.71
g2_new_projection_5z,CO2,avtz,85,N/A,N/A,1259,1022.00,59.97
g2_new_projection_5z,CO2,pvdz,207,N/A,N/A,206,204.37,15.24
g2_new_projection_5z,CO2,pvqz,214,N/A,N/A,2189,1225.00,164.57
g2_new_projection_5z,CO2,pvtz,115,N/A,N/A,636,558.00,34.48
g2_new_projection_5z,CS,avdz,11,N/A,N/A,99,96.38,15.39
g2_new_projection_5z,CS,avqz,104,N/A,N/A,1061,606.00,77.00
g2_new_projection_5z,CS,avtz,19,N/A,N/A,318,262.80,22.31
g2_new_projection_5z,CS,pvdz,58,N/A,N/A,84,83.67,17.60
g2_new_projection_5z,CS,pvqz,44,N/A,N/A,459,341.00,23.14
g2_new_projection_5z,CS,pvtz,24,N/A,N/A,195,183.70,15.54
g2_new_projection_5z,Cl,avdz,6,N/A,N/A,41,39.68,24.84
g2_new_projection_5z,Cl,avqz,7,N/A,N/A,261,86.00,36.25
g2_new_projection_5z,Cl,avtz,5,N/A,N/A,78,54.70,26.11
g2_new_projection_5z,Cl,pvdz,3,N/A,N/A,27,26.91,22.42
g2_new_projection_5z,Cl,pvqz,5,N/A,N/A,69,51.60,25.42
g2_new_projection_5z,Cl,pvtz,3,N/A,N/A,44,42.07,24.24
g2_new_projection_5z,Cl2,avdz,25,N/A,N/A,183,177.69,15.39
g2_new_projection_5z,Cl2,avqz,97,N/A,N/A,1474,743.00,97.21
g2_new_projection_5z,Cl2,avtz,43,N/A,N/A,422,331.00,28.33
g2_new_projection_5z,Cl2,pvdz,43,N/A,N/A,96,95.65,16.44
g2_new_projection_5z,Cl2,pvqz,35,N/A,N/A,377,307.00,31.87
g2_new_projection_5z,Cl2,pvtz,24,N/A,N/A,186,178.47,17.79
g2_new_projection_5z,F,avdz,2,N/A,N/A,19,18.37,23.44
g2_new_projection_5z,F,avqz,5,N/A,N/A,162,50.00,34.60
g2_new_projection_5z,F,avtz,2,N/A,N/A,43,30.70,48.12
g2_new_projection_5z,F,pvdz,3,N/A,N/A,17,16.92,22.91
g2_new_projection_5z,F,pvqz,6,N/A,N/A,99,51.40,27.36
g2_new_projection_5z,F,pvtz,3,N/A,N/A,38,34.01,24.25
g2_new_projection_5z,F2,avdz,17,N/A,N/A,77,74.36,15.57
g2_new_projection_5z,F2,avqz,87,N/A,N/A,993,543.00,141.36
g2_new_projection_5z,F2,avtz,18,N/A,N/A,182,135.80,29.63
g2_new_projection_5z,F2,pvdz,43,N/A,N/A,66,65.67,17.40
g2_new_projection_5z,F2,pvqz,49,N/A,N/A,540,348.00,42.09
g2_new_projection_5z,F2,pvtz,26,N/A,N/A,171,155.10,18.74
g2_new_projection_5z,FCl,avdz,24,N/A,N/A,168,162.74,16.73
g2_new_projection_5z,FCl,avqz,95,N/A,N/A,1449,734.00,101.10
g2_new_projection_5z,FCl,avtz,43,N/A,N/A,392,300.00,31.33
g2_new_projection_5z,FCl,pvdz,43,N/A,N/A,84,83.65,16.27
g2_new_projection_5z,FCl,pvqz,43,N/A,N/A,467,350.00,35.71
g2_new_projection_5z,FCl,pvtz,25,N/A,N/A,190,178.10,18.10
g2_new_projection_5z,H,avdz,N/A,N/A,N/A,N/A,N/A,N/A
g2_new_projection_5z,H,avqz,N/A,N/A,N/A,N/A,N/A,N/A
g2_new_projection_5z,H,avtz,N/A,N/A,N/A,N/A,N/A,N/A
g2_new_projection_5z,H,pvdz,N/A,N/A,N/A,N/A,N/A,N/A
g2_new_projection_5z,H,pvqz,N/A,N/A,N/A,N/A,N/A,N/A
g2_new_projection_5z,H,pvtz,N/A,N/A,N/A,N/A,N/A,N/A
g2_new_projection_5z,H2O,avdz,11,N/A,N/A,63,61.23,13.46
g2_new_projection_5z,H2O,avqz,97,N/A,N/A,1233,630.00,57.39
g2_new_projection_5z,H2O,avtz,22,N/A,N/A,271,218.00,25.17
g2_new_projection_5z,H2O,pvdz,63,N/A,N/A,46,45.79,16.77
g2_new_projection_5z,H2O,pvqz,70,N/A,N/A,695,400.00,34.16
g2_new_projection_5z,H2O,pvtz,45,N/A,N/A,290,204.00,19.06
g2_new_projection_5z,H2O2,avdz,51,N/A,N/A,194,183.70,18.96
g2_new_projection_5z,H2O2,avqz,692,N/A,N/A,5514,2735.00,425.94
g2_new_projection_5z,H2O2,avtz,119,N/A,N/A,1372,1102.00,61.41
g2_new_projection_5z,H2O2,pvdz,309,N/A,N/A,134,132.77,16.41
g2_new_projection_5z,H2O2,pvqz,392,N/A,N/A,3653,1941.00,177.89
g2_new_projection_5z,H2O2,pvtz,184,N/A,N/A,955,679.00,73.79
g2_new_projection_5z,H2S,avdz,11,N/A,N/A,85,82.95,12.94
g2_new_projection_5z,H2S,avqz,146,N/A,N/A,1257,656.00,55.29
g2_new_projection_5z,H2S,avtz,35,N/A,N/A,200,152.00,17.65
g2_new_projection_5z,H2S,pvdz,64,N/A,N/A,60,59.79,17.72
g2_new_projection_5z,H2S,pvqz,64,N/A,N/A,532,343.00,22.95
g2_new_projection_5z,H2S,pvtz,42,N/A,N/A,302,232.00,17.61
g2_new_projection_5z,HCl,avdz,12,N/A,N/A,72,70.74,13.73
g2_new_projection_5z,HCl,avqz,53,N/A,N/A,996,497.00,32.37
g2_new_projection_5z,HCl,avtz,19,N/A,N/A,138,107.30,16.42
g2_new_projection_5z,HCl,pvdz,20,N/A,N/A,42,41.91,13.44
g2_new_projection_5z,HCl,pvqz,18,N/A,N/A,166,120.30,16.23
g2_new_projection_5z,HCl,pvtz,11,N/A,N/A,103,90.70,13.89
g2_new_projection_5z,HF,avdz,4,N/A,N/A,33,32.33,13.08
g2_new_projection_5z,HF,avqz,41,N/A,N/A,391,222.00,37.04
g2_new_projection_5z,HF,avtz,8,N/A,N/A,68,53.00,15.89
g2_new_projection_5z,HF,pvdz,21,N/A,N/A,31,30.92,13.30
g2_new_projection_5z,HF,pvqz,21,N/A,N/A,285,180.00,18.81
g2_new_projection_5z,HF,pvtz,14,N/A,N/A,100,82.90,14.49
g2_new_projection_5z,HO,avdz,7,N/A,N/A,35,32.40,24.29
g2_new_projection_5z,HO,avqz,42,N/A,N/A,1014,318.00,90.02
g2_new_projection_5z,HO,avtz,8,N/A,N/A,121,56.00,28.18
g2_new_projection_5z,HO,pvdz,20,N/A,N/A,31,30.67,31.55
g2_new_projection_5z,HO,pvqz,22,N/A,N/A,611,192.00,38.71
g2_new_projection_5z,HO,pvtz,13,N/A,N/A,151,83.00,28.17
g2_new_projection_5z,HOCl,avdz,58,N/A,N/A,263,252.00,16.83
g2_new_projection_5z,HOCl,avqz,338,N/A,N/A,4387,1930.00,193.78
g2_new_projection_5z,HOCl,avtz,103,N/A,N/A,788,563.00,46.55
g2_new_projection_5z,HOCl,pvdz,107,N/A,N/A,116,113.02,16.98
g2_new_projection_5z,HOCl,pvqz,103,N/A,N/A,1083,700.00,87.13
g2_new_projection_5z,HOCl,pvtz,72,N/A,N/A,430,364.00,25.26
g2_new_projection_5z,Li,avdz,1,N/A,N/A,6,6.00,22.65
g2_new_projection_5z,Li,avqz,5,N/A,N/A,37,36.78,22.56
g2_new_projection_5z,Li,avtz,3,N/A,N/A,16,15.95,22.99
g2_new_projection_5z,Li,pvdz,2,N/A,N/A,5,5.00,22.02
g2_new_projection_5z,Li,pvqz,7,N/A,N/A,22,21.93,23.01
g2_new_projection_5z,Li,pvtz,5,N/A,N/A,8,8.00,23.64
g2_new_projection_5z,Li2,avdz,4,N/A,N/A,77,74.40,12.51
g2_new_projection_5z,Li2,avqz,75,N/A,N/A,708,258.00,20.04
g2_new_projection_5z,Li2,avtz,11,N/A,N/A,155,110.60,20.57
g2_new_projection_5z,Li2,pvdz,14,N/A,N/A,67,66.92,12.86
g2_new_projection_5z,Li2,pvqz,27,N/A,N/A,343,206.00,13.61
g2_new_projection_5z,Li2,pvtz,10,N/A,N/A,156,147.32,12.49
g2_new_projection_5z,LiF,avdz,7,N/A,N/A,117,114.36,17.38
g2_new_projection_5z,LiF,avqz,91,N/A,N/A,1239,733.00,136.21
g2_new_projection_5z,LiF,avtz,15,N/A,N/A,292,246.20,36.96
g2_new_projection_5z,LiF,pvdz,36,N/A,N/A,120,119.81,17.79
g2_new_projection_5z,LiF,pvqz,42,N/A,N/A,567,401.00,34.78
g2_new_projection_5z,LiF,pvtz,19,N/A,N/A,216,203.50,14.43
g2_new_projection_5z,LiH,avdz,3,N/A,N/A,37,36.34,12.34
g2_new_projection_5z,LiH,avqz,25,N/A,N/A,366,183.00,17.79
g2_new_projection_5z,LiH,avtz,6,N/A,N/A,83,66.20,16.37
g2_new_projection_5z,LiH,pvdz,13,N/A,N/A,34,33.97,12.48
g2_new_projection_5z,LiH,pvqz,16,N/A,N/A,165,100.00,13.84
g2_new_projection_5z,LiH,pvtz,8,N/A,N/A,89,76.20,13.28
g2_new_projection_5z,N,avdz,3,N/A,N/A,20,19.55,22.94
g2_new_projection_5z,N,avqz,5,N/A,N/A,172,83.00,29.60
g2_new_projection_5z,N,avtz,2,N/A,N/A,42,33.14,41.86
g2_new_projection_5z,N,pvdz,5,N/A,N/A,20,19.54,26.62
g2_new_projection_5z,N,pvqz,6,N/A,N/A,97,61.10,26.52
g2_new_projection_5z,N,pvtz,4,N/A,N/A,39,36.06,23.80
g2_new_projection_5z,N2,avdz,10,N/A,N/A,87,84.43,14.38
g2_new_projection_5z,N2,avqz,62,N/A,N/A,1000,556.00,70.33
g2_new_projection_5z,N2,avtz,18,N/A,N/A,325,265.80,16.27
g2_new_projection_5z,N2,pvdz,62,N/A,N/A,90,87.42,16.76
g2_new_projection_5z,N2,pvqz,52,N/A,N/A,594,405.00,25.88
g2_new_projection_5z,N2,pvtz,25,N/A,N/A,183,166.30,15.66
g2_new_projection_5z,N2H4,avdz,158,N/A,N/A,402,373.80,26.97
g2_new_projection_5z,N2H4,avqz,2517,N/A,N/A,22871,11651.00,909.93
g2_new_projection_5z,N2H4,avtz,410,N/A,N/A,2195,1414.00,93.69
g2_new_projection_5z,N2H4,pvdz,1095,N/A,N/A,432,419.50,16.59
g2_new_projection_5z,N2H4,pvqz,1461,N/A,N/A,9223,4543.00,340.23
g2_new_projection_5z,N2H4,pvtz,767,N/A,N/A,3452,2026.00,171.50
g2_new_projection_5z,NH,avdz,7,N/A,N/A,45,42.08,24.28
g2_new_projection_5z,NH,avqz,27,N/A,N/A,988,299.00,71.81
g2_new_projection_5z,NH,avtz,7,N/A,N/A,118,58.00,28.04
g2_new_projection_5z,NH,pvdz,21,N/A,N/A,34,32.50,27.28
g2_new_projection_5z,NH,pvqz,23,N/A,N/A,621,196.00,37.43
g2_new_projection_5z,NH,pvtz,12,N/A,N/A,151,84.00,27.67
g2_new_projection_5z,NH2,avdz,11,N/A,N/A,70,62.96,25.48
g2_new_projection_5z,NH2,avqz,95,N/A,N/A,3493,943.00,154.27
g2_new_projection_5z,NH2,avtz,35,N/A,N/A,347,157.00,52.24
g2_new_projection_5z,NH2,pvdz,65,N/A,N/A,66,62.69,28.41
g2_new_projection_5z,NH2,pvqz,69,N/A,N/A,1584,425.00,75.63
g2_new_projection_5z,NH2,pvtz,44,N/A,N/A,586,234.00,38.21
g2_new_projection_5z,NH3,avdz,45,N/A,N/A,126,121.30,14.06
g2_new_projection_5z,NH3,avqz,570,N/A,N/A,3724,1895.00,96.32
g2_new_projection_5z,NH3,avtz,60,N/A,N/A,434,317.00,18.99
g2_new_projection_5z,NH3,pvdz,117,N/A,N/A,81,79.70,16.51
g2_new_projection_5z,NH3,pvqz,222,N/A,N/A,1607,837.00,49.45
g2_new_projection_5z,NH3,pvtz,134,N/A,N/A,787,510.00,34.50
g2_new_projection_5z,NO,avdz,10,N/A,N/A,94,83.60,29.13
g2_new_projection_5z,NO,avqz,105,N/A,N/A,2634,836.00,276.82
g2_new_projection_5z,NO,avtz,18,N/A,N/A,493,282.00,62.72
g2_new_projection_5z,NO,pvdz,60,N/A,N/A,82,77.73,50.64
g2_new_projection_5z,NO,pvqz,53,N/A,N/A,1187,414.00,109.13
g2_new_projection_5z,NO,pvtz,26,N/A,N/A,239,176.00,37.71
g2_new_projection_5z,Na,avdz,5,N/A,N/A,33,30.04,26.23
g2_new_projection_5z,Na,avqz,40,N/A,N/A,970,310.00,149.15
g2_new_projection_5z,Na,avtz,9,N/A,N/A,139,73.00,46.22
g2_new_projection_5z,Na,pvdz,25,N/A,N/A,24,23.09,26.47
g2_new_projection_5z,Na,pvqz,41,N/A,N/A,841,208.00,68.68
g2_new_projection_5z,Na,pvtz,16,N/A,N/A,109,56.90,32.42
g2_new_projection_5z,Na2,avdz,63,N/A,N/A,208,198.84,27.44
g2_new_projection_5z,Na2,avqz,534,N/A,N/A,7920,5472.00,880.81
g2_new_projection_5z,Na2,avtz,124,N/A,N/A,710,501.00,148.70
g2_new_projection_5z,Na2,pvdz,274,N/A,N/A,91,87.86,17.83
g2_new_projection_5z,Na2,pvqz,639,N/A,N/A,4334,1957.00,508.83
g2_new_projection_5z,Na2,pvtz,196,N/A,N/A,687,499.00,77.01
g2_new_projection_5z,NaCl,avdz,64,N/A,N/A,192,178.00,19.33
g2_new_projection_5z,NaCl,avqz,293,N/A,N/A,3648,1499.00,215.14
g2_new_projection_5z,NaCl,avtz,117,N/A,N/A,755,504.00,94.23
g2_new_projection_5z,NaCl,pvdz,178,N/A,N/A,110,108.32,17.12
g2_new_projection_5z,NaCl,pvqz,159,N/A,N/A,1417,747.00,152.71
g2_new_projection_5z,NaCl,pvtz,79,N/A,N/A,341,283.00,29.47
g2_new_projection_5z,O,avdz,3,N/A,N/A,19,18.39,23.64
g2_new_projection_5z,O,avqz,4,N/A,N/A,162,51.00,34.56
g2_new_projection_5z,O,avtz,2,N/A,N/A,47,34.60,26.25
g2_new_projection_5z,O,pvdz,5,N/A,N/A,17,16.92,22.34
g2_new_projection_5z,O,pvqz,6,N/A,N/A,99,52.20,27.25
g2_new_projection_5z,O,pvtz,4,N/A,N/A,43,39.07,23.70
g2_new_projection_5z,O2,avdz,10,N/A,N/A,88,77.60,31.62
g2_new_projection_5z,O2,avqz,114,N/A,N/A,3191,1140.00,361.02
g2_new_projection_5z,O2,avtz,19,N/A,N/A,370,183.00,44.26
g2_new_projection_5z,O2,pvdz,57,N/A,N/A,89,87.68,29.21
g2_new_projection_5z,O2,pvqz,54,N/A,N/A,1726,617.00,130.81
g2_new_projection_5z,O2,pvtz,26,N/A,N/A,223,160.00,42.57
g2_new_projection_5z,O2S,avdz,50,N/A,N/A,263,249.00,22.86
g2_new_projection_5z,O2S,avqz,556,N/A,N/A,6442,4132.00,556.35
g2_new_projection_5z,O2S,avtz,90,N/A,N/A,980,748.00,75.64
g2_new_projection_5z,O2S,pvdz,210,N/A,N/A,210,208.35,23.63
g2_new_projection_5z,O2S,pvqz,200,N/A,N/A,1888,1176.00,198.81
g2_new_projection_5z,O2S,pvtz,111,N/A,N/A,602,538.00,35.64
g2_new_projection_5z,O2_old,avdz,N/A,N/A,N/A,N/A,N/A,N/A
g2_new_projection_5z,O2_old,avqz,N/A,N/A,N/A,N/A,N/A,N/A
g2_new_projection_5z,O2_old,avtz,N/A,N/A,N/A,N/A,N/A,N/A
g2_new_projection_5z,O2_old,pvdz,N/A,N/A,N/A,N/A,N/A,N/A
g2_new_projection_5z,O2_old,pvqz,N/A,N/A,N/A,N/A,N/A,N/A
g2_new_projection_5z,O2_old,pvtz,N/A,N/A,N/A,N/A,N/A,N/A
g2_new_projection_5z,OCl,avdz,24,N/A,N/A,204,182.80,31.45
g2_new_projection_5z,OCl,avqz,131,N/A,N/A,4579,979.00,305.17
g2_new_projection_5z,OCl,avtz,46,N/A,N/A,768,401.00,83.82
g2_new_projection_5z,OCl,pvdz,42,N/A,N/A,78,76.70,52.19
g2_new_projection_5z,OCl,pvqz,44,N/A,N/A,860,379.00,98.25
g2_new_projection_5z,OCl,pvtz,24,N/A,N/A,220,175.60,39.32
g2_new_projection_5z,OS,avdz,11,N/A,N/A,122,111.10,30.32
g2_new_projection_5z,OS,avqz,67,N/A,N/A,2622,795.00,355.67
g2_new_projection_5z,OS,avtz,19,N/A,N/A,516,298.00,45.71
g2_new_projection_5z,OS,pvdz,42,N/A,N/A,84,82.70,30.47
g2_new_projection_5z,OS,pvqz,43,N/A,N/A,881,392.00,85.07
g2_new_projection_5z,OS,pvtz,25,N/A,N/A,228,183.20,35.79
g2_new_projection_5z,P,avdz,1,N/A,N/A,32,31.48,24.20
g2_new_projection_5z,P,avqz,5,N/A,N/A,174,84.00,29.30
g2_new_projection_5z,P,avtz,2,N/A,N/A,47,37.73,25.43
g2_new_projection_5z,P,pvdz,3,N/A,N/A,23,22.94,30.79
g2_new_projection_5z,P,pvqz,5,N/A,N/A,68,54.90,24.43
g2_new_projection_5z,P,pvtz,4,N/A,N/A,42,40.59,23.57
g2_new_projection_5z,P2,avdz,17,N/A,N/A,111,108.33,14.82
g2_new_projection_5z,P2,avqz,103,N/A,N/A,1067,624.00,71.74
g2_new_projection_5z,P2,avtz,18,N/A,N/A,323,273.40,17.59
g2_new_projection_5z,P2,pvdz,61,N/A,N/A,97,96.66,17.80
g2_new_projection_5z,P2,pvqz,36,N/A,N/A,388,318.00,21.57
g2_new_projection_5z,P2,pvtz,23,N/A,N/A,209,200.99,14.97
g2_new_projection_5z,PH2,avdz,11,N/A,N/A,93,84.65,25.82
g2_new_projection_5z,PH2,avqz,151,N/A,N/A,4279,1415.00,143.17
g2_new_projection_5z,PH2,avtz,22,N/A,N/A,380,176.00,32.65
g2_new_projection_5z,PH2,pvdz,65,N/A,N/A,69,68.08,27.03
g2_new_projection_5z,PH2,pvqz,63,N/A,N/A,1149,376.00,48.81
g2_new_projection_5z,PH2,pvtz,42,N/A,N/A,548,267.00,35.37
g2_new_projection_5z,PH3,avdz,27,N/A,N/A,107,102.94,14.10
g2_new_projection_5z,PH3,avqz,389,N/A,N/A,3329,1712.00,104.27
g2_new_projection_5z,PH3,avtz,98,N/A,N/A,450,331.00,27.10
g2_new_projection_5z,PH3,pvdz,114,N/A,N/A,96,95.50,17.03
g2_new_projection_5z,PH3,pvqz,179,N/A,N/A,1993,1201.00,39.91
g2_new_projection_5z,PH3,pvtz,133,N/A,N/A,728,492.00,22.03
g2_new_projection_5z,S,avdz,4,N/A,N/A,33,32.23,23.82
g2_new_projection_5z,S,avqz,4,N/A,N/A,171,55.00,31.75
g2_new_projection_5z,S,avtz,2,N/A,N/A,44,32.40,47.10
g2_new_projection_5z,S,pvdz,3,N/A,N/A,22,21.92,22.54
g2_new_projection_5z,S,pvqz,4,N/A,N/A,71,53.40,26.40
g2_new_projection_5z,S,pvtz,3,N/A,N/A,43,41.10,24.72
g2_new_projection_5z,S2,avdz,11,N/A,N/A,150,137.80,29.85
g2_new_projection_5z,S2,avqz,65,N/A,N/A,2693,854.00,336.87
g2_new_projection_5z,S2,avtz,19,N/A,N/A,492,284.00,43.00
g2_new_projection_5z,S2,pvdz,44,N/A,N/A,101,99.65,28.96
g2_new_projection_5z,S2,pvqz,42,N/A,N/A,614,337.00,63.97
g2_new_projection_5z,S2,pvtz,23,N/A,N/A,239,209.60,33.37
g2_new_projection_5z,Si,avdz,4,N/A,N/A,25,24.49,23.66
g2_new_projection_5z,Si,avqz,4,N/A,N/A,262,168.00,29.26
g2_new_projection_5z,Si,avtz,2,N/A,N/A,57,47.05,25.49
g2_new_projection_5z,Si,pvdz,3,N/A,N/A,29,28.92,22.34
g2_new_projection_5z,Si,pvqz,5,N/A,N/A,107,70.60,25.54
g2_new_projection_5z,Si,pvtz,4,N/A,N/A,49,46.03,23.67
g2_new_projection_5z,Si2,avdz,11,N/A,N/A,120,109.40,26.73
g2_new_projection_5z,Si2,avqz,118,N/A,N/A,2740,928.00,189.64
g2_new_projection_5z,Si2,avtz,23,N/A,N/A,416,231.00,53.96
g2_new_projection_5z,Si2,pvdz,44,N/A,N/A,94,92.69,28.54
g2_new_projection_5z,Si2,pvqz,68,N/A,N/A,1265,505.00,67.84
g2_new_projection_5z,Si2,pvtz,27,N/A,N/A,283,219.00,31.13
g2_new_projection_5z,Si2H6,avdz,391,N/A,N/A,1324,1259.00,32.93
g2_new_projection_5z,Si2H6,avqz,9741,N/A,N/A,74267,44387.00,1277.49
g2_new_projection_5z,Si2H6,avtz,1051,N/A,N/A,5368,3431.00,238.95
g2_new_projection_5z,Si2H6,pvdz,2482,N/A,N/A,668,660.99,N/A
g2_new_projection_5z,Si2H6,pvqz,4086,N/A,N/A,24343,11923.00,739.99
g2_new_projection_5z,Si2H6,pvtz,2378,N/A,N/A,8611,5011.00,337.02
g2_new_projection_5z,SiH2,avdz,11,N/A,N/A,71,69.20,13.00
g2_new_projection_5z,SiH2,avqz,144,N/A,N/A,1278,667.00,44.15
g2_new_projection_5z,SiH2,avtz,22,N/A,N/A,198,150.30,16.65
g2_new_projection_5z,SiH2,pvdz,65,N/A,N/A,73,72.76,13.38
g2_new_projection_5z,SiH2,pvqz,70,N/A,N/A,736,449.00,29.03
g2_new_projection_5z,SiH2,pvtz,45,N/A,N/A,328,242.00,16.08
g2_new_projection_5z,SiH2_triplet,avdz,11,N/A,N/A,83,75.68,25.81
g2_new_projection_5z,SiH2_triplet,avqz,99,N/A,N/A,3511,1010.00,146.60
g2_new_projection_5z,SiH2_triplet,avtz,34,N/A,N/A,379,179.00,50.15
g2_new_projection_5z,SiH2_triplet,pvdz,64,N/A,N/A,66,65.11,25.83
g2_new_projection_5z,SiH2_triplet,pvqz,81,N/A,N/A,2147,610.00,67.03
g2_new_projection_5z,SiH2_triplet,pvtz,46,N/A,N/A,630,279.00,37.12
g2_new_projection_5z,SiH3,avdz,45,N/A,N/A,146,129.30,26.64
g2_new_projection_5z,SiH3,avqz,389,N/A,N/A,9135,2295.00,265.81
g2_new_projection_5z,SiH3,avtz,61,N/A,N/A,905,409.00,50.76
g2_new_projection_5z,SiH3,pvdz,113,N/A,N/A,94,92.22,26.92
g2_new_projection_5z,SiH3,pvqz,226,N/A,N/A,4190,1060.00,148.16
g2_new_projection_5z,SiH3,pvtz,135,N/A,N/A,1767,617.00,78.49
g2_new_projection_5z,SiH4,avdz,57,N/A,N/A,178,170.09,14.26
g2_new_projection_5z,SiH4,avqz,854,N/A,N/A,6790,3375.00,141.85
g2_new_projection_5z,SiH4,avtz,136,N/A,N/A,1144,866.00,26.50
g2_new_projection_5z,SiH4,pvdz,237,N/A,N/A,144,143.14,15.53
g2_new_projection_5z,SiH4,pvqz,488,N/A,N/A,3429,1733.00,65.24
g2_new_projection_5z,SiH4,pvtz,282,N/A,N/A,1669,977.00,46.04
g2_new_projection_5z,SiO,avdz,17,N/A,N/A,101,98.34,14.35
g2_new_projection_5z,SiO,avqz,67,N/A,N/A,1072,612.00,85.64
g2_new_projection_5z,SiO,avtz,19,N/A,N/A,234,187.90,19.21
g2_new_projection_5z,SiO,pvdz,42,N/A,N/A,92,91.67,17.41
g2_new_projection_5z,SiO,pvqz,51,N/A,N/A,939,673.00,29.30
g2_new_projection_5z,SiO,pvtz,27,N/A,N/A,208,191.70,16.55
g2_new_projection_5z,old_Si2,avdz,N/A,N/A,N/A,N/A,N/A,N/A
g2_new_projection_5z,old_Si2,avqz,N/A,N/A,N/A,N/A,N/A,N/A
g2_new_projection_5z,old_Si2,avtz,N/A,N/A,N/A,N/A,N/A,N/A
g2_new_projection_5z,old_Si2,pvdz,N/A,N/A,N/A,N/A,N/A,N/A
g2_new_projection_5z,old_Si2,pvqz,N/A,N/A,N/A,N/A,N/A,N/A
g2_new_projection_5z,old_Si2,pvtz,N/A,N/A,N/A,N/A,N/A,N/A
g2_projection,Be,avdz,8,10.19,2.66,N/A,N/A,12.01
g2_projection,Be,avtz,9,10.20,2.55,43,37.47,18.43
g2_projection,BeH,avdz,11,19.47,4.17,N/A,N/A,23.15
g2_projection,BeH,avtz,14,18.97,4.20,217,126.00,46.34
g2_projection,C,avdz,8,15.66,7.80,N/A,N/A,23.74
g2_projection,C,avtz,9,15.58,7.61,68,51.30,45.97
g2_projection,C2H2,avdz,91,64.75,94.17,358,338.50,15.86
g2_projection,C2H2,avtz,154,65.98,94.65,1273,812.00,33.24
g2_projection,C2H4,avdz,288,86.92,127.33,697,644.20,23.22
g2_projection,C2H4,avtz,535,107.51,144.56,3481,2021.00,66.00
g2_projection,C2H6,avdz,737,113.34,170.79,1123,997.00,35.54
g2_projection,C2H6,avtz,1651,111.11,170.11,N/A,N/A,N/A
g2_projection,CH,avdz,10,25.64,18.47,N/A,N/A,26.30
g2_projection,CH,avtz,14,25.54,18.29,217,99.00,29.79
g2_projection,CH2,avdz,21,33.07,25.18,N/A,N/A,26.10
g2_projection,CH2,avtz,36,37.03,27.48,662,280.00,33.25
g2_projection,CH2O,avdz,96,87.33,242.44,355,335.00,17.32
g2_projection,CH2O,avtz,160,86.25,236.69,1293,826.00,60.64
g2_projection,CH2_singlet,avdz,21,31.35,25.28,N/A,N/A,13.09
g2_projection,CH2_singlet,avtz,34,31.39,24.87,320,228.00,30.94
g2_projection,CH3,avdz,59,39.66,32.23,N/A,N/A,26.85
g2_projection,CH3,avtz,92,39.51,32.45,1419,478.00,48.28
g2_projection,CH3Cl,avdz,181,111.05,207.89,523,487.80,27.65
g2_projection,CH3Cl,avtz,374,137.19,243.40,2637,1719.00,135.99
g2_projection,CH4,avdz,94,57.58,44.74,N/A,N/A,14.06
g2_projection,CH4,avtz,195,48.35,44.83,1295,790.00,39.72
g2_projection,CH4O,avdz,299,111.83,311.05,638,583.20,24.48
g2_projection,CH4O,avtz,655,118.15,305.92,3655,2141.00,90.17
g2_projection,CH4S,avdz,302,115.99,176.97,746,688.60,25.93
g2_projection,CH4S,avtz,644,115.50,176.78,4108,2589.00,200.88
g2_projection,CHO,avdz,63,75.43,205.43,272,228.00,35.53
g2_projection,CHO,avtz,92,74.70,205.25,1459,549.00,124.69
g2_projection,CN,avdz,28,52.91,95.54,163,141.60,29.29
g2_projection,CN,avtz,38,52.88,94.97,663,302.00,43.44
g2_projection,CNH,avdz,46,70.90,151.00,249,238.10,16.26
g2_projection,CNH,avtz,74,70.83,173.32,727,501.00,31.56
g2_projection,CO,avdz,21,57.33,139.03,149,143.61,14.03
g2_projection,CO,avtz,33,76.90,140.40,386,297.00,27.69
g2_projection,CO2,avdz,92,108.17,398.32,456,431.30,22.34
g2_projection,CO2,avtz,146,107.84,399.06,1400,952.00,60.51
g2_projection,CS,avdz,21,60.69,75.17,166,160.73,13.69
g2_projection,CS,avtz,31,60.35,84.18,503,412.00,21.01
g2_projection,Cl,avdz,5,29.63,21.52,N/A,N/A,23.79
g2_projection,Cl,avtz,6,28.90,21.33,84,60.80,50.74
g2_projection,Cl2,avdz,22,76.68,111.12,193,187.28,15.25
g2_projection,Cl2,avtz,31,94.74,135.50,506,414.00,35.50
g2_projection,F,avdz,4,27.82,47.77,N/A,N/A,24.75
g2_projection,F,avtz,5,29.02,47.69,69,46.50,50.94
g2_projection,F2,avdz,23,73.43,271.78,141,135.82,16.04
g2_projection,F2,avtz,31,72.56,266.66,365,276.00,29.11
g2_projection,FCl,avdz,22,80.64,237.43,156,150.63,15.26
g2_projection,FCl,avtz,31,80.72,239.15,398,307.00,22.47
g2_projection,H,avdz,N/A,N/A,N/A,N/A,N/A,N/A
g2_projection,H,avtz,N/A,N/A,N/A,N/A,N/A,N/A
g2_projection,H2O,avdz,21,44.66,88.19,97,93.52,14.01
g2_projection,H2O,avtz,35,52.97,102.75,345,252.00,32.33
g2_projection,H2O2,avdz,98,92.32,307.71,322,301.90,20.55
g2_projection,H2O2,avtz,191,90.40,303.80,1350,879.00,78.81
g2_projection,H2S,avdz,22,48.48,36.11,120,116.31,12.91
g2_projection,H2S,avtz,35,49.12,35.73,346,251.00,23.54
g2_projection,HCl,avdz,9,43.27,58.05,68,66.70,12.99
g2_projection,HCl,avtz,13,53.21,43.84,136,105.60,17.28
g2_projection,HF,avdz,10,42.27,105.03,55,53.72,14.25
g2_projection,HF,avtz,13,42.46,103.14,126,96.00,26.78
g2_projection,HO,avdz,10,35.98,61.50,60,55.05,25.60
g2_projection,HO,avtz,14,35.39,61.65,223,102.00,29.66
g2_projection,HOCl,avdz,49,95.72,264.85,262,251.00,17.77
g2_projection,HOCl,avtz,78,94.70,366.81,773,551.00,32.19
g2_projection,Li,avdz,6,3.74,0.97,8,7.99,30.58
g2_projection,Li,avtz,N/A,N/A,N/A,N/A,N/A,N/A
g2_projection,Li2,avdz,21,124.13,5.19,140,134.88,N/A
g2_projection,Li2,avtz,33,230.07,22.08,278,190.00,22.32
g2_projection,LiF,avdz,22,61.24,264.49,191,185.76,17.92
g2_projection,LiF,avtz,31,64.42,182.37,444,355.00,53.68
g2_projection,LiH,avdz,9,18.33,3.33,N/A,N/A,11.92
g2_projection,LiH,avtz,13,18.75,4.75,113,83.50,23.52
g2_projection,N,avdz,4,20.54,14.27,N/A,N/A,23.14
g2_projection,N,avtz,9,20.13,14.84,68,51.80,43.76
g2_projection,N2,avdz,20,54.88,105.88,163,157.88,14.01
g2_projection,N2,avtz,30,53.84,127.92,378,289.00,23.74
g2_projection,N2H4,avdz,300,109.05,250.78,689,632.90,25.67
g2_projection,N2H4,avtz,656,135.76,251.53,3697,2186.00,90.02
g2_projection,NH,avdz,9,40.99,33.02,63,57.97,25.26
g2_projection,NH,avtz,13,35.88,36.26,222,103.00,48.35
g2_projection,NH2,avdz,27,48.16,48.08,110,95.80,26.02
g2_projection,NH2,avtz,40,39.26,47.84,644,254.00,32.31
g2_projection,NH3,avdz,49,48.68,66.74,159,150.56,13.84
g2_projection,NH3,avtz,97,47.59,68.09,774,523.00,28.08
g2_projection,NO,avdz,25,63.61,174.31,172,151.40,35.69
g2_projection,NO,avtz,38,63.54,174.87,689,320.00,64.19
g2_projection,Na,avdz,17,41.88,115.17,44,38.75,26.53
g2_projection,Na,avtz,18,52.89,94.57,N/A,N/A,N/A
g2_projection,Na2,avdz,135,119.50,571.04,218,202.80,29.83
g2_projection,Na2,avtz,207,128.18,480.96,N/A,N/A,N/A
g2_projection,NaCl,avdz,56,98.32,367.35,196,181.70,20.02
g2_projection,NaCl,avtz,84,106.99,300.11,N/A,N/A,N/A
g2_projection,O,avdz,3,22.90,27.12,N/A,N/A,23.72
g2_projection,O,avtz,9,22.49,27.30,67,45.00,46.41
g2_projection,O2,avdz,20,61.29,178.99,167,138.30,30.86
g2_projection,O2,avtz,31,60.76,221.15,649,292.00,53.97
g2_projection,O2S,avdz,95,129.85,491.39,486,459.60,26.78
g2_projection,O2S,avtz,155,131.00,482.83,1482,1007.00,95.49
g2_projection,O2_old,avdz,N/A,N/A,N/A,N/A,N/A,N/A
g2_projection,O2_old,avtz,N/A,N/A,N/A,N/A,N/A,N/A
g2_projection,OCl,avdz,28,75.68,176.32,178,156.40,31.92
g2_projection,OCl,avtz,40,74.56,175.59,683,315.00,80.91
g2_projection,OS,avdz,22,71.98,172.71,184,162.60,30.66
g2_projection,OS,avtz,34,71.55,204.13,734,367.00,52.49
g2_projection,P,avdz,4,21.45,9.09,N/A,N/A,24.02
g2_projection,P,avtz,5,21.55,8.85,79,62.00,26.68
g2_projection,P2,avdz,22,57.33,42.19,188,182.67,13.99
g2_projection,P2,avtz,32,65.36,50.93,444,354.00,22.61
g2_projection,PH2,avdz,28,41.08,25.68,132,110.80,25.98
g2_projection,PH2,avtz,39,40.85,25.70,677,278.00,63.24
g2_projection,PH3,avdz,49,50.32,32.82,194,185.78,13.75
g2_projection,PH3,avtz,100,57.84,38.53,743,506.00,34.66
g2_projection,S,avdz,4,25.29,15.17,N/A,N/A,23.74
g2_projection,S,avtz,5,25.38,16.69,80,57.20,31.07
g2_projection,S2,avdz,22,69.29,73.97,217,196.00,29.08
g2_projection,S2,avtz,33,77.21,90.34,757,382.00,54.01
g2_projection,Si,avdz,4,17.55,5.43,N/A,N/A,24.28
g2_projection,Si,avtz,5,17.31,5.35,77,59.70,26.79
g2_projection,Si2,avdz,22,43.37,23.25,210,188.30,28.07
g2_projection,Si2,avtz,40,56.99,28.00,768,391.00,36.21
g2_projection,Si2H6,avdz,741,124.33,74.90,1442,1314.00,32.70
g2_projection,Si2H6,avtz,1681,158.06,74.15,N/A,N/A,N/A
g2_projection,SiH2,avdz,21,34.77,17.12,122,118.39,13.73
g2_projection,SiH2,avtz,34,34.47,14.98,380,285.00,18.43
g2_projection,SiH2_triplet,avdz,22,36.73,14.83,136,121.30,24.83
g2_projection,SiH2_triplet,avtz,35,36.09,14.84,683,287.00,49.06
g2_projection,SiH3,avdz,63,43.90,18.79,221,187.50,27.44
g2_projection,SiH3,avtz,112,43.86,18.82,1522,556.00,52.08
g2_projection,SiH4,avdz,96,54.56,41.22,317,301.00,14.96
g2_projection,SiH4,avtz,198,65.53,30.67,1506,1003.00,28.83
g2_projection,SiO,avdz,21,63.57,126.81,174,168.76,14.91
g2_projection,SiO,avtz,31,63.35,125.79,414,324.00,25.64
g2_projection,old_Si2,avdz,N/A,N/A,N/A,N/A,N/A,N/A
g2_projection,old_Si2,avtz,N/A,N/A,N/A,N/A,N/A,N/A
g2_projection_5z,Be,avdz,4,N/A,N/A,27,26.74,14.60
g2_projection_5z,Be,avqz,10,N/A,N/A,74,42.20,18.50
g2_projection_5z,Be,avtz,4,N/A,N/A,31,27.69,12.99
g2_projection_5z,Be,pvdz,4,N/A,N/A,18,17.99,12.65
g2_projection_5z,BeH,avdz,17,N/A,N/A,62,58.87,29.32
g2_projection_5z,BeH,avqz,59,N/A,N/A,1032,502.00,61.54
g2_projection_5z,BeH,avtz,20,N/A,N/A,115,69.40,65.95
g2_projection_5z,BeH,pvdz,14,N/A,N/A,30,29.92,31.11
g2_projection_5z,C,avdz,4,N/A,N/A,30,29.28,29.49
g2_projection_5z,C,avqz,10,N/A,N/A,261,168.00,44.57
g2_projection_5z,C,avtz,4,N/A,N/A,48,38.16,38.22
g2_projection_5z,C,pvdz,4,N/A,N/A,22,21.94,22.39
g2_projection_5z,C2H2,avdz,282,N/A,N/A,306,289.90,20.60
g2_projection_5z,C2H2,avqz,1112,N/A,N/A,8355,5060.00,384.57
g2_projection_5z,C2H2,avtz,368,N/A,N/A,860,624.00,67.03
g2_projection_5z,C2H2,pvdz,220,N/A,N/A,210,208.66,19.72
g2_projection_5z,C2H4,avdz,979,N/A,N/A,555,509.80,26.60
g2_projection_5z,C2H4,avqz,4387,N/A,N/A,25119,15399.00,821.16
g2_projection_5z,C2H4,avtz,1916,N/A,N/A,3206,2433.00,235.33
g2_projection_5z,C2H4,pvdz,1026,N/A,N/A,272,268.73,16.08
g2_projection_5z,C2H6,avdz,2519,N/A,N/A,1011,912.00,42.32
g2_projection_5z,C2H6,avqz,17991,N/A,N/A,60686,31286.00,2365.02
g2_projection_5z,C2H6,avtz,3805,N/A,N/A,4953,3043.00,315.02
g2_projection_5z,C2H6,pvdz,1870,N/A,N/A,427,420.18,16.68
g2_projection_5z,CH,avdz,19,N/A,N/A,52,47.88,29.09
g2_projection_5z,CH,avqz,60,N/A,N/A,1246,420.00,102.31
g2_projection_5z,CH,avtz,29,N/A,N/A,116,56.00,105.47
g2_projection_5z,CH,pvdz,22,N/A,N/A,30,29.70,22.58
g2_projection_5z,CH2,avdz,56,N/A,N/A,90,78.80,30.16
g2_projection_5z,CH2,avqz,221,N/A,N/A,4013,1101.00,421.69
g2_projection_5z,CH2,avtz,99,N/A,N/A,356,157.00,65.06
g2_projection_5z,CH2,pvdz,45,N/A,N/A,44,43.21,30.65
g2_projection_5z,CH2O,avdz,285,N/A,N/A,268,251.00,23.06
g2_projection_5z,CH2O,avqz,1119,N/A,N/A,5520,2737.00,411.73
g2_projection_5z,CH2O,avtz,376,N/A,N/A,858,619.00,91.40
g2_projection_5z,CH2O,pvdz,222,N/A,N/A,146,144.81,20.32
g2_projection_5z,CH2_singlet,avdz,56,N/A,N/A,81,78.24,16.28
g2_projection_5z,CH2_singlet,avqz,222,N/A,N/A,1693,1008.00,126.91
g2_projection_5z,CH2_singlet,avtz,71,N/A,N/A,162,113.40,29.72
g2_projection_5z,CH2_singlet,pvdz,45,N/A,N/A,43,42.80,12.91
g2_projection_5z,CH3,avdz,147,N/A,N/A,144,118.20,32.13
g2_projection_5z,CH3,avqz,608,N/A,N/A,10028,2528.00,681.47
g2_projection_5z,CH3,avtz,186,N/A,N/A,831,360.00,82.39
g2_projection_5z,CH3,pvdz,111,N/A,N/A,66,64.27,29.69
g2_projection_5z,CH3Cl,avdz,560,N/A,N/A,453,423.90,29.34
g2_projection_5z,CH3Cl,avqz,2339,N/A,N/A,16383,10863.00,1060.19
g2_projection_5z,CH3Cl,avtz,758,N/A,N/A,1460,1011.00,150.56
g2_projection_5z,CH3Cl,pvdz,432,N/A,N/A,210,207.97,20.09
g2_projection_5z,CH4,avdz,305,N/A,N/A,204,190.40,17.21
g2_projection_5z,CH4,avqz,1942,N/A,N/A,12180,8652.00,290.87
g2_projection_5z,CH4,avtz,419,N/A,N/A,753,509.00,45.74
g2_projection_5z,CH4,pvdz,235,N/A,N/A,95,94.17,18.97
g2_projection_5z,CH4O,avdz,951,N/A,N/A,532,486.60,31.93
g2_projection_5z,CH4O,avqz,4421,N/A,N/A,22054,12214.00,2472.92
g2_projection_5z,CH4O,avtz,1371,N/A,N/A,2605,1711.00,240.21
g2_projection_5z,CH4O,pvdz,737,N/A,N/A,338,334.41,18.41
g2_projection_5z,CH4S,avdz,958,N/A,N/A,666,620.00,35.67
g2_projection_5z,CH4S,avqz,4411,N/A,N/A,23583,12063.00,1088.90
g2_projection_5z,CH4S,avtz,1921,N/A,N/A,2380,1602.00,247.65
g2_projection_5z,CH4S,pvdz,742,N/A,N/A,311,307.80,22.66
g2_projection_5z,CHO,avdz,131,N/A,N/A,232,196.10,46.55
g2_projection_5z,CHO,avqz,460,N/A,N/A,8063,2123.00,805.38
g2_projection_5z,CHO,avtz,163,N/A,N/A,895,425.00,181.61
g2_projection_5z,CHO,pvdz,105,N/A,N/A,132,125.23,59.15
g2_projection_5z,CN,avdz,52,N/A,N/A,139,122.50,36.20
g2_projection_5z,CN,avqz,159,N/A,N/A,2645,858.00,285.84
g2_projection_5z,CN,avtz,60,N/A,N/A,382,187.00,63.28
g2_projection_5z,CN,pvdz,43,N/A,N/A,96,91.20,44.50
g2_projection_5z,CNH,avdz,130,N/A,N/A,208,198.63,18.73
g2_projection_5z,CNH,avqz,651,N/A,N/A,2594,1358.00,179.34
g2_projection_5z,CNH,avtz,164,N/A,N/A,449,333.00,34.94
g2_projection_5z,CNH,pvdz,107,N/A,N/A,126,124.21,22.52
g2_projection_5z,CO,avdz,52,N/A,N/A,122,117.82,17.27
g2_projection_5z,CO,avqz,157,N/A,N/A,1060,618.00,99.72
g2_projection_5z,CO,avtz,60,N/A,N/A,272,220.10,31.47
g2_projection_5z,CO,pvdz,41,N/A,N/A,71,70.67,19.48
g2_projection_5z,CO2,avdz,266,N/A,N/A,361,340.20,26.01
g2_projection_5z,CO2,avqz,880,N/A,N/A,4732,2454.00,527.22
g2_projection_5z,CO2,avtz,457,N/A,N/A,878,648.00,107.64
g2_projection_5z,CO2,pvdz,208,N/A,N/A,217,215.11,20.05
g2_projection_5z,CS,avdz,52,N/A,N/A,141,136.90,18.26
g2_projection_5z,CS,avqz,160,N/A,N/A,1321,803.00,100.15
g2_projection_5z,CS,avtz,61,N/A,N/A,237,190.80,25.34
g2_projection_5z,CS,pvdz,42,N/A,N/A,85,84.67,36.30
g2_projection_5z,Cl,avdz,5,N/A,N/A,36,34.96,27.61
g2_projection_5z,Cl,avqz,10,N/A,N/A,172,62.00,41.19
g2_projection_5z,Cl,avtz,4,N/A,N/A,44,32.20,36.31
g2_projection_5z,Cl,pvdz,3,N/A,N/A,27,26.90,23.21
g2_projection_5z,Cl2,avdz,54,N/A,N/A,152,147.80,17.69
g2_projection_5z,Cl2,avqz,167,N/A,N/A,1135,681.00,135.59
g2_projection_5z,Cl2,avtz,62,N/A,N/A,246,198.40,27.39
g2_projection_5z,Cl2,pvdz,44,N/A,N/A,91,90.67,23.40
g2_projection_5z,F,avdz,3,N/A,N/A,30,28.95,30.42
g2_projection_5z,F,avqz,10,N/A,N/A,224,98.00,53.13
g2_projection_5z,F,avtz,4,N/A,N/A,38,26.40,36.36
g2_projection_5z,F,pvdz,4,N/A,N/A,20,19.92,22.48
g2_projection_5z,F2,avdz,55,N/A,N/A,124,118.69,17.95
g2_projection_5z,F2,avqz,160,N/A,N/A,1069,626.00,175.64
g2_projection_5z,F2,avtz,61,N/A,N/A,212,166.40,35.57
g2_projection_5z,F2,pvdz,44,N/A,N/A,77,76.63,17.43
g2_projection_5z,FCl,avdz,56,N/A,N/A,137,132.83,17.92
g2_projection_5z,FCl,avqz,162,N/A,N/A,1077,629.00,173.62
g2_projection_5z,FCl,avtz,62,N/A,N/A,224,177.90,33.17
g2_projection_5z,FCl,pvdz,60,N/A,N/A,79,78.67,20.96
g2_projection_5z,H,avdz,N/A,N/A,N/A,N/A,N/A,N/A
g2_projection_5z,H,avqz,N/A,N/A,N/A,N/A,N/A,N/A
g2_projection_5z,H,avtz,N/A,N/A,N/A,N/A,N/A,N/A
g2_projection_5z,H,pvdz,N/A,N/A,N/A,N/A,N/A,N/A
g2_projection_5z,H2O,avdz,60,N/A,N/A,83,80.18,16.29
g2_projection_5z,H2O,avqz,222,N/A,N/A,1926,1212.00,102.56
g2_projection_5z,H2O,avtz,99,N/A,N/A,236,181.50,34.59
g2_projection_5z,H2O,pvdz,64,N/A,N/A,44,43.78,18.37
g2_projection_5z,H2O2,avdz,284,N/A,N/A,276,258.60,24.74
g2_projection_5z,H2O2,avqz,1563,N/A,N/A,5662,2837.00,506.09
g2_projection_5z,H2O2,avtz,372,N/A,N/A,973,688.00,154.46
g2_projection_5z,H2O2,pvdz,222,N/A,N/A,173,171.82,38.64
g2_projection_5z,H2S,avdz,62,N/A,N/A,105,102.19,17.24
g2_projection_5z,H2S,avqz,223,N/A,N/A,1615,917.00,75.56
g2_projection_5z,H2S,avtz,101,N/A,N/A,284,235.70,27.12
g2_projection_5z,H2S,pvdz,46,N/A,N/A,58,57.79,24.79
g2_projection_5z,HCl,avdz,20,N/A,N/A,60,58.96,15.52
g2_projection_5z,HCl,avqz,62,N/A,N/A,422,248.00,47.54
g2_projection_5z,HCl,avtz,22,N/A,N/A,78,63.00,20.49
g2_projection_5z,HCl,pvdz,15,N/A,N/A,36,35.92,13.10
g2_projection_5z,HF,avdz,20,N/A,N/A,52,50.95,15.81
g2_projection_5z,HF,avqz,60,N/A,N/A,408,234.00,60.53
g2_projection_5z,HF,avtz,29,N/A,N/A,69,54.00,47.50
g2_projection_5z,HF,pvdz,14,N/A,N/A,29,28.92,13.29
g2_projection_5z,HO,avdz,19,N/A,N/A,54,50.01,31.56
g2_projection_5z,HO,avqz,59,N/A,N/A,1010,313.00,148.86
g2_projection_5z,HO,avtz,29,N/A,N/A,120,60.00,41.92
g2_projection_5z,HO,pvdz,14,N/A,N/A,41,40.66,22.29
g2_projection_5z,HOCl,avdz,139,N/A,N/A,212,202.46,20.35
g2_projection_5z,HOCl,avqz,660,N/A,N/A,2667,1425.00,330.88
g2_projection_5z,HOCl,avtz,166,N/A,N/A,496,381.00,48.78
g2_projection_5z,HOCl,pvdz,106,N/A,N/A,118,117.34,40.29
g2_projection_5z,Li,avdz,2,N/A,N/A,5,5.00,22.73
g2_projection_5z,Li,avqz,7,N/A,N/A,37,36.77,23.74
g2_projection_5z,Li,avtz,N/A,N/A,N/A,N/A,N/A,N/A
g2_projection_5z,Li,pvdz,3,N/A,N/A,5,5.00,21.79
g2_projection_5z,Li2,avdz,20,N/A,N/A,80,77.31,12.96
g2_projection_5z,Li2,avqz,110,N/A,N/A,1027,533.00,25.42
g2_projection_5z,Li2,avtz,30,N/A,N/A,164,117.20,17.67
g2_projection_5z,Li2,pvdz,15,N/A,N/A,67,66.92,12.65
g2_projection_5z,LiF,avdz,36,N/A,N/A,168,163.93,19.83
g2_projection_5z,LiF,avqz,133,N/A,N/A,1084,645.00,81.76
g2_projection_5z,LiF,avtz,43,N/A,N/A,241,195.60,42.40
g2_projection_5z,LiF,pvdz,26,N/A,N/A,115,114.81,19.88
g2_projection_5z,LiH,avdz,9,N/A,N/A,60,58.93,14.70
g2_projection_5z,LiH,avqz,48,N/A,N/A,409,213.00,28.91
g2_projection_5z,LiH,avtz,13,N/A,N/A,69,53.80,26.88
g2_projection_5z,LiH,pvdz,13,N/A,N/A,36,35.97,17.50
g2_projection_5z,N,avdz,5,N/A,N/A,36,35.27,27.98
g2_projection_5z,N,avqz,10,N/A,N/A,215,133.00,45.29
g2_projection_5z,N,avtz,4,N/A,N/A,48,38.48,33.18
g2_projection_5z,N,pvdz,4,N/A,N/A,21,20.54,28.51
g2_projection_5z,N2,avdz,53,N/A,N/A,125,120.85,16.77
g2_projection_5z,N2,avqz,223,N/A,N/A,1061,609.00,92.17
g2_projection_5z,N2,avtz,60,N/A,N/A,291,238.40,26.75
g2_projection_5z,N2,pvdz,44,N/A,N/A,86,83.38,17.28
g2_projection_5z,N2H4,avdz,984,N/A,N/A,600,554.90,33.61
g2_projection_5z,N2H4,avqz,4383,N/A,N/A,28326,17166.00,1182.98
g2_projection_5z,N2H4,avtz,1368,N/A,N/A,2268,1485.00,347.94
g2_projection_5z,N2H4,pvdz,785,N/A,N/A,342,330.10,20.42
g2_projection_5z,NH,avdz,18,N/A,N/A,61,56.95,31.15
g2_projection_5z,NH,avqz,60,N/A,N/A,1042,330.00,140.80
g2_projection_5z,NH,avtz,29,N/A,N/A,117,57.00,38.64
g2_projection_5z,NH,pvdz,15,N/A,N/A,35,33.52,28.32
g2_projection_5z,NH2,avdz,55,N/A,N/A,115,103.80,31.21
g2_projection_5z,NH2,avqz,222,N/A,N/A,3536,1024.00,257.38
g2_projection_5z,NH2,avtz,99,N/A,N/A,443,252.00,54.32
g2_projection_5z,NH2,pvdz,47,N/A,N/A,55,52.05,29.68
g2_projection_5z,NH3,avdz,141,N/A,N/A,138,131.53,17.12
g2_projection_5z,NH3,avqz,618,N/A,N/A,3196,1598.00,164.33
g2_projection_5z,NH3,avtz,187,N/A,N/A,413,294.00,33.00
g2_projection_5z,NH3,pvdz,116,N/A,N/A,90,88.46,18.47
g2_projection_5z,NO,avdz,52,N/A,N/A,142,125.00,34.84
g2_projection_5z,NO,avqz,224,N/A,N/A,2664,837.00,370.67
g2_projection_5z,NO,avtz,61,N/A,N/A,368,184.00,118.07
g2_projection_5z,NO,pvdz,60,N/A,N/A,86,81.79,43.81
g2_projection_5z,Na,avdz,20,N/A,N/A,32,29.02,28.64
g2_projection_5z,Na,avqz,86,N/A,N/A,1285,335.00,192.41
g2_projection_5z,Na,avtz,26,N/A,N/A,123,52.00,41.69
g2_projection_5z,Na,pvdz,26,N/A,N/A,27,25.97,27.20
g2_projection_5z,Na2,avdz,295,N/A,N/A,132,120.90,20.58
g2_projection_5z,Na2,avqz,1410,N/A,N/A,12286,8686.00,1417.03
g2_projection_5z,Na2,avtz,464,N/A,N/A,1023,688.00,290.63
g2_projection_5z,Na2,pvdz,385,N/A,N/A,108,103.74,29.78
g2_projection_5z,NaCl,av5z,N/A,N/A,N/A,N/A,N/A,N/A
g2_projection_5z,NaCl,avdz,136,N/A,N/A,147,139.04,21.34
g2_projection_5z,NaCl,avqz,557,N/A,N/A,2966,1511.00,364.40
g2_projection_5z,NaCl,avtz,196,N/A,N/A,457,319.00,121.88
g2_projection_5z,NaCl,pvdz,179,N/A,N/A,113,111.22,29.70
g2_projection_5z,O,avdz,3,N/A,N/A,29,27.96,27.96
g2_projection_5z,O,avqz,10,N/A,N/A,202,68.00,53.44
g2_projection_5z,O,avtz,4,N/A,N/A,45,31.40,37.00
g2_projection_5z,O,pvdz,4,N/A,N/A,22,21.92,22.31
g2_projection_5z,O2,avdz,44,N/A,N/A,94,83.60,31.78
g2_projection_5z,O2,avqz,160,N/A,N/A,2717,900.00,865.05
g2_projection_5z,O2,avtz,60,N/A,N/A,454,263.00,145.85
g2_projection_5z,O2,pvdz,58,N/A,N/A,70,68.72,50.78
g2_projection_5z,O2S,avdz,270,N/A,N/A,425,404.00,34.87
g2_projection_5z,O2S,avqz,1246,N/A,N/A,4863,2504.00,661.87
g2_projection_5z,O2S,avtz,328,N/A,N/A,922,689.00,171.68
g2_projection_5z,O2S,pvdz,211,N/A,N/A,216,214.37,24.19
g2_projection_5z,O2_old,avdz,N/A,N/A,N/A,N/A,N/A,N/A
g2_projection_5z,O2_old,avqz,N/A,N/A,N/A,N/A,N/A,N/A
g2_projection_5z,O2_old,avtz,N/A,N/A,N/A,N/A,N/A,N/A
g2_projection_5z,O2_old,pvdz,N/A,N/A,N/A,N/A,N/A,N/A
g2_projection_5z,OCl,avdz,52,N/A,N/A,150,132.50,37.37
g2_projection_5z,OCl,avqz,161,N/A,N/A,2816,946.00,684.03
g2_projection_5z,OCl,avtz,61,N/A,N/A,483,272.00,76.78
g2_projection_5z,OCl,pvdz,59,N/A,N/A,94,92.47,32.10
g2_projection_5z,OS,avdz,55,N/A,N/A,156,139.00,40.95
g2_projection_5z,OS,avqz,160,N/A,N/A,3362,1285.00,466.60
g2_projection_5z,OS,avtz,61,N/A,N/A,400,215.00,80.68
g2_projection_5z,OS,pvdz,43,N/A,N/A,98,96.50,35.38
g2_projection_5z,P,avdz,4,N/A,N/A,39,38.17,28.87
g2_projection_5z,P,avqz,10,N/A,N/A,197,114.00,41.95
g2_projection_5z,P,avtz,7,N/A,N/A,45,36.17,29.81
g2_projection_5z,P,pvdz,4,N/A,N/A,30,29.94,22.45
g2_projection_5z,P2,avdz,54,N/A,N/A,163,158.89,17.59
g2_projection_5z,P2,avqz,159,N/A,N/A,1110,660.00,88.59
g2_projection_5z,P2,avtz,62,N/A,N/A,256,209.70,27.26
g2_projection_5z,P2,pvdz,61,N/A,N/A,102,101.67,23.67
g2_projection_5z,PH2,avdz,58,N/A,N/A,114,102.30,32.98
g2_projection_5z,PH2,avqz,222,N/A,N/A,3621,1053.00,217.63
g2_projection_5z,PH2,avtz,72,N/A,N/A,377,183.00,54.73
g2_projection_5z,PH2,pvdz,46,N/A,N/A,71,70.09,36.72
g2_projection_5z,PH3,avdz,143,N/A,N/A,160,153.41,18.37
g2_projection_5z,PH3,avqz,863,N/A,N/A,3310,1715.00,132.27
g2_projection_5z,PH3,avtz,189,N/A,N/A,506,371.00,33.04
g2_projection_5z,PH3,pvdz,113,N/A,N/A,85,84.55,24.56
g2_projection_5z,S,avdz,4,N/A,N/A,37,35.91,30.78
g2_projection_5z,S,avqz,10,N/A,N/A,172,62.00,46.49
g2_projection_5z,S,avtz,4,N/A,N/A,53,39.60,34.20
g2_projection_5z,S,pvdz,3,N/A,N/A,23,22.92,22.49
g2_projection_5z,S2,avdz,56,N/A,N/A,187,169.80,38.28
g2_projection_5z,S2,avqz,158,N/A,N/A,2911,954.00,343.05
g2_projection_5z,S2,avtz,62,N/A,N/A,419,229.00,74.84
g2_projection_5z,S2,pvdz,61,N/A,N/A,98,96.69,75.02
g2_projection_5z,Si,avdz,7,N/A,N/A,42,41.20,29.70
g2_projection_5z,Si,avqz,10,N/A,N/A,162,79.00,41.50
g2_projection_5z,Si,avtz,6,N/A,N/A,42,33.28,29.18
g2_projection_5z,Si,pvdz,4,N/A,N/A,24,23.94,22.52
g2_projection_5z,Si2,avdz,74,N/A,N/A,115,104.30,35.04
g2_projection_5z,Si2,avqz,166,N/A,N/A,2757,897.00,231.51
g2_projection_5z,Si2,avtz,63,N/A,N/A,416,226.00,56.85
g2_projection_5z,Si2,pvdz,44,N/A,N/A,108,106.69,40.36
g2_projection_5z,Si2H6,avdz,2496,N/A,N/A,1436,1310.00,44.01
g2_projection_5z,Si2H6,avqz,12825,N/A,N/A,46813,20773.00,2387.42
g2_projection_5z,Si2H6,avtz,3727,N/A,N/A,5452,3483.00,N/A
g2_projection_5z,Si2H6,pvdz,2479,N/A,N/A,631,623.91,25.57
g2_projection_5z,SiH2,avdz,61,N/A,N/A,103,100.18,18.01
g2_projection_5z,SiH2,avqz,230,N/A,N/A,1351,746.00,74.83
g2_projection_5z,SiH2,avtz,73,N/A,N/A,210,162.00,22.96
g2_projection_5z,SiH2,pvdz,46,N/A,N/A,71,70.78,18.30
g2_projection_5z,SiH2_triplet,avdz,57,N/A,N/A,115,103.70,32.53
g2_projection_5z,SiH2_triplet,avqz,222,N/A,N/A,4525,1605.00,215.83
g2_projection_5z,SiH2_triplet,avtz,101,N/A,N/A,384,185.00,85.34
g2_projection_5z,SiH2_triplet,pvdz,46,N/A,N/A,68,67.17,61.67
g2_projection_5z,SiH3,avdz,150,N/A,N/A,190,163.40,35.86
g2_projection_5z,SiH3,avqz,611,N/A,N/A,9054,2394.00,417.59
g2_projection_5z,SiH3,avtz,189,N/A,N/A,1083,526.00,94.40
g2_projection_5z,SiH3,pvdz,158,N/A,N/A,96,94.25,64.86
g2_projection_5z,SiH4,avdz,306,N/A,N/A,258,244.80,19.27
g2_projection_5z,SiH4,avqz,1390,N/A,N/A,12113,8708.00,191.87
g2_projection_5z,SiH4,avtz,588,N/A,N/A,841,586.00,56.87
g2_projection_5z,SiH4,pvdz,330,N/A,N/A,141,140.14,33.06
g2_projection_5z,SiO,avdz,55,N/A,N/A,150,145.71,18.16
g2_projection_5z,SiO,avqz,167,N/A,N/A,1071,628.00,156.18
g2_projection_5z,SiO,avtz,62,N/A,N/A,245,199.30,30.04
g2_projection_5z,SiO,pvdz,43,N/A,N/A,92,91.67,22.50
g2_projection_5z,old_Si2,avdz,N/A,N/A,N/A,N/A,N/A,N/A
g2_projection_5z,old_Si2,avqz,N/A,N/A,N/A,N/A,N/A,N/A
g2_projection_5z,old_Si2,avtz,N/A,N/A,N/A,N/A,N/A,N/A
g2_projection_5z,old_Si2,pvdz,N/A,N/A,N/A,N/A,N/A,N/A
g2_qz_jastrow,Be,avdz,6,N/A,1.24,30,29.70,12.61
g2_qz_jastrow,Be,avqz,11,17.89,1.24,82,55.90,16.39
g2_qz_jastrow,Be,avtz,5,N/A,1.24,53,47.56,12.13
g2_qz_jastrow,BeH,avdz,2,N/A,2.04,78,74.11,24.14
g2_qz_jastrow,BeH,avqz,58,27.58,2.04,1038,509.00,54.32
g2_qz_jastrow,BeH,avtz,10,N/A,2.04,224,132.00,25.32
g2_qz_jastrow,C,avdz,1,N/A,4.19,33,32.11,22.82
g2_qz_jastrow,C,avqz,8,16.36,4.19,180,103.00,27.61
g2_qz_jastrow,C,avtz,4,N/A,4.19,64,48.10,24.49
g2_qz_jastrow,C2H2,avdz,5,N/A,58.89,351,331.70,16.70
g2_qz_jastrow,C2H2,avqz,654,59.91,58.89,5339,2696.00,103.00
g2_qz_jastrow,C2H2,avtz,92,N/A,58.89,1361,887.00,54.72
g2_qz_jastrow,C2H4,avdz,13,N/A,79.40,659,607.10,22.33
g2_qz_jastrow,C2H4,avqz,3684,77.59,79.40,22257,11517.00,274.90
g2_qz_jastrow,C2H4,avtz,332,N/A,79.40,3579,2124.00,111.98
g2_qz_jastrow,C2H6,avdz,41,N/A,107.16,2227,2057.00,34.70
g2_qz_jastrow,C2H6,avqz,11313,94.57,107.16,54233,29933.00,1233.09
g2_qz_jastrow,C2H6,avtz,1364,N/A,107.16,10000,6340.00,309.26
g2_qz_jastrow,CH,avdz,1,N/A,10.98,75,70.03,23.90
g2_qz_jastrow,CH,avqz,61,30.05,10.98,1030,318.00,72.78
g2_qz_jastrow,CH,avtz,8,N/A,10.98,217,98.00,27.13
g2_qz_jastrow,CH2,avdz,2,N/A,15.48,158,138.80,25.69
g2_qz_jastrow,CH2,avqz,219,42.64,15.48,4426,1508.00,115.87
g2_qz_jastrow,CH2,avtz,23,N/A,15.48,628,251.00,39.18
g2_qz_jastrow,CH2O,avdz,5,N/A,146.92,350,320.20,17.54
g2_qz_jastrow,CH2O,avqz,999,84.28,146.92,5605,2869.00,141.47
g2_qz_jastrow,CH2O,avtz,102,N/A,146.92,1337,855.00,66.20
g2_qz_jastrow,CH2_singlet,avdz,2,N/A,14.66,96,92.69,14.17
g2_qz_jastrow,CH2_singlet,avqz,218,33.60,14.66,1541,867.00,32.92
g2_qz_jastrow,CH2_singlet,avtz,22,N/A,14.66,331,233.00,17.08
g2_qz_jastrow,CH3,avdz,3,N/A,19.87,171,139.70,27.24
g2_qz_jastrow,CH3,avqz,585,40.57,19.87,10769,3449.00,148.58
g2_qz_jastrow,CH3,avtz,53,N/A,19.87,1468,547.00,66.24
g2_qz_jastrow,CH3Cl,avdz,12,N/A,178.91,570,534.50,21.47
g2_qz_jastrow,CH3Cl,avqz,2573,100.20,178.91,17792,12212.00,267.64
g2_qz_jastrow,CH3Cl,avtz,312,N/A,178.91,2616,1712.00,120.76
g2_qz_jastrow,CH4,avdz,6,N/A,27.83,225,204.00,14.34
g2_qz_jastrow,CH4,avqz,2001,49.45,27.83,9319,5359.00,75.50
g2_qz_jastrow,CH4,avtz,169,N/A,27.83,1427,930.00,38.73
g2_qz_jastrow,CH4O,avdz,18,N/A,221.63,677,622.20,25.85
g2_qz_jastrow,CH4O,avqz,4601,116.47,221.63,25660,15940.00,418.59
g2_qz_jastrow,CH4O,avtz,543,N/A,221.63,3913,2413.00,185.22
g2_qz_jastrow,CH4S,avdz,19,N/A,145.16,737,678.80,25.69
g2_qz_jastrow,CH4S,avqz,5989,105.66,145.16,35163,24123.00,424.86
g2_qz_jastrow,CH4S,avtz,533,N/A,145.16,4545,2973.00,179.06
g2_qz_jastrow,CHO,avdz,4,N/A,128.10,267,219.20,31.63
g2_qz_jastrow,CHO,avqz,341,76.22,128.10,7075,1975.00,501.23
g2_qz_jastrow,CHO,avtz,52,N/A,128.10,2291,954.00,153.58
g2_qz_jastrow,CN,avdz,3,N/A,68.72,176,155.50,29.08
g2_qz_jastrow,CN,avqz,117,78.97,68.72,3023,1217.00,136.95
g2_qz_jastrow,CN,avtz,21,N/A,68.72,684,319.00,59.38
g2_qz_jastrow,CNH,avdz,4,N/A,93.56,237,226.20,14.65
g2_qz_jastrow,CNH,avqz,418,72.68,93.56,2607,1392.00,117.34
g2_qz_jastrow,CNH,avtz,47,N/A,93.56,741,517.00,27.14
g2_qz_jastrow,CO,avdz,3,N/A,99.35,154,148.79,14.82
g2_qz_jastrow,CO,avqz,111,54.67,99.35,1031,598.00,41.15
g2_qz_jastrow,CO,avtz,22,N/A,99.35,363,273.00,22.42
g2_qz_jastrow,CO2,avdz,6,N/A,273.00,447,421.90,20.07
g2_qz_jastrow,CO2,avqz,666,97.38,273.00,6226,4089.00,306.43
g2_qz_jastrow,CO2,avtz,95,N/A,273.00,1365,930.00,110.69
g2_qz_jastrow,CS,avdz,2,N/A,61.97,183,177.66,13.58
g2_qz_jastrow,CS,avqz,109,56.09,61.97,1074,625.00,48.28
g2_qz_jastrow,CS,avtz,30,N/A,61.97,426,335.00,22.83
g2_qz_jastrow,Cl,avdz,1,N/A,12.91,47,39.10,24.56
g2_qz_jastrow,Cl,avqz,9,32.68,12.91,169,59.00,31.24
g2_qz_jastrow,Cl,avtz,4,N/A,12.91,75,51.70,28.46
g2_qz_jastrow,Cl2,avdz,2,N/A,85.60,180,174.73,15.86
g2_qz_jastrow,Cl2,avqz,95,60.96,85.60,1570,1049.00,70.80
g2_qz_jastrow,Cl2,avtz,21,N/A,85.60,426,323.00,30.17
g2_qz_jastrow,F,avdz,1,N/A,31.01,33,31.78,24.05
g2_qz_jastrow,F,avqz,8,24.14,31.01,160,52.00,29.81
g2_qz_jastrow,F,avtz,4,N/A,31.01,66,44.40,26.68
g2_qz_jastrow,F2,avdz,2,N/A,180.12,144,138.94,15.82
g2_qz_jastrow,F2,avqz,89,57.17,180.12,986,559.00,73.01
g2_qz_jastrow,F2,avtz,22,N/A,180.12,377,286.00,30.78
g2_qz_jastrow,FCl,avdz,2,N/A,188.54,161,155.66,15.45
g2_qz_jastrow,FCl,avqz,111,71.52,188.54,1080,637.00,69.76
g2_qz_jastrow,FCl,avtz,20,N/A,188.54,676,532.00,29.84
g2_qz_jastrow,H,avdz,1,N/A,N/A,N/A,N/A,N/A
g2_qz_jastrow,H,avqz,7,N/A,N/A,N/A,N/A,N/A
g2_qz_jastrow,H,avtz,6,N/A,N/A,N/A,N/A,N/A
g2_qz_jastrow,H2O,avdz,2,N/A,56.05,112,108.58,14.26
g2_qz_jastrow,H2O,avqz,213,45.01,56.05,1304,709.00,36.95
g2_qz_jastrow,H2O,avtz,22,N/A,56.05,315,225.00,23.98
g2_qz_jastrow,H2O2,avdz,7,N/A,190.77,347,327.30,20.44
g2_qz_jastrow,H2O2,avqz,1280,78.54,190.77,6473,3726.00,219.50
g2_qz_jastrow,H2O2,avtz,178,N/A,190.77,1447,975.00,110.09
g2_qz_jastrow,H2S,avdz,2,N/A,26.31,120,116.44,13.40
g2_qz_jastrow,H2S,avqz,150,47.28,26.31,1373,767.00,38.65
g2_qz_jastrow,H2S,avtz,23,N/A,26.31,370,274.00,17.58
g2_qz_jastrow,HCl,avdz,1,N/A,30.08,68,66.69,13.59
g2_qz_jastrow,HCl,avqz,40,48.53,30.08,427,254.00,39.55
g2_qz_jastrow,HCl,avtz,8,N/A,30.08,151,120.00,15.31
g2_qz_jastrow,HF,avdz,2,N/A,75.26,57,55.79,13.17
g2_qz_jastrow,HF,avqz,49,42.90,75.26,408,237.00,26.05
g2_qz_jastrow,HF,avtz,9,N/A,75.26,128,98.10,23.10
g2_qz_jastrow,HO,avdz,2,N/A,37.49,65,60.10,25.34
g2_qz_jastrow,HO,avqz,60,44.77,37.49,1008,317.00,65.12
g2_qz_jastrow,HO,avtz,9,N/A,37.49,223,103.00,31.08
g2_qz_jastrow,HOCl,avdz,4,N/A,226.20,271,260.00,17.33
g2_qz_jastrow,HOCl,avqz,300,90.44,226.20,2719,1470.00,134.61
g2_qz_jastrow,HOCl,avtz,49,N/A,226.20,803,574.00,46.10
g2_qz_jastrow,Li,avdz,5,N/A,0.59,N/A,N/A,N/A
g2_qz_jastrow,Li,avqz,11,5.57,0.59,58,57.79,30.11
g2_qz_jastrow,Li,avtz,4,N/A,0.59,N/A,N/A,N/A
g2_qz_jastrow,Li2,avdz,4,N/A,34.33,84,81.44,12.90
g2_qz_jastrow,Li2,avqz,95,138.04,34.33,690,305.00,30.61
g2_qz_jastrow,Li2,avtz,15,N/A,34.33,155,112.00,16.20
g2_qz_jastrow,LiF,avdz,4,N/A,166.80,219,213.83,16.77
g2_qz_jastrow,LiF,avqz,116,60.35,166.80,1059,639.00,130.31
g2_qz_jastrow,LiF,avtz,16,N/A,166.80,431,344.00,30.57
g2_qz_jastrow,LiH,avdz,5,N/A,1.66,75,73.72,12.52
g2_qz_jastrow,LiH,avqz,57,28.13,1.66,283,120.00,38.78
g2_qz_jastrow,LiH,avtz,7,N/A,1.66,119,89.80,16.04
g2_qz_jastrow,N,avdz,2,N/A,8.79,37,35.85,23.87
g2_qz_jastrow,N,avqz,11,20.25,8.79,174,96.00,27.70
g2_qz_jastrow,N,avtz,5,N/A,8.79,77,51.80,24.53
g2_qz_jastrow,N2,avdz,2,N/A,67.68,156,148.80,14.19
g2_qz_jastrow,N2,avqz,127,45.19,67.68,1027,594.00,47.16
g2_qz_jastrow,N2,avtz,18,N/A,67.68,385,297.00,23.57
g2_qz_jastrow,N2H4,avdz,19,N/A,160.48,685,628.60,25.68
g2_qz_jastrow,N2H4,avqz,5943,91.85,160.48,24569,14909.00,408.86
g2_qz_jastrow,N2H4,avtz,544,N/A,160.48,4125,2588.00,194.80
g2_qz_jastrow,NH,avdz,1,N/A,19.88,63,58.02,24.14
g2_qz_jastrow,NH,avqz,58,43.99,19.88,1108,429.00,51.22
g2_qz_jastrow,NH,avtz,9,N/A,19.88,224,101.00,30.47
g2_qz_jastrow,NH2,avdz,2,N/A,28.92,111,97.40,26.72
g2_qz_jastrow,NH2,avqz,218,40.42,28.92,3526,1077.00,94.73
g2_qz_jastrow,NH2,avtz,24,N/A,28.92,638,257.00,40.39
g2_qz_jastrow,NH3,avdz,3,N/A,41.53,155,144.10,13.93
g2_qz_jastrow,NH3,avqz,951,47.63,41.53,3687,2052.00,60.94
g2_qz_jastrow,NH3,avtz,84,N/A,41.53,734,501.00,27.86
g2_qz_jastrow,NO,avdz,2,N/A,127.44,165,143.90,30.34
g2_qz_jastrow,NO,avqz,125,58.67,127.44,3182,1200.00,147.00
g2_qz_jastrow,NO,avtz,26,N/A,127.44,683,304.00,66.39
g2_qz_jastrow,Na,avdz,6,N/A,92.64,48,42.67,25.45
g2_qz_jastrow,Na,avqz,63,50.90,92.64,934,329.00,78.43
g2_qz_jastrow,Na,avtz,7,N/A,92.64,199,85.00,39.27
g2_qz_jastrow,Na2,avdz,6,N/A,420.34,209,194.80,27.17
g2_qz_jastrow,Na2,avqz,783,131.00,420.34,8089,5679.00,554.81
g2_qz_jastrow,Na2,avtz,96,N/A,420.34,1128,761.00,189.13
g2_qz_jastrow,NaCl,avdz,8,N/A,291.05,198,184.40,20.19
g2_qz_jastrow,NaCl,avqz,342,121.62,291.05,3177,1721.00,163.67
g2_qz_jastrow,NaCl,avtz,37,N/A,291.05,747,498.00,89.80
g2_qz_jastrow,O,avdz,2,N/A,16.27,33,31.83,23.52
g2_qz_jastrow,O,avqz,9,25.80,16.27,152,51.00,30.97
g2_qz_jastrow,O,avtz,4,N/A,16.27,72,42.70,26.89
g2_qz_jastrow,O2,avdz,12,N/A,178.15,90,79.80,26.75
g2_qz_jastrow,O2,avqz,318,37.99,178.15,4487,991.00,185.50
g2_qz_jastrow,O2,avtz,41,N/A,178.15,376,199.00,45.41
g2_qz_jastrow,O2S,avdz,7,N/A,394.28,515,484.00,23.18
g2_qz_jastrow,O2S,avqz,589,112.47,394.28,4943,2658.00,465.50
g2_qz_jastrow,O2S,avtz,99,N/A,394.28,2548,1872.00,155.73
g2_qz_jastrow,OCl,avdz,3,N/A,175.40,201,170.40,33.10
g2_qz_jastrow,OCl,avqz,123,71.72,175.40,2703,887.00,219.72
g2_qz_jastrow,OCl,avtz,28,N/A,175.40,715,343.00,86.47
g2_qz_jastrow,OS,avdz,3,N/A,148.26,192,170.80,30.85
g2_qz_jastrow,OS,avqz,148,65.30,148.26,2721,889.00,183.01
g2_qz_jastrow,OS,avtz,25,N/A,148.26,723,343.00,76.52
g2_qz_jastrow,P,avdz,1,N/A,5.17,42,40.93,23.17
g2_qz_jastrow,P,avqz,11,21.42,5.17,207,125.00,29.57
g2_qz_jastrow,P,avtz,4,N/A,5.17,79,61.40,25.77
g2_qz_jastrow,P2,avdz,2,N/A,29.06,212,206.72,15.35
g2_qz_jastrow,P2,avqz,134,49.49,29.06,1089,647.00,50.46
g2_qz_jastrow,P2,avtz,19,N/A,29.06,456,363.00,21.96
g2_qz_jastrow,PH2,avdz,2,N/A,15.60,136,120.80,24.94
g2_qz_jastrow,PH2,avqz,184,40.69,15.60,3597,1078.00,89.63
g2_qz_jastrow,PH2,avtz,23,N/A,15.60,679,291.00,39.84
g2_qz_jastrow,PH3,avdz,4,N/A,20.27,207,198.95,13.56
g2_qz_jastrow,PH3,avqz,676,48.59,20.27,3800,2137.00,60.63
g2_qz_jastrow,PH3,avtz,85,N/A,20.27,799,562.00,22.63
g2_qz_jastrow,S,avdz,1,N/A,9.24,42,40.70,24.28
g2_qz_jastrow,S,avqz,9,23.45,9.24,169,58.00,31.07
g2_qz_jastrow,S,avtz,3,N/A,9.24,82,58.30,25.64
g2_qz_jastrow,S2,avdz,2,N/A,45.79,211,189.10,31.45
g2_qz_jastrow,S2,avqz,137,54.78,45.79,3323,1255.00,172.41
g2_qz_jastrow,S2,avtz,21,N/A,45.79,756,386.00,71.14
g2_qz_jastrow,Si,avdz,1,N/A,2.65,41,40.00,23.15
g2_qz_jastrow,Si,avqz,8,23.11,2.65,202,119.00,29.45
g2_qz_jastrow,Si,avtz,4,N/A,2.65,75,57.70,24.64
g2_qz_jastrow,Si2,avdz,11,N/A,20.14,221,200.10,27.24
g2_qz_jastrow,Si2,avqz,413,38.15,20.14,4013,1040.00,186.04
g2_qz_jastrow,Si2,avtz,52,N/A,20.14,743,367.00,49.65
g2_qz_jastrow,Si2H6,avdz,39,N/A,65.37,1456,1328.00,34.93
g2_qz_jastrow,Si2H6,avqz,16282,107.21,65.37,72580,43180.00,825.99
g2_qz_jastrow,Si2H6,avtz,1355,N/A,65.37,10354,6454.00,316.55
g2_qz_jastrow,SiH2,avdz,4,N/A,8.58,119,115.46,12.91
g2_qz_jastrow,SiH2,avqz,223,44.30,8.58,1327,717.00,49.43
g2_qz_jastrow,SiH2,avtz,27,N/A,8.58,370,274.00,17.58
g2_qz_jastrow,SiH2_triplet,avdz,4,N/A,8.84,205,184.80,24.94
g2_qz_jastrow,SiH2_triplet,avqz,219,37.91,8.84,4201,1435.00,84.16
g2_qz_jastrow,SiH2_triplet,avtz,25,N/A,8.84,1068,478.00,37.88
g2_qz_jastrow,SiH3,avdz,4,N/A,13.86,225,191.70,27.20
g2_qz_jastrow,SiH3,avqz,959,53.23,13.86,9375,2775.00,235.98
g2_qz_jastrow,SiH3,avtz,86,N/A,13.86,1569,607.00,69.07
g2_qz_jastrow,SiH4,avdz,6,N/A,19.13,303,286.70,15.15
g2_qz_jastrow,SiH4,avqz,2025,50.92,19.13,11637,8200.00,84.60
g2_qz_jastrow,SiH4,avtz,175,N/A,19.13,1440,940.00,37.75
g2_qz_jastrow,SiO,avdz,2,N/A,104.21,193,187.77,14.44
g2_qz_jastrow,SiO,avqz,110,60.10,104.21,1058,621.00,44.96
g2_qz_jastrow,SiO,avtz,20,N/A,104.21,412,320.00,22.05
g2_stable_hf,C2H2,avdz,9,N/A,N/A,N/A,N/A,N/A
g2_stable_hf,C2H2,avqz,1178,N/A,N/A,N/A,N/A,N/A
g2_stable_hf,C2H2,avtz,104,N/A,N/A,N/A,N/A,N/A
g2_stable_hf,FCl,avdz,9,N/A,N/A,N/A,N/A,N/A
g2_stable_hf,FCl,avqz,182,N/A,N/A,N/A,N/A,N/A
g2_stable_hf,FCl,avtz,27,N/A,N/A,N/A,N/A,N/A
g2_stable_hf,H2O2,avdz,13,N/A,N/A,N/A,N/A,N/A
g2_stable_hf,H2O2,avqz,2038,N/A,N/A,N/A,N/A,N/A
g2_stable_hf,H2O2,avtz,180,N/A,N/A,N/A,N/A,N/A
g2_stable_hf,HOCl,avdz,8,N/A,N/A,N/A,N/A,N/A
g2_stable_hf,HOCl,avqz,545,N/A,N/A,N/A,N/A,N/A
g2_stable_hf,HOCl,avtz,59,N/A,N/A,N/A,N/A,N/A
g2_stable_hf,NaCl,avdz,13,N/A,N/A,N/A,N/A,N/A
g2_stable_hf,NaCl,avqz,573,N/A,N/A,N/A,N/A,N/A
g2_stable_hf,O2,avdz,12,36.62,154.16,163,141.60,29.14
g2_stable_hf,O2,avqz,318,37.99,178.15,4487,991.00,185.50
g2_stable_hf,O2,avtz,41,45.75,164.45,705,349.00,47.09
g2_stable_hf,P2,avdz,9,N/A,N/A,N/A,N/A,N/A
g2_stable_hf,P2,avqz,175,N/A,N/A,N/A,N/A,N/A
g2_stable_hf,P2,avtz,24,N/A,N/A,N/A,N/A,N/A
g2_stable_hf,Si2,avdz,11,29.09,16.35,175,158.40,27.88
g2_stable_hf,Si2,avqz,413,38.15,20.14,4013,1040.00,186.04
g2_stable_hf,Si2,avtz,52,32.08,17.13,614,316.00,50.99
g2_standard,Al,avdz,6,12.13,3.25,47,47,14.08
g2_standard,Al,avtz,4,12.84,4.56,56,56,15.17
g2_standard,AlCl3,avdz,20,144.08,523.10,1248,1248,45.90
g2_standard,AlCl3,avtz,321,171.62,601.70,5272,5272,886.49
g2_standard,AlF3,avdz,20,167.02,2200.93,1359,1359,98.24
g2_standard,AlF3,avtz,326,219.59,1471.58,8492,8492,884.53
g2_standard,B,avdz,6,19.17,5.06,38,38,14.04
g2_standard,B,avtz,4,12.96,5.05,43,43,15.25
g2_standard,BCl3,avdz,20,137.98,453.06,1211,1211,49.41
g2_standard,BCl3,avtz,317,162.62,500.80,5072,5072,398.95
g2_standard,BF3,avdz,20,154.52,1004.10,1020,1020,40.16
g2_standard,BF3,avtz,316,166.34,1087.75,4705,4705,380.09
g2_standard,Be,avdz,6,17.07,2.85,33,33,2.01
g2_standard,Be,avqz,11,17.89,1.24,82,55.90,16.39
g2_standard,Be,avtz,5,9.80,2.48,21,21,2.01
g2_standard,BeH,avdz,2,18.62,7.92,116,116,13.85
g2_standard,BeH,avqz,58,27.58,2.04,1038,509.00,54.32
g2_standard,BeH,avtz,10,17.71,5.34,243,243,29.04
g2_standard,C,avdz,1,22.02,9.40,36,36,13.87
g2_standard,C,avqz,8,16.36,4.19,180,103.00,27.61
g2_standard,C,avtz,4,14.46,9.36,41,41,15.78
g2_standard,C2Cl4,avdz,90,256.08,1487.64,4098,4098,665.04
g2_standard,C2Cl4,avtz,1617,314.27,1444.14,20068,20068,2848.50
g2_standard,C2F4,avdz,89,250.45,2476.96,3601,3601,665.98
g2_standard,C2F4,avtz,1633,310.22,2775.00,18948,18948,2944.74
g2_standard,C2H,avdz,4,41.89,97.60,275,275,26.47
g2_standard,C2H,avtz,55,48.57,92.36,2418,2418,107.47
g2_standard,C2H2,avdz,5,47.49,116.89,379,379,6.65
g2_standard,C2H2,avqz,654,59.91,58.89,5339,2696.00,103.00
g2_standard,C2H2,avtz,92,55.26,111.39,1440,1440,42.11
g2_standard,C2H2O,avdz,17,89.34,475.71,862,862,19.94
g2_standard,C2H2O,avtz,328,106.75,471.61,4624,4624,188.03
g2_standard,C2H2O2,avdz,37,135.69,924.08,1885,1885,74.51
g2_standard,C2H2O2,avtz,816,165.91,1188.84,11220,11220,674.38
g2_standard,C2H3,avdz,9,60.72,117.57,687,687,40.93
g2_standard,C2H3,avtz,184,63.04,114.40,5523,5523,253.14
g2_standard,C2H3Cl,avdz,23,107.92,384.00,1216,1216,30.71
g2_standard,C2H3Cl,avtz,494,135.50,399.50,7532,7532,328.27
g2_standard,C2H3F,avdz,23,105.59,646.69,1132,1132,32.21
g2_standard,C2H3F,avtz,505,131.43,605.33,7271,7271,338.80
g2_standard,C2H3O,avdz,33,97.67,506.74,1553,1553,122.10
g2_standard,C2H3O,avtz,873,117.74,509.86,15841,15841,1194.44
g2_standard,C2H3OCl,avdz,74,173.53,1347.86,2621,2621,101.51
g2_standard,C2H3OCl,avtz,1926,200.16,1108.46,17285,17285,1037.54
g2_standard,C2H3OF,avdz,75,163.02,1362.04,2452,2452,106.97
g2_standard,C2H3OF,avtz,1942,200.70,1414.05,17056,17056,1015.18
g2_standard,C2H4,avdz,13,58.20,136.52,728,728,10.07
g2_standard,C2H4,avqz,3684,77.59,79.40,22257,11517.00,274.90
g2_standard,C2H4,avtz,332,70.69,136.19,4465,4465,91.49
g2_standard,C2H4O,avdz,48,107.43,548.97,1613,1613,41.94
g2_standard,C2H4O,avtz,1335,132.84,546.86,18183,18183,403.80
g2_standard,C2H4O2,avdz,99,157.13,1260.98,2977,2977,191.72
g2_standard,C2H4O2,avtz,2752,195.73,1100.71,21881,21881,1136.53
g2_standard,C2H4O2_methyl_formate,avdz,100,156.43,1044.25,2976,2976,196.80
g2_standard,C2H4O2_methyl_formate,avtz,2729,194.89,1122.52,26560,26560,1157.55
g2_standard,C2H4O_oxirane,avdz,48,106.62,537.67,1615,1615,39.57
g2_standard,C2H4O_oxirane,avtz,1349,131.96,548.95,11844,11844,399.39
g2_standard,C2H4S,avdz,50,112.33,379.23,1720,1720,41.47
g2_standard,C2H4S,avtz,1330,184.16,374.82,12402,12402,386.76
g2_standard,C2H5,avdz,29,72.46,147.23,1271,1271,69.31
g2_standard,C2H5,avtz,899,79.82,149.67,13486,13486,784.41
g2_standard,C2H5Cl,avdz,64,128.51,583.68,2259,2259,63.41
g2_standard,C2H5Cl,avtz,1939,155.92,457.10,17324,17324,655.90
g2_standard,C2H5O,avdz,67,121.02,625.47,2886,2886,363.72
g2_standard,C2H5O,avtz,1988,142.68,684.61,29477,29477,2919.00
g2_standard,C2H6,avdz,41,69.65,169.64,1363,1363,22.46
g2_standard,C2H6,avqz,11313,94.57,107.16,54233,29933.00,1233.09
g2_standard,C2H6,avtz,1364,89.39,172.52,11935,11935,236.68
g2_standard,C2H6O,avdz,89,122.91,600.38,2607,2607,132.56
g2_standard,C2H6O,avtz,2813,156.42,636.03,15198,15198,1217.48
g2_standard,C2H6OS,avdz,171,200.70,1228.01,4731,4731,405.18
g2_standard,C2H6OS,avtz,5315,247.88,1281.22,39308,39308,2195.85
g2_standard,C2H6O_dimethyl_ether,avdz,89,123.86,603.59,2591,2591,137.13
g2_standard,C2H6O_dimethyl_ether,avtz,2871,157.39,631.59,20591,20591,815.67
g2_standard,C2H6S,avdz,91,130.01,441.65,2805,2805,123.42
g2_standard,C2H6S,avtz,2788,188.16,437.35,21575,21575,801.69
g2_standard,C2H6S_dimethyl_thioether,avdz,91,133.28,418.07,2776,2776,126.68
g2_standard,C2H6S_dimethyl_thioether,avtz,2828,162.63,438.97,21424,21424,809.08
g2_standard,C2N2,avdz,17,100.08,455.74,1029,1029,33.92
g2_standard,C2N2,avtz,279,117.43,458.88,4706,4706,233.39
g2_standard,C2NF3,avdz,135,247.28,2475.08,3696,3696,542.18
g2_standard,C2NF3,avtz,2704,308.42,2716.61,21688,21688,2625.22
g2_standard,C2NH3,avdz,33,92.39,415.12,1214,1214,22.85
g2_standard,C2NH3,avtz,870,113.42,404.87,8057,8057,245.51
g2_standard,C2NH5,avdz,65,111.51,452.11,2281,2281,50.49
g2_standard,C2NH5,avtz,1916,139.72,599.76,16806,16806,506.68
g2_standard,C2NH5O,avdz,127,172.18,1190.42,3774,3774,282.01
g2_standard,C2NH5O,avtz,3749,215.44,1494.80,28793,28793,1459.00
g2_standard,C2NH7,avdz,116,132.34,526.08,3254,3254,164.73
g2_standard,C2NH7,avtz,3876,163.23,552.50,28334,28334,924.79
g2_standard,C2NH7_ethyl_amine,avdz,118,129.10,529.11,3158,3158,178.05
g2_standard,C2NH7_ethyl_amine,avtz,3921,164.04,554.46,28604,28604,929.00
g2_standard,C3H4,avdz,48,87.10,265.64,1657,1657,29.45
g2_standard,C3H4,avtz,1364,109.30,272.81,11821,11821,306.29
g2_standard,C3H4_cyclopropene,avdz,48,85.88,264.41,1640,1640,30.82
g2_standard,C3H4_cyclopropene,avtz,1319,144.39,271.78,11388,11388,304.66
g2_standard,C3H4_propyne,avdz,47,86.81,316.75,1648,1648,33.16
g2_standard,C3H4_propyne,avtz,1319,106.16,265.38,12077,12077,316.04
g2_standard,C3H6,avdz,90,102.30,309.52,2561,2561,105.22
g2_standard,C3H6,avtz,2788,134.72,327.67,20546,20546,535.31
g2_standard,C3H6O,avdz,178,163.37,894.47,4683,4683,262.99
g2_standard,C3H6O,avtz,5274,208.69,996.57,37742,37742,1579.79
g2_standard,C3H6_cyclopropane,avdz,91,101.89,306.63,2601,2601,101.02
g2_standard,C3H6_cyclopropane,avtz,2821,131.17,328.49,20672,20672,549.27
g2_standard,C3H7,avdz,122,120.35,318.50,4758,4758,591.49
g2_standard,C3H7,avtz,3993,142.72,343.97,25230,25230,N/A
g2_standard,C3H7Cl,avdz,217,186.78,760.18,5698,5698,383.57
g2_standard,C3H7Cl,avtz,6885,236.36,814.23,36998,36998,3044.90
g2_standard,C3H8,avdz,155,120.16,370.69,4139,4139,445.05
g2_standard,C3H8,avtz,5378,155.70,393.35,37717,37717,1115.52
g2_standard,C3H8O,avdz,267,223.95,990.77,6787,6787,530.34
g2_standard,C3H8O,avtz,8697,242.24,1127.53,50019,50019,4774.84
g2_standard,C3H8O_isopropyl_alcohol,avdz,264,194.86,989.30,6790,6790,517.16
g2_standard,C3H8O_isopropyl_alcohol,avtz,8594,242.65,1408.19,49801,49801,4483.04
g2_standard,C3NH3,avdz,50,129.73,620.84,2464,2464,80.99
g2_standard,C3NH3,avtz,1139,158.71,627.69,15378,15378,647.41
g2_standard,C3NH9,avdz,349,205.12,1081.94,8689,8689,498.60
g2_standard,C3NH9,avtz,11638,256.14,974.38,63451,63451,4754.15
g2_standard,C4H10,avdz,422,182.07,672.32,10672,10672,660.92
g2_standard,C4H10,avtz,14675,244.79,756.64,84256,84256,6283.52
g2_standard,C4H10_isobutane,avdz,423,184.50,766.92,10691,10691,674.38
g2_standard,C4H10_isobutane,avtz,14421,247.55,756.46,N/A,N/A,N/A
g2_standard,C4H4O,avdz,134,198.12,1261.34,4994,4994,390.51
g2_standard,C4H4O,avtz,3167,242.67,1203.25,33868,33868,2014.03
g2_standard,C4H4S,avdz,130,198.14,885.29,5191,5191,438.57
g2_standard,C4H4S,avtz,3197,251.34,947.62,34956,34956,2006.37
g2_standard,C4H6,avdz,175,143.23,516.19,4520,4520,239.76
g2_standard,C4H6,avtz,5290,189.96,567.50,37687,37687,1360.32
g2_standard,C4H6_1_3_butadiene,avdz,115,142.59,502.10,4469,4469,247.44
g2_standard,C4H6_1_3_butadiene,avtz,3208,179.80,540.83,33901,33901,1356.63
g2_standard,C4H6_2_butyne,avdz,175,144.46,633.89,4722,4722,240.30
g2_standard,C4H6_2_butyne,avtz,5425,180.07,537.69,38757,38757,1352.02
g2_standard,C4H6_bicyclo_1_1_0_butane,avdz,173,143.32,515.08,4571,4571,243.47
g2_standard,C4H6_bicyclo_1_1_0_butane,avtz,5407,190.64,568.54,37671,37671,1367.41
g2_standard,C4H6_methylene_cyclopropane,avdz,180,144.17,509.33,4608,4608,274.11
g2_standard,C4H6_methylene_cyclopropane,avtz,5424,185.51,552.61,37907,37907,1349.87
g2_standard,C4H8,avdz,282,161.14,591.10,6851,6851,389.55
g2_standard,C4H8,avtz,9104,211.03,641.09,N/A,N/A,N/A
g2_standard,C4H8_isobutene,avdz,277,162.59,579.23,6743,6743,375.01
g2_standard,C4H8_isobutene,avtz,9181,217.20,637.76,47861,47861,3589.04
g2_standard,C4H9,avdz,357,176.21,605.21,12781,12781,2055.66
g2_standard,C4H9,avtz,11865,226.64,693.85,N/A,N/A,N/A
g2_standard,C4NH5,avdz,168,203.29,1007.97,6131,6131,424.51
g2_standard,C4NH5,avtz,4188,254.33,1094.84,39529,39529,3764.61
g2_standard,C5H8,avdz,462,214.12,885.90,15613,15613,725.22
g2_standard,C5H8,avtz,14538,284.08,1011.57,N/A,N/A,N/A
g2_standard,C5NH5,avdz,276,249.97,1394.56,10284,10284,972.26
g2_standard,C5NH5,avtz,7432,322.41,1536.70,53220,53220,6452.41
g2_standard,C6H6,avdz,342,244.26,1104.80,12173,12173,1068.07
g2_standard,C6H6,avtz,8885,319.01,1255.70,68598,68598,8704.37
g2_standard,CCl4,avdz,64,201.60,1097.27,3572,3572,163.46
g2_standard,CCl4,avtz,1237,241.30,1045.58,13727,13727,1666.44
g2_standard,CF4,avdz,63,199.69,1863.37,2147,2147,154.88
g2_standard,CF4,avtz,1240,245.21,2120.92,12403,12403,1584.66
g2_standard,CH,avdz,1,21.89,23.98,91,91,14.57
g2_standard,CH,avqz,61,30.05,10.98,1030,318.00,72.78
g2_standard,CH,avtz,8,23.45,23.24,238,238,31.13
g2_standard,CH2,avdz,2,25.83,34.01,132,132,15.59
g2_standard,CH2,avqz,219,42.64,15.48,4426,1508.00,115.87
g2_standard,CH2,avtz,23,28.69,29.91,666,666,36.93
g2_standard,CH2Cl2,avdz,24,119.36,417.54,1029,1029,31.79
g2_standard,CH2Cl2,avtz,523,138.72,436.74,5357,5357,327.25
g2_standard,CH2F2,avdz,23,115.09,969.20,866,866,26.42
g2_standard,CH2F2,avtz,528,137.81,871.30,5000,5000,288.31
g2_standard,CH2O,avdz,5,63.66,331.28,357,357,7.24
g2_standard,CH2O,avqz,999,84.28,146.92,5605,2869.00,141.47
g2_standard,CH2O,avtz,102,73.51,290.03,1463,1463,53.43
g2_standard,CH2O2,avdz,16,101.58,644.72,857,857,27.31
g2_standard,CH2O2,avtz,307,129.27,665.28,4626,4626,219.05
g2_standard,CH2_singlet,avdz,2,25.57,37.66,124,124,3.02
g2_standard,CH2_singlet,avqz,218,33.60,14.66,1541,867.00,32.92
g2_standard,CH2_singlet,avtz,22,28.00,31.26,380,380,11.76
g2_standard,CH3,avdz,3,29.94,47.37,210,210,17.53
g2_standard,CH3,avqz,585,40.57,19.87,10769,3449.00,148.58
g2_standard,CH3,avtz,53,34.97,41.08,1501,1501,59.69
g2_standard,CH3Cl,avdz,12,77.11,322.39,566,566,13.32
g2_standard,CH3Cl,avqz,2573,100.20,178.91,17792,12212.00,267.64
g2_standard,CH3Cl,avtz,312,90.41,224.33,2833,2833,100.42
g2_standard,CH3O,avdz,12,99.19,310.76,668,668,47.56
g2_standard,CH3O,avtz,302,82.00,306.53,8741,8741,362.64
g2_standard,CH3O_methylene_hydroxide,avdz,11,77.26,310.96,639,639,50.62
g2_standard,CH3O_methylene_hydroxide,avtz,306,82.78,310.72,7374,7374,357.29
g2_standard,CH3S,avdz,13,72.29,180.83,727,727,48.29
g2_standard,CH3S,avtz,317,85.06,179.53,5132,5132,385.49
g2_standard,CH4,avdz,6,34.16,73.30,273,273,4.41
g2_standard,CH4,avqz,2001,49.45,27.83,9319,5359.00,75.50
g2_standard,CH4,avtz,169,40.45,54.12,1593,1593,28.45
g2_standard,CH4O,avdz,18,75.73,335.86,726,726,14.47
g2_standard,CH4O,avqz,4601,116.47,221.63,25660,15940.00,418.59
g2_standard,CH4O,avtz,543,91.39,344.45,4900,4900,142.56
g2_standard,CH4S,avdz,19,79.47,206.61,782,782,14.73
g2_standard,CH4S,avqz,5989,105.66,145.16,35163,24123.00,424.86
g2_standard,CH4S,avtz,533,95.42,207.06,5149,5149,137.09
g2_standard,CHCl3,avdz,41,214.68,688.17,1569,1569,76.57
g2_standard,CHCl3,avtz,855,192.43,735.04,8680,8680,859.69
g2_standard,CHF3,avdz,40,182.32,1418.76,1359,1359,63.81
g2_standard,CHF3,avtz,857,194.90,1541.34,12780,12780,808.45
g2_standard,CHO,avdz,4,57.31,272.95,280,280,24.55
g2_standard,CHO,avqz,341,76.22,128.10,7075,1975.00,501.23
g2_standard,CHO,avtz,52,64.32,266.77,2025,2025,113.68
g2_standard,CN,avdz,3,46.30,129.01,193,171.30,19.71
g2_standard,CN,avqz,117,78.97,68.72,3023,1217.00,136.95
g2_standard,CN,avtz,21,45.69,119.98,690,690,54.55
g2_standard,CNH,avdz,4,53.63,214.78,260,260,5.26
g2_standard,CNH,avqz,418,72.68,93.56,2607,1392.00,117.34
g2_standard,CNH,avtz,47,61.48,197.43,792,792,19.86
g2_standard,CNH3O2,avdz,82,164.40,1501.23,2520,2520,126.14
g2_standard,CNH3O2,avtz,1942,197.68,1421.54,16940,16940,1066.90
g2_standard,CNH3O2_methyl_nitrite,avdz,83,161.13,1363.88,2515,2515,110.77
g2_standard,CNH3O2_methyl_nitrite,avtz,1934,198.76,1416.10,17082,17082,1060.80
g2_standard,CNH5,avdz,28,77.91,278.20,1019,1019,19.35
g2_standard,CNH5,avtz,863,127.84,283.80,7823,7823,204.94
g2_standard,CO,avdz,3,44.17,180.15,162,162,4.14
g2_standard,CO,avqz,111,54.67,99.35,1031,598.00,41.15
g2_standard,CO,avtz,22,49.59,166.84,391,391,15.78
g2_standard,CO2,avdz,6,77.98,427.95,495,495,11.07
g2_standard,CO2,avqz,666,97.38,273.00,6226,4089.00,306.43
g2_standard,CO2,avtz,95,90.29,423.67,1547,1547,78.10
g2_standard,COF2,avdz,19,142.39,1266.46,1014,1014,40.04
g2_standard,COF2,avtz,319,167.80,1299.01,4802,4802,399.22
g2_standard,COS,avdz,7,88.25,457.55,547,547,13.62
g2_standard,COS,avtz,95,100.84,467.83,1627,1627,91.14
g2_standard,CS,avdz,2,61.48,96.28,193,193,4.10
g2_standard,CS,avqz,109,56.09,61.97,1074,625.00,48.28
g2_standard,CS,avtz,30,53.84,95.17,434,434,15.17
g2_standard,CS2,avdz,6,83.05,224.09,561,561,11.55
g2_standard,CS2,avtz,88,97.64,221.50,1716,1716,92.85
g2_standard,Cl,avdz,1,24.30,26.90,50,50,14.63
g2_standard,Cl,avqz,9,32.68,12.91,169,59.00,31.24
g2_standard,Cl,avtz,4,29.54,27.18,55,55,17.66
g2_standard,Cl2,avdz,2,57.44,109.49,202,202,5.18
g2_standard,Cl2,avqz,95,60.96,85.60,1570,1049.00,70.80
g2_standard,Cl2,avtz,21,86.16,114.71,440,440,17.76
g2_standard,F,avdz,1,23.81,53.23,35,35,14.65
g2_standard,F,avqz,8,24.14,31.01,160,52.00,29.81
g2_standard,F,avtz,4,25.25,57.08,43,43,17.21
g2_standard,F2,avdz,2,56.10,248.70,154,154,5.98
g2_standard,F2,avqz,89,57.17,180.12,986,559.00,73.01
g2_standard,F2,avtz,22,61.67,264.29,378,378,17.07
g2_standard,F3Cl,avdz,28,155.53,1276.99,1065,1065,76.14
g2_standard,F3Cl,avtz,280,192.04,1367.55,4929,4929,650.32
g2_standard,FCl,avdz,2,62.70,343.26,176,176,5.48
g2_standard,FCl,avqz,111,71.52,188.54,1080,637.00,69.76
g2_standard,FCl,avtz,20,69.87,272.26,417,417,16.46
g2_standard,H,avdz,1,N/A,N/A,N/A,N/A,N/A
g2_standard,H,avqz,7,N/A,N/A,N/A,N/A,N/A
g2_standard,H,avtz,6,N/A,N/A,N/A,N/A,N/A
g2_standard,H2,avdz,2,6.40,2.31,9,9,1.98
g2_standard,H2,avtz,8,7.35,4.21,17,17,3.53
g2_standard,H2O,avdz,2,34.19,110.27,102,102,3.03
g2_standard,H2O,avqz,213,45.01,56.05,1304,709.00,36.95
g2_standard,H2O,avtz,22,38.89,110.96,351,351,13.30
g2_standard,H2O2,avdz,7,63.66,303.08,502,502,10.31
g2_standard,H2O2,avqz,1280,78.54,190.77,6473,3726.00,219.50
g2_standard,H2O2,avtz,178,76.47,321.31,1618,1618,70.08
g2_standard,H2S,avdz,2,36.41,48.91,131,131,3.03
g2_standard,H2S,avqz,150,47.28,26.31,1373,767.00,38.65
g2_standard,H2S,avtz,23,41.95,49.24,376,376,11.06
g2_standard,HCl,avdz,1,36.10,59.67,77,77,2.91
g2_standard,HCl,avqz,40,48.53,30.08,427,254.00,39.55
g2_standard,HCl,avtz,8,51.85,58.86,158,158,9.94
g2_standard,HF,avdz,2,34.57,148.07,61,61,2.73
g2_standard,HF,avqz,49,42.90,75.26,408,237.00,26.05
g2_standard,HF,avtz,9,37.56,131.95,150,150,10.06
g2_standard,HO,avdz,2,29.88,82.70,90,90,15.72
g2_standard,HO,avqz,60,44.77,37.49,1008,317.00,65.12
g2_standard,HO,avtz,9,32.05,82.63,246,246,35.68
g2_standard,HOCl,avdz,4,72.19,330.35,402,402,7.74
g2_standard,HOCl,avqz,300,90.44,226.20,2719,1470.00,134.61
g2_standard,HOCl,avtz,49,81.48,387.08,880,880,29.46
g2_standard,HS,avdz,2,31.52,36.29,84,84,14.88
g2_standard,HS,avtz,17,35.17,34.55,256,256,34.87
g2_standard,Li,avdz,5,3.18,0.57,8,8,13.55
g2_standard,Li,avqz,11,5.57,0.59,58,57.79,30.11
g2_standard,Li,avtz,4,4.43,2.54,31,31,14.10
g2_standard,Li2,avdz,4,13.35,11.77,148,148,13.21
g2_standard,Li2,avqz,95,138.04,34.33,690,305.00,30.61
g2_standard,Li2,avtz,15,164.69,42.52,161,117.70,16.75
g2_standard,LiF,avdz,4,158.06,219.18,218,218,8.03
g2_standard,LiF,avqz,116,60.35,166.80,1059,639.00,130.31
g2_standard,LiF,avtz,16,53.10,316.22,444,444,37.44
g2_standard,LiH,avdz,5,16.75,4.87,49,48.33,N/A
g2_standard,LiH,avqz,57,28.13,1.66,283,120.00,38.78
g2_standard,LiH,avtz,7,18.16,3.37,210,210,12.48
g2_standard,LiH,pvdz,N/A,N/A,N/A,N/A,N/A,N/A
g2_standard,N,avdz,2,17.49,16.62,37,37,14.27
g2_standard,N,avqz,11,20.25,8.79,174,96.00,27.70
g2_standard,N,avtz,5,18.90,17.66,43,43,15.55
g2_standard,N2,avdz,2,39.82,115.12,169,169,3.90
g2_standard,N2,avqz,127,45.19,67.68,1027,594.00,47.16
g2_standard,N2,avtz,18,45.80,60.09,389,389,14.11
g2_standard,N2H4,avdz,19,71.03,237.02,744,744,15.63
g2_standard,N2H4,avqz,5943,91.85,160.48,24569,14909.00,408.86
g2_standard,N2H4,avtz,544,87.78,253.03,4932,4932,142.30
g2_standard,N2O,avdz,7,79.64,429.31,529,529,12.83
g2_standard,N2O,avtz,95,91.96,432.23,1539,1539,95.44
g2_standard,NF3,avdz,28,143.66,1168.17,1030,1030,68.56
g2_standard,NF3,avtz,548,173.02,1278.10,5351,5351,560.93
g2_standard,NH,avdz,1,26.63,46.91,91,91,15.42
g2_standard,NH,avqz,58,43.99,19.88,1108,429.00,51.22
g2_standard,NH,avtz,9,28.71,45.44,243,243,32.16
g2_standard,NH2,avdz,2,31.38,62.84,138,138,16.39
g2_standard,NH2,avqz,218,40.42,28.92,3526,1077.00,94.73
g2_standard,NH2,avtz,24,34.25,62.77,657,657,41.41
g2_standard,NH3,avdz,3,33.97,83.66,201,201,3.79
g2_standard,NH3,avqz,951,47.63,41.53,3687,2052.00,60.94
g2_standard,NH3,avtz,84,41.19,82.55,844,844,15.82
g2_standard,NO,avdz,2,49.18,210.91,198,198,21.57
g2_standard,NO,avqz,125,58.67,127.44,3182,1200.00,147.00
g2_standard,NO,avtz,26,55.43,207.74,700,700,48.52
g2_standard,NO2,avdz,8,82.64,491.98,631,631,59.58
g2_standard,NO2,avtz,102,98.47,508.04,2492,2492,499.97
g2_standard,NOCl,avdz,7,98.82,681.88,536,536,17.37
g2_standard,NOCl,avtz,100,110.03,582.27,1610,1610,118.09
g2_standard,Na,avdz,6,348.52,78.27,29,26.43,26.08
g2_standard,Na,avqz,63,50.90,92.64,934,329.00,78.43
g2_standard,Na,avtz,7,46.90,112.06,113,55.50,31.65
g2_standard,Na2,avdz,6,490.05,316.86,118,111.24,18.03
g2_standard,Na2,avqz,783,131.00,420.34,8089,5679.00,554.81
g2_standard,Na2,avtz,96,114.83,465.69,711,521.00,91.59
g2_standard,NaCl,avdz,8,506.94,252.69,114,107.47,17.59
g2_standard,NaCl,avqz,342,121.62,291.05,3177,1721.00,163.67
g2_standard,NaCl,avtz,37,107.08,378.71,462,334.00,68.21
g2_standard,O,avdz,2,19.77,32.17,38,38,14.58
g2_standard,O,avqz,9,25.80,16.27,152,51.00,30.97
g2_standard,O,avtz,4,21.86,34.14,41,41,18.21
g2_standard,O2,avdz,12,36.62,154.16,163,141.60,29.14
g2_standard,O2,avqz,318,37.99,178.15,4487,991.00,185.50
g2_standard,O2,avtz,41,45.75,164.45,705,349.00,47.09
g2_standard,O2S,avdz,7,92.60,569.35,557,557,14.96
g2_standard,O2S,avqz,589,112.47,394.28,4943,2658.00,465.50
g2_standard,O2S,avtz,99,108.23,526.95,1606,1606,112.71
g2_standard,O2_old,avdz,2,44.92,189.65,189,189,20.47
g2_standard,O2_old,avqz,98,50.24,116.99,3351,1269.00,180.11
g2_standard,O2_old,avtz,19,51.52,183.99,690,690,57.50
g2_standard,O3,avdz,7,77.26,428.76,501,501,16.36
g2_standard,O3,avtz,114,92.35,475.69,1570,1570,108.63
g2_standard,OCl,avdz,3,57.63,238.12,211,211,24.41
g2_standard,OCl,avqz,123,71.72,175.40,2703,887.00,219.72
g2_standard,OCl,avtz,28,65.29,235.71,716,716,62.07
g2_standard,OF2,avdz,7,128.64,822.57,454,454,17.27
g2_standard,OF2,avtz,96,113.71,722.73,1515,1515,155.09
g2_standard,OS,avdz,3,54.94,202.09,202,202,22.14
g2_standard,OS,avqz,148,65.30,148.26,2721,889.00,183.01
g2_standard,OS,avtz,25,62.23,198.05,755,755,61.60
g2_standard,P,avdz,1,19.26,8.80,46,46,14.07
g2_standard,P,avqz,11,21.42,5.17,207,125.00,29.57
g2_standard,P,avtz,4,25.35,9.60,56,56,16.21
g2_standard,P2,avdz,2,42.92,46.78,228,228,4.00
g2_standard,P2,avqz,134,49.49,29.06,1089,647.00,50.46
g2_standard,P2,avtz,19,48.80,46.57,765,765,14.46
g2_standard,PF3,avdz,29,154.83,1159.94,1105,1105,65.09
g2_standard,PF3,avtz,528,183.10,1218.77,5384,5384,566.09
g2_standard,PH2,avdz,2,32.35,29.04,141,141,16.06
g2_standard,PH2,avqz,184,40.69,15.60,3597,1078.00,89.63
g2_standard,PH2,avtz,23,36.10,30.44,1072,1072,39.24
g2_standard,PH3,avdz,4,36.94,36.85,208,208,3.57
g2_standard,PH3,avqz,676,48.59,20.27,3800,2137.00,60.63
g2_standard,PH3,avtz,85,42.88,36.99,842,842,13.52
g2_standard,S,avdz,1,21.79,14.83,46,46,14.38
g2_standard,S,avqz,9,23.45,9.24,169,58.00,31.07
g2_standard,S,avtz,3,23.16,15.52,49,49,17.19
g2_standard,S2,avdz,2,52.66,77.43,242,242,21.08
g2_standard,S2,avqz,137,54.78,45.79,3323,1255.00,172.41
g2_standard,S2,avtz,21,58.85,76.77,775,775,57.38
g2_standard,Si,avdz,1,16.15,5.41,46,46,13.74
g2_standard,Si,avqz,8,23.11,2.65,202,119.00,29.45
g2_standard,Si,avtz,4,15.87,5.75,49,49,15.80
g2_standard,Si2,avdz,11,29.09,16.35,175,158.40,27.88
g2_standard,Si2,avqz,413,38.15,20.14,4013,1040.00,186.04
g2_standard,Si2,avtz,52,32.08,17.13,614,316.00,50.99
g2_standard,Si2H6,avdz,39,82.65,83.06,1588,1588,22.02
g2_standard,Si2H6,avqz,16282,107.21,65.37,72580,43180.00,825.99
g2_standard,Si2H6,avtz,1355,101.04,84.32,12495,12495,235.77
g2_standard,SiCH6,avdz,41,85.12,184.78,1448,1448,21.71
g2_standard,SiCH6,avtz,1364,121.09,322.30,12197,12197,246.41
g2_standard,SiCl4,avdz,65,209.60,1004.58,2466,2466,188.43
g2_standard,SiCl4,avtz,1268,251.11,994.00,12572,12572,1641.43
g2_standard,SiF4,avdz,70,229.73,2529.53,2310,2310,281.41
g2_standard,SiF4,avtz,1250,275.82,2296.68,15624,15624,2989.18
g2_standard,SiH2,avdz,4,49.70,13.54,132,132,2.81
g2_standard,SiH2,avqz,223,44.30,8.58,1327,717.00,49.43
g2_standard,SiH2,avtz,27,53.22,13.93,362,362,7.25
g2_standard,SiH2_triplet,avdz,4,51.04,13.27,133,133,15.66
g2_standard,SiH2_triplet,avqz,219,37.91,8.84,4201,1435.00,84.16
g2_standard,SiH2_triplet,avtz,25,53.76,13.70,665,665,28.06
g2_standard,SiH3,avdz,4,34.45,41.42,248,248,18.32
g2_standard,SiH3,avqz,959,53.23,13.86,9375,2775.00,235.98
g2_standard,SiH3,avtz,86,38.29,22.63,1630,1630,71.19
g2_standard,SiH4,avdz,6,39.73,45.58,471,471,4.72
g2_standard,SiH4,avqz,2025,50.92,19.13,11637,8200.00,84.60
g2_standard,SiH4,avtz,175,45.72,28.50,1630,1630,31.12
g2_standard,SiO,avdz,2,49.37,167.73,202,202,4.37
g2_standard,SiO,avqz,110,60.10,104.21,1058,621.00,44.96
g2_standard,SiO,avtz,20,56.35,150.68,434,434,14.45
g2_standard,old_Si2,avdz,2,33.56,19.35,230,230,17.98
g2_standard,old_Si2,avqz,150,34.97,14.26,2748,949.00,106.01
g2_standard,old_Si2,avtz,20,37.39,19.64,788,788,51.76
