basis_folder,species,formula,mol_energy_hartree,atomization_energy_hartree,atomization_energy_kcal_mol
NacV-aug-ano-pV(5+d)Z,be_h,BeH,-15.247527710878,0.0797739810479996,50.058928891349936
NacV-aug-ano-pV(5+d)Z,c2_h2,C2H2,-77.334888397319,0.6451852678470118,404.8598680999387
NacV-aug-ano-pV(5+d)Z,c2_h4,C2H4,-78.587701123801,0.8979979943290033,563.5022491311115
NacV-aug-ano-pV(5+d)Z,c_h,CH,-38.478677969141,0.13382640440500637,83.97733664394129
NacV-aug-ano-pV(5+d)Z,c_h2_singlet,CH2,-39.133287902762,0.28843633802600266,180.99653477538345
NacV-aug-ano-pV(5+d)Z,c_h2_triplet,CH2,-39.148667234332,0.3038156695960055,190.64721104031796
NacV-aug-ano-pV(5+d)Z,c_h3,CH3,-39.835306018438,0.49045445370200014,307.76481629444714
NacV-aug-ano-pV(5+d)Z,c_h3_cl,CClH3,-500.09713705108,0.6317262264059877,396.4141920838882
NacV-aug-ano-pV(5+d)Z,c_h4,CH4,-40.514730061312,0.6698784965760041,420.35510307258846
NacV-aug-ano-pV(5+d)Z,c_o,CO,-113.325646929291,0.4132626438450018,259.32622428910327
NacV-aug-ano-pV(5+d)Z,c_o2,CO2,-188.601030090113,0.6211130839569989,389.7543446475665
NacV-aug-ano-pV(5+d)Z,c_s,CS,-436.198565270162,0.2745532806450228,172.28478473985697
NacV-aug-ano-pV(5+d)Z,cl2,Cl2,-920.335997544497,0.09487902462103648,59.53748683956652
NacV-aug-ano-pV(5+d)Z,cl_f,ClF,-559.955530894881,0.10030681966497923,62.94347965291333
NacV-aug-ano-pV(5+d)Z,cl_o,ClO,-535.291152094907,0.10306011425905126,64.67119809558025
NacV-aug-ano-pV(5+d)Z,f2,F2,-199.529556996515,0.06022736595900824,37.79324273714311
NacV-aug-ano-pV(5+d)Z,h2_c_o,CH2O,-114.50876365347,0.596379368024003,374.2337035708261
NacV-aug-ano-pV(5+d)Z,h2_o,H2O,-76.438764156656,0.37123143594600094,232.95124312616446
NacV-aug-ano-pV(5+d)Z,h2_o2,H2O2,-151.563147343179,0.4280819017589863,268.62544902871315
NacV-aug-ano-pV(5+d)Z,h2_s,H2S,-399.37255980283,0.29339937804900273,184.11088940997035
NacV-aug-ano-pV(5+d)Z,h3_c_o_h,CH4O,-115.730691366681,0.8183070812350053,513.4954461678886
NacV-aug-ano-pV(5+d)Z,h3_c_s_h,CH4S,-438.682416806045,0.7584048165280137,475.90620754641577
NacV-aug-ano-pV(5+d)Z,h_c_n,CHN,-93.432295561817,0.4982337828930099,312.6464190636614
NacV-aug-ano-pV(5+d)Z,h_cl,ClH,-460.791972590312,0.17141333037403683,107.56348879041626
NacV-aug-ano-pV(5+d)Z,h_f,FH,-100.460386604129,0.22572178885100413,141.64256100647572
NacV-aug-ano-pV(5+d)Z,h_o_cl,ClHO,-535.953187301826,0.26509532117802337,166.34982556901002
NacV-aug-ano-pV(5+d)Z,li2,Li2,-14.995242068318,0.03890750293200007,24.414826701967886
NacV-aug-ano-pV(5+d)Z,li_f,FLi,-107.435383575479,0.22255147750800575,139.65316060301453
NacV-aug-ano-pV(5+d)Z,li_h,HLi,-8.07086415757,0.09269687487700029,58.16816720135944
NacV-aug-ano-pV(5+d)Z,n2,N2,-109.54099838723,0.3625779588540041,227.52110426734845
NacV-aug-ano-pV(5+d)Z,n2_h4,H4N2,-111.876101144312,0.6976807159360021,437.80125912096776
NacV-aug-ano-pV(5+d)Z,n_h,HN,-55.22127702279,0.13206680860199782,82.87317360703175
NacV-aug-ano-pV(5+d)Z,n_h2,H2N,-55.879664023747,0.290453809558997,182.26251727599004
NacV-aug-ano-pV(5+d)Z,n_h3,H3N,-56.563732564202,0.47452235001399856,297.7672702884705
NacV-aug-ano-pV(5+d)Z,na2,Na2,-324.539379098641,0.027085083669021515,16.99614660810275
NacV-aug-ano-pV(5+d)Z,na_cl,ClNa,-622.534743229017,0.15803696159298397,99.16969065174371
NacV-aug-ano-pV(5+d)Z,o_h,HO,-75.738192519813,0.17065979910299234,107.09064077883303
NacV-aug-ano-pV(5+d)Z,p2,P2,-682.636424097394,0.18632196741191365,116.91879977705199
NacV-aug-ano-pV(5+d)Z,p_h2,H2P,-342.471541619172,0.24649055418097987,154.67515801562874
NacV-aug-ano-pV(5+d)Z,p_h3,H3P,-343.111606952957,0.38655588796598295,242.56748195352858
NacV-aug-ano-pV(5+d)Z,s2,S2,-796.323760301018,0.16543945145599537,103.81482317243942
NacV-aug-ano-pV(5+d)Z,s_o,OS,-473.348679988249,0.2019868427580036,126.74865746674092
NacV-aug-ano-pV(5+d)Z,s_o2,O2S,-548.630110910667,0.4158850444659947,260.9718055235653
NacV-aug-ano-pV(5+d)Z,si2,Si2,-578.761739166565,0.12205140645903612,76.5884138757714
NacV-aug-ano-pV(5+d)Z,si2_h6,H6Si2,-582.497105673045,0.8574179129390131,538.037863600641
NacV-aug-ano-pV(5+d)Z,si_h2_singlet,H2Si,-290.565623425112,0.24577954505900834,154.22899305544632
NacV-aug-ano-pV(5+d)Z,si_h2_triplet,H2Si,-290.532160678795,0.21231679874199472,133.23080271335016
NacV-aug-ano-pV(5+d)Z,si_h3,H3Si,-291.184346781409,0.3645029013559906,228.7290239243717
NacV-aug-ano-pV(5+d)Z,si_h4,H4Si,-291.838990273977,0.519146393924018,325.76928061301544
NacV-aug-ano-pV(5+d)Z,si_o,OSi,-364.696515504954,0.309138904191002,193.98759118133873
NacV-aug-ano-pV(D+d)Z,be_h,BeH,-15.235734902716,0.0689818650080003,43.28677383106203
NacV-aug-ano-pV(D+d)Z,c2_h2,C2H2,-77.314244027776,0.6339118957040029,397.7857202755615
NacV-aug-ano-pV(D+d)Z,c2_h4,C2H4,-78.569319861856,0.8889877297840059,557.8482227653108
NacV-aug-ano-pV(D+d)Z,c2_h6,C2H6,-79.80762564862,1.1272935165480078,707.387361683783
NacV-aug-ano-pV(D+d)Z,c_h,CH,-38.471584397942,0.13141833190600494,82.46624833658707
NacV-aug-ano-pV(D+d)Z,c_h2_singlet,CH2,-39.12468049644,0.28451443040400193,178.53550058617773
NacV-aug-ano-pV(D+d)Z,c_h2_triplet,CH2,-39.140360578978,0.3001945129419994,188.37490093286252
NacV-aug-ano-pV(D+d)Z,c_h3,CH3,-39.826289805403,0.48612373936700237,305.04725201977516
NacV-aug-ano-pV(D+d)Z,c_h3_cl,CClH3,-499.992803893006,0.62121994387104,389.8214002560248
NacV-aug-ano-pV(D+d)Z,c_h4,CH4,-40.505968508176,0.6658024421399986,417.7973402971981
NacV-aug-ano-pV(D+d)Z,c_n,CN,-92.69999079957,0.27700567997500514,173.82368855360687
NacV-aug-ano-pV(D+d)Z,c_o,CO,-113.302545387983,0.4061382064450072,254.8555723232372
NacV-aug-ano-pV(D+d)Z,c_o2,CO2,-188.558304784328,0.6056564872879733,380.0551838009807
NacV-aug-ano-pV(D+d)Z,c_s,CS,-436.104257137104,0.2644983976890103,165.9752504243635
NacV-aug-ano-pV(D+d)Z,cl2,Cl2,-920.144599061069,0.0817632948710525,51.30724216220031
NacV-aug-ano-pV(D+d)Z,cl_f,ClF,-559.842239221358,0.08881154867299301,55.730088198519255
NacV-aug-ano-pV(D+d)Z,cl_o,ClO,-535.17876213458,0.09110313597898312,57.16808094367078
NacV-aug-ano-pV(D+d)Z,f2,F2,-199.495080051392,0.05106047222000143,32.040930068186626
NacV-aug-ano-pV(D+d)Z,h2_c_o,CH2O,-114.483737911888,0.5873307303500042,368.5555977030275
NacV-aug-ano-pV(D+d)Z,h2_o,H2O,-76.424464401625,0.3682232861229977,231.06360061282868
NacV-aug-ano-pV(D+d)Z,h2_o2,H2O2,-151.531809260031,0.41932702902698793,263.1316834451675
NacV-aug-ano-pV(D+d)Z,h2_s,H2S,-399.287634868932,0.2880421955529755,180.74920663942825
NacV-aug-ano-pV(D+d)Z,h3_c_o_h,CH4O,-115.705860741326,0.809453559788011,507.9397775810789
NacV-aug-ano-pV(D+d)Z,h3_c_s_h,CH4S,-438.585316485168,0.7455577457529898,467.8445489211291
NacV-aug-ano-pV(D+d)Z,h_c_n,CHN,-93.410639865148,0.4876547455530016,306.00797290633886
NacV-aug-ano-pV(D+d)Z,h_c_o,CHO,-113.831843205358,0.435436023820003,273.2402302954176
NacV-aug-ano-pV(D+d)Z,h_cl,ClH,-460.700938533227,0.16952065012799267,106.37581400465146
NacV-aug-ano-pV(D+d)Z,h_f,FH,-100.445752457574,0.2237426679880059,140.4006439146284
NacV-aug-ano-pV(D+d)Z,h_o_cl,ClHO,-535.840772928862,0.25311393026095175,158.831389256094
NacV-aug-ano-pV(D+d)Z,li2,Li2,-14.993861630841,0.038153622734999004,23.94175973604116
NacV-aug-ano-pV(D+d)Z,li_f,FLi,-107.4101518342,0.2102880405609966,131.95773773419083
NacV-aug-ano-pV(D+d)Z,li_h,HLi,-8.068046913066,0.09019290901300003,56.59690489896868
NacV-aug-ano-pV(D+d)Z,n2,N2,-109.518640732555,0.353002625437,221.51249183086537
NacV-aug-ano-pV(D+d)Z,n2_h4,H4N2,-111.84866610275,0.6830279956320027,428.60653830941135
NacV-aug-ano-pV(D+d)Z,n_h,HN,-55.211779730188,0.12896067662899924,80.92404636628483
NacV-aug-ano-pV(D+d)Z,n_h2,H2N,-55.867985930594,0.2851668770350031,178.9449170284515
NacV-aug-ano-pV(D+d)Z,n_h3,H3N,-56.550705804019,0.4678867504600035,293.6033687022497
NacV-aug-ano-pV(D+d)Z,n_o,NO,-129.870242078326,0.23118190926498983,145.06883829577708
NacV-aug-ano-pV(D+d)Z,na2,Na2,-324.451231844906,0.026907063579983515,16.88443731565785
NacV-aug-ano-pV(D+d)Z,na_cl,ClNa,-622.392880743445,0.14930046968299848,93.68745920815219
NacV-aug-ano-pV(D+d)Z,o2,O2,-150.293023244051,0.18054101304699088,113.29119614393653
NacV-aug-ano-pV(D+d)Z,o_h,HO,-75.724865770074,0.1686246545719996,105.81356830454739
NacV-aug-ano-pV(D+d)Z,p2,P2,-682.494021117987,0.1646597017829663,103.32552286521607
NacV-aug-ano-pV(D+d)Z,p_h2,H2P,-342.402664053445,0.23798334534296828,149.33680387194312
NacV-aug-ano-pV(D+d)Z,p_h3,H3P,-343.041131123011,0.3764504149089589,236.2262018703566
NacV-aug-ano-pV(D+d)Z,s2,S2,-796.147826464515,0.148641117756938,93.27370962780748
NacV-aug-ano-pV(D+d)Z,s_o,OS,-473.245096423943,0.18926263506193663,118.76409658751228
NacV-aug-ano-pV(D+d)Z,s_o2,O2S,-548.501362915443,0.389288011059989,244.28191507932397
NacV-aug-ano-pV(D+d)Z,si2,Si2,-578.634000179675,0.10811936440700265,67.8459254950749
NacV-aug-ano-pV(D+d)Z,si2_h6,H6Si2,-582.360131275226,0.834250459957957,523.5000673651168
NacV-aug-ano-pV(D+d)Z,si_h2_singlet,H2Si,-290.501977744517,0.2390373368829728,149.9981935488783
NacV-aug-ano-pV(D+d)Z,si_h2_triplet,H2Si,-290.469372190335,0.2064317827009745,129.53789939259667
NacV-aug-ano-pV(D+d)Z,si_h3,H3Si,-291.119025706639,0.3560852990049739,223.44689870021287
NacV-aug-ano-pV(D+d)Z,si_h4,H4Si,-291.772095147861,0.509154740227018,319.4994232565904
NacV-aug-ano-pV(D+d)Z,si_o,OSi,-364.616237414083,0.2970558909469787,186.40538589548422
NacV-aug-ano-pV(Q+d)Z,be_h,BeH,-15.247674536494,0.07955444941299916,49.9211707105306
NacV-aug-ano-pV(Q+d)Z,c2_h2,C2H2,-77.336307708139,0.6455311965110013,405.0769416139421
NacV-aug-ano-pV(Q+d)Z,c2_h4,C2H4,-78.589248151145,0.8984716395169983,563.7994659739228
NacV-aug-ano-pV(Q+d)Z,c2_h6,C2H6,-79.827470140068,1.1366936284399998,713.2860209532611
NacV-aug-ano-pV(Q+d)Z,c_h,CH,-38.479288764107,0.13390050829299582,84.02383753571957
NacV-aug-ano-pV(Q+d)Z,c_h2_singlet,CH2,-39.133904163832,0.28851590801799887,181.0464656992122
NacV-aug-ano-pV(Q+d)Z,c_h2_triplet,CH2,-39.149294390569,0.30390613475499606,190.70397878465718
NacV-aug-ano-pV(Q+d)Z,c_h3,CH3,-39.83605823647,0.4906699806560013,307.90006149999886
NacV-aug-ano-pV(Q+d)Z,c_h3_cl,CClH3,-500.085246853472,0.6321362513569966,396.6714866252485
NacV-aug-ano-pV(Q+d)Z,c_h4,CH4,-40.515528269635,0.6701400138209976,420.5192076214528
NacV-aug-ano-pV(Q+d)Z,c_n,CN,-92.722320004768,0.28711255874799235,180.16585073686358
NacV-aug-ano-pV(Q+d)Z,c_o,CO,-113.327170439766,0.41361568373599766,259.5477601654254
NacV-aug-ano-pV(Q+d)Z,c_o2,CO2,-188.603414037524,0.6216927812780284,390.1181102086015
NacV-aug-ano-pV(Q+d)Z,c_s,CS,-436.182986867297,0.274225429877049,172.07905527687453
NacV-aug-ano-pV(Q+d)Z,cl2,Cl2,-920.309853104602,0.09440841200000705,59.242172961256884
NacV-aug-ano-pV(Q+d)Z,cl_f,ClF,-559.94307061242,0.10019732235798529,62.87476905539024
NacV-aug-ano-pV(Q+d)Z,cl_o,ClO,-535.278995007975,0.10310616145807217,64.70009314921994
NacV-aug-ano-pV(Q+d)Z,f2,F2,-199.530802219685,0.06050033216300221,37.96453161624837
NacV-aug-ano-pV(Q+d)Z,h2_c_o,CH2O,-114.510327685431,0.5967729294009985,374.4806670635161
NacV-aug-ano-pV(Q+d)Z,h2_o,H2O,-76.439655774339,0.37148927412300736,233.11303902501115
NacV-aug-ano-pV(Q+d)Z,h2_o2,H2O2,-151.564778533761,0.42844553332901114,268.85363128397216
NacV-aug-ano-pV(Q+d)Z,h2_s,H2S,-399.357642240126,0.2942690585200012,184.65662214492954
NacV-aug-ano-pV(Q+d)Z,h3_c_o_h,CH4O,-115.732381131189,0.8188263751590057,513.8213080250223
NacV-aug-ano-pV(Q+d)Z,h3_c_s_h,CH4S,-438.668005779379,0.759244341959004,476.4330177080791
NacV-aug-ano-pV(Q+d)Z,h_c_n,CHN,-93.433823459246,0.49861601322599824,312.8862722188859
NacV-aug-ano-pV(Q+d)Z,h_c_o,CHO,-113.858459030269,0.4449042742390077,279.18164713614493
NacV-aug-ano-pV(Q+d)Z,h_cl,ClH,-460.77946251916,0.17174017285901755,107.76858554626799
NacV-aug-ano-pV(Q+d)Z,h_f,FH,-100.461017294604,0.2258663508430061,141.73327502604639
NacV-aug-ano-pV(Q+d)Z,h_o_cl,ClHO,-535.941347579255,0.26545873273801135,166.57786976588653
NacV-aug-ano-pV(Q+d)Z,li2,Li2,-14.995224341773,0.0388343461409999,24.368920122523225
NacV-aug-ano-pV(Q+d)Z,li_f,FLi,-107.436033201965,0.22268726038799969,139.73836564662628
NacV-aug-ano-pV(Q+d)Z,li_h,HLi,-8.070869813159,0.09267481534299993,58.1543246347808
NacV-aug-ano-pV(Q+d)Z,n2,N2,-109.542735957244,0.36309757683200417,227.84716947143698
NacV-aug-ano-pV(Q+d)Z,n2_h4,H4N2,-111.877585529154,0.6979471487420028,437.9684482309344
NacV-aug-ano-pV(Q+d)Z,n_h,HN,-55.222001898223,0.13218270801699816,82.94590158798283
NacV-aug-ano-pV(Q+d)Z,n_h2,H2N,-55.8803917867,0.2905725964940018,182.33705720310044
NacV-aug-ano-pV(Q+d)Z,n_h3,H3N,-56.564455619465,0.4746364292590002,297.838856095503
NacV-aug-ano-pV(Q+d)Z,n_o,NO,-129.900455285693,0.24246959527101808,152.15196820480926
NacV-aug-ano-pV(Q+d)Z,na2,Na2,-324.536098232166,0.02714389610400758,17.033051968249225
NacV-aug-ano-pV(Q+d)Z,na_cl,ClNa,-622.519477769512,0.15727825518001737,98.69359518957474
NacV-aug-ano-pV(Q+d)Z,o2,O2,-150.327004470964,0.19067147053200983,119.64815419237937
NacV-aug-ano-pV(Q+d)Z,o_h,HO,-75.738898081393,0.1707315811770087,107.1356847103462
NacV-aug-ano-pV(Q+d)Z,p2,P2,-682.606758162944,0.18562282393395435,116.48008062090311
NacV-aug-ano-pV(Q+d)Z,p_h2,H2P,-342.457441050064,0.2468733805590091,154.91538519476333
NacV-aug-ano-pV(Q+d)Z,p_h3,H3P,-343.098076562599,0.3875088930939796,243.1655017001772
NacV-aug-ano-pV(Q+d)Z,s2,S2,-796.291848217072,0.16510185386005105,103.60297748256343
NacV-aug-ano-pV(Q+d)Z,s_o,OS,-473.333478702639,0.20193902081700799,126.71864874569809
NacV-aug-ano-pV(Q+d)Z,s_o2,O2S,-548.61553081146,0.4158246294219907,260.93389451107686
NacV-aug-ano-pV(Q+d)Z,si2,Si2,-578.736896838687,0.12067949152105939,75.72752425458232
NacV-aug-ano-pV(Q+d)Z,si2_h6,H6Si2,-582.474027386763,0.8578100395970978,538.2839267936218
NacV-aug-ano-pV(Q+d)Z,si_h2_singlet,H2Si,-290.553983603422,0.24587492983903303,154.28884790859323
NacV-aug-ano-pV(Q+d)Z,si_h2_triplet,H2Si,-290.520682952299,0.2125742787160334,133.39237383644095
NacV-aug-ano-pV(Q+d)Z,si_h3,H3Si,-291.172852251062,0.3647435774790324,228.8800504717612
NacV-aug-ano-pV(Q+d)Z,si_h4,H4Si,-291.82780797149,0.5196992979070387,326.1162331006082
NacV-aug-ano-pV(Q+d)Z,si_o,OSi,-364.685046746613,0.30877157281406653,193.75708726219108
NacV-aug-ano-pV(T+d)Z,be_h,BeH,-15.244102661535,0.07725106663400005,48.47577619431487
NacV-aug-ano-pV(T+d)Z,c2_h2,C2H2,-77.335331998354,0.6451748682499954,404.8533422542844
NacV-aug-ano-pV(T+d)Z,c2_h4,C2H4,-78.588988893477,0.8988317633729963,564.0254471053977
NacV-aug-ano-pV(T+d)Z,c2_h6,C2H6,-79.827891091534,1.1377339614300013,713.9388397606674
NacV-aug-ano-pV(T+d)Z,c_h,CH,-38.479111751091,0.13403318603899805,84.1070940783333
NacV-aug-ano-pV(T+d)Z,c_h2_singlet,CH2,-39.133800262934,0.2887216978820035,181.1756007885413
NacV-aug-ano-pV(T+d)Z,c_h2_triplet,CH2,-39.149121718982,0.30404315393000303,190.78995961510236
NacV-aug-ano-pV(T+d)Z,c_h3,CH3,-39.836051504212,0.4909729391600024,308.0901708315075
NacV-aug-ano-pV(T+d)Z,c_h3_cl,CClH3,-500.062890475988,0.6324180809450013,396.8483373617928
NacV-aug-ano-pV(T+d)Z,c_h4,CH4,-40.515936337129,0.6708577720769995,420.96960772718097
NacV-aug-ano-pV(T+d)Z,c_n,CN,-92.721173225806,0.2865219496990079,179.79523796315846
NacV-aug-ano-pV(T+d)Z,c_o,CO,-113.326416377986,0.41327678342700835,259.3350970107717
NacV-aug-ano-pV(T+d)Z,c_o2,CO2,-188.602275435721,0.621074811654978,389.73032841545415
NacV-aug-ano-pV(T+d)Z,c_s,CS,-436.164149417793,0.2730705479399944,171.35435591994843
NacV-aug-ano-pV(T+d)Z,cl2,Cl2,-920.262986155243,0.09219849526095913,57.85542927061368
NacV-aug-ano-pV(T+d)Z,cl_f,ClF,-559.920694537782,0.0992155656530258,62.258707421803194
NacV-aug-ano-pV(T+d)Z,cl_o,ClO,-535.256303278184,0.10284841868599415,64.5383571178697
NacV-aug-ano-pV(T+d)Z,f2,F2,-199.531803035273,0.05963275099699672,37.42011621506121
NacV-aug-ano-pV(T+d)Z,h2_c_o,CH2O,-114.510062520066,0.5969229255070019,374.57479104110575
NacV-aug-ano-pV(T+d)Z,h2_o,H2O,-76.439898674623,0.3718376451159884,233.3316451235955
NacV-aug-ano-pV(T+d)Z,h2_o2,H2O2,-151.565037838717,0.4289157797029759,269.14871533877886
NacV-aug-ano-pV(T+d)Z,h2_s,H2S,-399.340218238369,0.29421793356800663,184.62454075319195
NacV-aug-ano-pV(T+d)Z,h3_c_o_h,CH4O,-115.732774141785,0.819634547226002,514.3284436537357
NacV-aug-ano-pV(T+d)Z,h3_c_s_h,CH4S,-438.650612640085,0.7595337702319966,476.61463669144365
NacV-aug-ano-pV(T+d)Z,h_c_n,CHN,-93.432968833626,0.49831755751901596,312.6989884351663
NacV-aug-ano-pV(T+d)Z,h_c_o,CHO,-113.857709755285,0.444570160726002,278.97198774132136
NacV-aug-ano-pV(T+d)Z,h_cl,ClH,-460.757526154151,0.17213232415997481,108.01466420288484
NacV-aug-ano-pV(T+d)Z,h_f,FH,-100.461964465147,0.2258793230090106,141.74141518311333
NacV-aug-ano-pV(T+d)Z,h_o_cl,ClHO,-535.918331877806,0.2648770183080842,166.21283844990802
NacV-aug-ano-pV(T+d)Z,li2,Li2,-14.99535556951,0.038752068630000025,24.317290204868474
NacV-aug-ano-pV(T+d)Z,li_f,FLi,-107.43509527814,0.22070838556200556,138.49660294533
NacV-aug-ano-pV(T+d)Z,li_h,HLi,-8.071083879354,0.09278212891399917,58.22166491727837
NacV-aug-ano-pV(T+d)Z,n2,N2,-109.542186128667,0.36304070655700116,227.81148283508003
NacV-aug-ano-pV(T+d)Z,n2_h4,H4N2,-111.877561832282,0.6984164101720012,438.2629142240708
NacV-aug-ano-pV(T+d)Z,n_h,HN,-55.221795723535,0.13222301248000434,82.97119302036623
NacV-aug-ano-pV(T+d)Z,n_h2,H2N,-55.880486044938,0.29091333388300455,182.5508731428672
NacV-aug-ano-pV(T+d)Z,n_h3,H3N,-56.564539268053,0.47496655699799817,298.04601437937526
NacV-aug-ano-pV(T+d)Z,n_o,NO,-129.899692297023,0.2420585564609894,151.89403745730866
NacV-aug-ano-pV(T+d)Z,na2,Na2,-324.522298156728,0.02719561840802953,17.065508204043372
NacV-aug-ano-pV(T+d)Z,na_cl,ClNa,-622.486652154895,0.15370705574400745,96.45263370970972
NacV-aug-ano-pV(T+d)Z,o2,O2,-150.326146456209,0.19002439719497488,119.24210954297631
NacV-aug-ano-pV(T+d)Z,o_h,HO,-75.739101951136,0.1710409216290003,107.32979877468189
NacV-aug-ano-pV(T+d)Z,p2,P2,-682.578169614726,0.18074372860201038,113.41840207525122
NacV-aug-ano-pV(T+d)Z,p_h2,H2P,-342.444732515256,0.24601957219402948,154.3796123567043
NacV-aug-ano-pV(T+d)Z,p_h3,H3P,-343.085195090227,0.3864821471649975,242.52120890228522
NacV-aug-ano-pV(T+d)Z,s2,S2,-796.253937954481,0.16193734487899292,101.6172181161917
NacV-aug-ano-pV(T+d)Z,s_o,OS,-473.314950551754,0.2008892174459902,126.05988718448104
NacV-aug-ano-pV(T+d)Z,s_o2,O2S,-548.595504111202,0.4133817473870067,259.40096289010586
NacV-aug-ano-pV(T+d)Z,si2,Si2,-578.70736771331,0.11920931890995234,74.80497701260455
NacV-aug-ano-pV(T+d)Z,si2_h6,H6Si2,-582.4441845185,0.8560261241000262,537.1645029182814
NacV-aug-ano-pV(T+d)Z,si_h2_singlet,H2Si,-290.539422702794,0.24534350559400764,153.95537416009296
NacV-aug-ano-pV(T+d)Z,si_h2_triplet,H2Si,-290.506037921805,0.21195872460498322,133.00610779995847
NacV-aug-ano-pV(T+d)Z,si_h3,H3Si,-291.158308997004,0.3642297998039794,228.55765011310334
NacV-aug-ano-pV(T+d)Z,si_h4,H4Si,-291.813092762964,0.5190135657639985,325.68592968418085
NacV-aug-ano-pV(T+d)Z,si_o,OSi,-364.668816592848,0.3066763661409482,192.44232522468909
NacV-aug-cc-pV(5+d)Z,be_h,BeH,-15.248791225872,0.08052136607900096,50.52792007907623
NacV-aug-cc-pV(5+d)Z,c2_h2,C2H2,-77.33588496953,0.6454818456179936,405.0459734610263
NacV-aug-cc-pV(5+d)Z,c_h,CH,-38.479130811526,0.13392924956999508,84.04187295933328
NacV-aug-cc-pV(5+d)Z,c_h2_singlet,CH2,-39.133777825849,0.28857626389299895,181.08433958259013
NacV-aug-cc-pV(5+d)Z,c_h4,CH4,-40.515183471274,0.6699819093179968,420.4199955479278
NacV-aug-cc-pV(5+d)Z,c_n,CN,-92.72187055633,0.2872512842260022,180.2529022886087
NacV-aug-cc-pV(5+d)Z,c_o,CO,-113.326456428586,0.4135196013899929,259.4874675830172
NacV-aug-cc-pV(5+d)Z,c_o2,CO2,-188.602270417225,0.6215983247889767,390.0588378668348
NacV-aug-cc-pV(5+d)Z,c_s,CS,-436.197853046986,0.27427048126298814,172.10732544837103
NacV-aug-cc-pV(5+d)Z,cl2,Cl2,-920.333932529488,0.0959136196200916,60.186705003291905
NacV-aug-cc-pV(5+d)Z,cl_f,ClF,-559.954640210171,0.10081968626798243,63.2653083052284
NacV-aug-cc-pV(5+d)Z,f2,F2,-199.530220886801,0.06059874886301486,38.026289027912334
NacV-aug-cc-pV(5+d)Z,h2_c_o,CH2O,-114.509706114646,0.5967692874499875,374.47838170475256
NacV-aug-cc-pV(5+d)Z,h2_o,H2O,-76.439078974085,0.37134370884500356,233.02169543396911
NacV-aug-cc-pV(5+d)Z,h2_o2,H2O2,-151.563820718873,0.428350188392983,268.7938014333106
NacV-aug-cc-pV(5+d)Z,h2_s,H2S,-399.372146630659,0.293765626892025,184.34071402883148
NacV-aug-cc-pV(5+d)Z,h_c_n,CHN,-93.433218340012,0.49859906790800324,312.875638871303
NacV-aug-cc-pV(5+d)Z,h_cl,ClH,-460.791156586718,0.17214713178401553,108.02395612725876
NacV-aug-cc-pV(5+d)Z,h_f,FH,-100.460561806973,0.22575073800400958,141.66072687425273
NacV-aug-cc-pV(5+d)Z,h_o_cl,ClHO,-535.952559889433,0.2658151692590991,166.8015370597712
NacV-aug-cc-pV(5+d)Z,li2,Li2,-14.995241314871,0.038823109984999604,24.361869328180987
NacV-aug-cc-pV(5+d)Z,li_f,FLi,-107.435830577271,0.2228104058590077,139.81564059637176
NacV-aug-cc-pV(5+d)Z,li_h,HLi,-8.070874269446,0.0926651670029992,58.14827021002136
NacV-aug-cc-pV(5+d)Z,n2,N2,-109.541999509158,0.3631640888620069,227.88890640040287
NacV-aug-cc-pV(5+d)Z,n_h,HN,-55.221718518902,0.13230080875400319,83.02001091934731
NacV-aug-cc-pV(5+d)Z,n_h3,H3N,-56.564443389234,0.47502567908600213,298.08311404972414
NacV-aug-cc-pV(5+d)Z,n_o,NO,-129.89973109075,0.24257811536202212,152.2200655900405
NacV-aug-cc-pV(5+d)Z,na2,Na2,-324.539362319661,0.027154728706989317,17.03984952924903
NacV-aug-cc-pV(5+d)Z,na_cl,ClNa,-622.533832383378,0.15871913296700768,99.59775965187823
NacV-aug-cc-pV(5+d)Z,o2,O2,-150.326104497246,0.19063396676600064,119.62462022389555
NacV-aug-cc-pV(5+d)Z,o_h,HO,-75.738483185722,0.17074792048200038,107.14593777902809
NacV-aug-cc-pV(5+d)Z,p2,P2,-682.636837566268,0.18674977739601673,117.18725459517546
NacV-aug-cc-pV(5+d)Z,p_h3,H3P,-343.112103338183,0.38705944374697765,242.883467976822
NacV-aug-cc-pV(5+d)Z,s_o2,O2S,-548.629375151472,0.4155236172250625,260.74500650569587
NacV-aug-cc-pV(5+d)Z,si_h2_singlet,H2Si,-290.566679126688,0.24622280780999972,154.5071446311927
NacV-aug-cc-pV(5+d)Z,si_h4,H4Si,-291.839628540517,0.5191722216390531,325.7854877488934
NacV-aug-cc-pV(5+d)Z,si_o,OSi,-364.697177691498,0.308986107380008,193.89170973483334
NacV-aug-cc-pV(D+d)Z,be_h,BeH,-15.241198874183,0.07720568276100082,48.44729738403817
NacV-aug-cc-pV(D+d)Z,c2_h2,C2H2,-77.274834452045,0.621422805343002,389.94869775160333
NacV-aug-cc-pV(D+d)Z,c2_h4,C2H4,-78.534471783608,0.8810601369060009,552.8735831278475
NacV-aug-cc-pV(D+d)Z,c2_h6,C2H6,-79.773146620085,1.1197349733830038,702.644304237628
NacV-aug-cc-pV(D+d)Z,c_h,CH,-38.457150734229,0.1304449108780048,81.85541741926475
NacV-aug-cc-pV(D+d)Z,c_h2_singlet,CH2,-39.108810587271,0.28210476392000317,177.02341203813617
NacV-aug-cc-pV(D+d)Z,c_h2_triplet,CH2,-39.124101955873,0.29739613252200314,186.6188907072822
NacV-aug-cc-pV(D+d)Z,c_h3,CH3,-39.808664749824,0.48195892647299843,302.43379247108754
NacV-aug-cc-pV(D+d)Z,c_h3_cl,CClH3,-499.938677407207,0.6164162742110193,386.80705203409235
NacV-aug-cc-pV(D+d)Z,c_h4,CH4,-40.486951983642,0.6602461602910026,414.31072079638824
NacV-aug-cc-pV(D+d)Z,c_n,CN,-92.659212097106,0.27003212184401093,169.44771475847824
NacV-aug-cc-pV(D+d)Z,c_o,CO,-113.251857756661,0.39917755010199585,250.48769452230016
NacV-aug-cc-pV(D+d)Z,c_o2,CO2,-188.47769998199,0.5990453922230188,375.90665901379
NacV-aug-cc-pV(D+d)Z,c_s,CS,-436.05806412073,0.2608157270890388,163.66433973302776
NacV-aug-cc-pV(D+d)Z,cl_f,ClF,-559.766718563402,0.09101779728905512,57.11453010723683
NacV-aug-cc-pV(D+d)Z,cl_o,ClO,-535.111432727072,0.0899030342191054,56.41500571950771
NacV-aug-cc-pV(D+d)Z,f2,F2,-199.409010924444,0.048720011508009975,30.572268797739518
NacV-aug-cc-pV(D+d)Z,h2_c_o,CH2O,-114.436326947463,0.5836467409040011,366.2438594233122
NacV-aug-cc-pV(D+d)Z,h2_o,H2O,-76.393480538291,0.36750615508300655,230.6135940910895
NacV-aug-cc-pV(D+d)Z,h2_o2,H2O2,-151.470526264961,0.41857749854500526,262.66134596662425
NacV-aug-cc-pV(D+d)Z,h2_s,H2S,-399.257872098633,0.2873295283430366,180.3020012133375
NacV-aug-cc-pV(D+d)Z,h3_c_o_h,CH4O,-115.658932446956,0.8062522403970007,505.930919333718
NacV-aug-cc-pV(D+d)Z,h3_c_s_h,CH4S,-438.5377313523,0.7404829586590154,464.660071940807
NacV-aug-cc-pV(D+d)Z,h_c_n,CHN,-93.367580283376,0.47840030811400425,300.2007257362438
NacV-aug-cc-pV(D+d)Z,h_c_o,CHO,-113.783640011118,0.4309598045589951,270.43136030115136
NacV-aug-cc-pV(D+d)Z,h_cl,ClH,-460.664205507464,0.16865019781897672,105.82959693402385
NacV-aug-cc-pV(D+d)Z,h_f,FH,-100.403185391855,0.22303993538700695,139.95967254976853
NacV-aug-cc-pV(D+d)Z,h_o_cl,ClHO,-535.77467542116,0.2531457283071177,158.8513428313198
NacV-aug-cc-pV(D+d)Z,li2,Li2,-14.993786824834,0.03809111976999979,23.902538533347123
NacV-aug-cc-pV(D+d)Z,li_f,FLi,-107.375215292679,0.21722198367901058,136.30885273335923
NacV-aug-cc-pV(D+d)Z,li_h,HLi,-8.067874042286,0.09002618975400001,56.492286984437385
NacV-aug-cc-pV(D+d)Z,n2,N2,-109.46922980369,0.3442814998680035,216.03990291182612
NacV-aug-cc-pV(D+d)Z,n2_h4,H4N2,-111.808179307662,0.6832310038400067,428.73392788324645
NacV-aug-cc-pV(D+d)Z,n_h,HN,-55.191161794844,0.12868764293300217,80.7527151353082
NacV-aug-cc-pV(D+d)Z,n_h2,H2N,-55.846496801453,0.2840226495420026,178.22690343611023
NacV-aug-cc-pV(D+d)Z,n_h3,H3N,-56.528974342811,0.4665001908999997,292.7332894419946
NacV-aug-cc-pV(D+d)Z,n_o,NO,-129.819022359321,0.230573824201997,144.68725915771282
NacV-aug-cc-pV(D+d)Z,na2,Na2,-324.451104652787,0.026685978417049228,16.745704281341798
NacV-aug-cc-pV(D+d)Z,o2,O2,-150.233895345785,0.18194657936899716,114.17320232741949
NacV-aug-cc-pV(D+d)Z,o_h,HO,-75.694445350745,0.1684709675370044,105.71712823404724
NacV-aug-cc-pV(D+d)Z,p2,P2,-682.43440088785,0.16200268987199706,101.65822271838438
NacV-aug-cc-pV(D+d)Z,p_h2,H2P,-342.373593569674,0.23739447068498976,148.96727944502592
NacV-aug-cc-pV(D+d)Z,p_h3,H3P,-343.011275809949,0.37507671096000195,235.3641896278282
NacV-aug-cc-pV(D+d)Z,s2,S2,-796.088527473026,0.14744233244607585,92.52146048787381
NacV-aug-cc-pV(D+d)Z,s_o,OS,-473.181237399559,0.18472044606102145,115.9138299564528
NacV-aug-cc-pV(D+d)Z,s_o2,O2S,-548.398131290593,0.3756399538870028,235.71762990072025
NacV-aug-cc-pV(D+d)Z,si2,Si2,-578.581072383895,0.10782716959306526,67.66257048105707
NacV-aug-cc-pV(D+d)Z,si2_h6,H6Si2,-582.305908297054,0.8326630827519921,522.5039731294621
NacV-aug-cc-pV(D+d)Z,si_h2_singlet,H2Si,-290.47611483938,0.23949223222899718,150.28364468821584
NacV-aug-cc-pV(D+d)Z,si_h2_triplet,H2Si,-290.443526994045,0.2069043868939957,129.8344630011994
NacV-aug-cc-pV(D+d)Z,si_h3,H3Si,-291.092547458533,0.35592485138198526,223.3462162966966
NacV-aug-cc-pV(D+d)Z,si_h4,H4Si,-291.745151781043,0.5085291738919864,319.1068744547031
NacV-aug-cc-pV(D+d)Z,si_o,OSi,-364.550962514738,0.2883655243790031,180.95209854099826
NacV-aug-cc-pV(Q+d)Z,be_h,BeH,-15.249147257411,0.08044431096699967,50.47956726627043
NacV-aug-cc-pV(Q+d)Z,c2_h2,C2H2,-77.336187288148,0.6456525164440023,405.15307102129293
NacV-aug-cc-pV(Q+d)Z,c2_h4,C2H4,-78.589387408282,0.898852636577999,564.0385452392909
NacV-aug-cc-pV(Q+d)Z,c2_h6,C2H6,-79.827743107739,1.1372083360350018,713.6090048454971
NacV-aug-cc-pV(Q+d)Z,c_h,CH,-38.479269917672,0.134002531820002,84.08785826549327
NacV-aug-cc-pV(Q+d)Z,c_h2_singlet,CH2,-39.13397532781,0.28870794195800187,181.16696881590576
NacV-aug-cc-pV(Q+d)Z,c_h2_triplet,CH2,-39.149255611608,0.30398822575600093,190.75549166552307
NacV-aug-cc-pV(Q+d)Z,c_h3,CH3,-39.836030413961,0.49076302810900074,307.95844965829343
NacV-aug-cc-pV(Q+d)Z,c_h3_cl,CClH3,-500.074352591107,0.6330816776050483,397.2647505529289
NacV-aug-cc-pV(Q+d)Z,c_h4,CH4,-40.515594222766,0.6703268369140005,420.6364408822859
NacV-aug-cc-pV(Q+d)Z,c_n,CN,-92.721894694631,0.28727524582501474,180.26793841900277
NacV-aug-cc-pV(Q+d)Z,c_o,CO,-113.326400358379,0.4136575840500001,259.57405300942816
NacV-aug-cc-pV(Q+d)Z,c_o2,CO2,-188.601965566377,0.6217474035709927,390.1523862149316
NacV-aug-cc-pV(Q+d)Z,c_s,CS,-436.170344808012,0.274221277045001,172.07644933542022
NacV-aug-cc-pV(Q+d)Z,cl2,Cl2,-920.286402759635,0.09439570433505651,59.234198781107196
NacV-aug-cc-pV(Q+d)Z,cl_f,ClF,-559.930712105361,0.10005416584590421,62.784936987785535
NacV-aug-cc-pV(Q+d)Z,cl_o,ClO,-535.266779169782,0.10330025365499296,64.82188784162946
NacV-aug-cc-pV(Q+d)Z,f2,F2,-199.528965114289,0.059656290559019,37.43488751324549
NacV-aug-cc-pV(Q+d)Z,h2_c_o,CH2O,-114.509875534757,0.5971327604279963,374.70646444201907
NacV-aug-cc-pV(Q+d)Z,h2_o,H2O,-76.439068948467,0.37159355998998933,233.17847939455322
NacV-aug-cc-pV(Q+d)Z,h2_o2,H2O2,-151.563557395259,0.4286066183049968,268.9547136325324
NacV-aug-cc-pV(Q+d)Z,h2_s,H2S,-399.345086612673,0.29423046755800897,184.63240595066623
NacV-aug-cc-pV(Q+d)Z,h3_c_o_h,CH4O,-115.731846814959,0.8191040406299948,513.9955457386881
NacV-aug-cc-pV(Q+d)Z,h3_c_s_h,CH4S,-438.656291450169,0.760167919202047,477.0125711781176
NacV-aug-cc-pV(Q+d)Z,h_c_n,CHN,-93.43360218242,0.4989827336140138,313.1163927366977
NacV-aug-cc-pV(Q+d)Z,h_c_o,CHO,-113.857827091714,0.4450843173849961,279.2946259159928
NacV-aug-cc-pV(Q+d)Z,h_cl,ClH,-460.767923113613,0.17191958596299628,107.8811689687857
NacV-aug-cc-pV(Q+d)Z,h_f,FH,-100.460196719214,0.22554230734900216,141.5299346635504
NacV-aug-cc-pV(Q+d)Z,h_o_cl,ClHO,-535.929452701851,0.2659737857239861,166.90107039423017
NacV-aug-cc-pV(Q+d)Z,li2,Li2,-14.995236162253,0.038853741875000125,24.381091129364773
NacV-aug-cc-pV(Q+d)Z,li_f,FLi,-107.435395588181,0.22254996612700495,139.6522121971176
NacV-aug-cc-pV(Q+d)Z,li_h,HLi,-8.070911169693,0.09271995950399958,58.18265302350671
NacV-aug-cc-pV(Q+d)Z,n2,N2,-109.54198182148,0.36327769557199474,227.9601956872374
NacV-aug-cc-pV(Q+d)Z,n2_h4,H4N2,-111.878024051322,0.6993199254140023,438.8298785983869
NacV-aug-cc-pV(Q+d)Z,n_h,HN,-55.221731267308,0.1323792043540024,83.06920490107169
NacV-aug-cc-pV(Q+d)Z,n_h2,H2N,-55.880408390073,0.2910563271190014,182.64060275318218
NacV-aug-cc-pV(Q+d)Z,n_h3,H3N,-56.56478940747,0.4754373445160027,298.34143800719374
NacV-aug-cc-pV(Q+d)Z,n_o,NO,-129.8993891428,0.24256169136899075,152.20975937881138
NacV-aug-cc-pV(Q+d)Z,na2,Na2,-324.536163033647,0.02727121817895295,17.112947776534817
NacV-aug-cc-pV(Q+d)Z,na_cl,ClNa,-622.507645360431,0.15719592504694901,98.64193225107347
NacV-aug-cc-pV(Q+d)Z,o2,O2,-150.325359638042,0.19040886108797395,119.4833642782684
NacV-aug-cc-pV(Q+d)Z,o_h,HO,-75.738447081348,0.17097169287099234,107.28635707315428
NacV-aug-cc-pV(Q+d)Z,p2,P2,-682.572892147905,0.18577424752902516,116.57510036140674
NacV-aug-cc-pV(Q+d)Z,p_h2,H2P,-342.440928868402,0.24736991821401944,155.2269672775114
NacV-aug-cc-pV(Q+d)Z,p_h3,H3P,-343.08119495601,0.38763600582200297,243.24526614128587
NacV-aug-cc-pV(Q+d)Z,s2,S2,-796.267202357973,0.16549006774300778,103.8465853720816
NacV-aug-cc-pV(Q+d)Z,s_o,OS,-473.32059725007,0.20226571647799574,126.9236533681032
NacV-aug-cc-pV(Q+d)Z,s_o2,O2S,-548.601154095911,0.4153471738420649,260.63428661122913
NacV-aug-cc-pV(Q+d)Z,si2,Si2,-578.696033987255,0.12132534539091466,76.13280367677682
NacV-aug-cc-pV(Q+d)Z,si2_h6,H6Si2,-582.433935232962,0.8592265910979222,539.1728262808874
NacV-aug-cc-pV(Q+d)Z,si_h2_singlet,H2Si,-290.53434856309,0.2469942421579958,154.99122699317792
NacV-aug-cc-pV(Q+d)Z,si_h2_triplet,H2Si,-290.500750868787,0.21339654785498396,133.90835551136215
NacV-aug-cc-pV(Q+d)Z,si_h3,H3Si,-291.153034137317,0.3656798163849544,229.46754925521373
NacV-aug-cc-pV(Q+d)Z,si_h4,H4Si,-291.808287903396,0.5209335824639538,326.8907583537622
NacV-aug-cc-pV(Q+d)Z,si_o,OSi,-364.664537111844,0.30970740243498085,194.3443292154237
NacV-aug-cc-pV(T+d)Z,be_h,BeH,-15.247548881226,0.08123078840400133,50.97308930912584
NacV-aug-cc-pV(T+d)Z,c2_h2,C2H2,-77.329727444503,0.6464695679090084,405.6657785563814
NacV-aug-cc-pV(T+d)Z,c2_h4,C2H4,-78.584335593521,0.9010777169270057,565.4348042388442
NacV-aug-cc-pV(T+d)Z,c2_h6,C2H6,-79.824072718674,1.1408148420800046,715.8721215570022
NacV-aug-cc-pV(T+d)Z,c_h,CH,-38.476499837073,0.13487089877600056,84.6327667573457
NacV-aug-cc-pV(T+d)Z,c_h2_singlet,CH2,-39.131629659138,0.29000072084100026,181.97819981285596
NacV-aug-cc-pV(T+d)Z,c_h2_triplet,CH2,-39.146608413302,0.30497947500499833,191.37750996042686
NacV-aug-cc-pV(T+d)Z,c_h3,CH3,-39.833797061679,0.492168123382001,308.84016025406237
NacV-aug-cc-pV(T+d)Z,c_h3_cl,CClH3,-500.046489528495,0.6342409877859723,397.9922286748365
NacV-aug-cc-pV(T+d)Z,c_h4,CH4,-40.513859409416,0.6722304711190006,421.830989381074
NacV-aug-cc-pV(T+d)Z,c_n,CN,-92.712471799449,0.2867083797790002,179.91222460460395
NacV-aug-cc-pV(T+d)Z,c_o,CO,-113.315006524526,0.41370718139900475,259.605175815817
NacV-aug-cc-pV(T+d)Z,c_o2,CO2,-188.583538861406,0.6225691134490035,390.66801694831463
NacV-aug-cc-pV(T+d)Z,c_s,CS,-436.145913011921,0.27199705095699755,170.68072639273976
NacV-aug-cc-pV(T+d)Z,cl2,Cl2,-920.233602212878,0.09236300805400788,57.95866260685636
NacV-aug-cc-pV(T+d)Z,cl_f,ClF,-559.895817625914,0.1011787808349709,63.49064354809825
NacV-aug-cc-pV(T+d)Z,cl_o,ClO,-535.233788265262,0.10349825801995394,64.94613745654831
NacV-aug-cc-pV(T+d)Z,f2,F2,-199.509999160383,0.06196067504899361,38.88091061258862
NacV-aug-cc-pV(T+d)Z,h2_c_o,CH2O,-114.499802858946,0.5985035158190044,375.5666264364997
NacV-aug-cc-pV(T+d)Z,h2_o,H2O,-76.432491407545,0.37282100271499985,233.94871133336713
NacV-aug-cc-pV(T+d)Z,h2_o2,H2O2,-151.549997841053,0.4306570313929967,270.24136727099534
NacV-aug-cc-pV(T+d)Z,h2_s,H2S,-399.325774934419,0.2934879117519813,184.1664451473633
NacV-aug-cc-pV(T+d)Z,h3_c_o_h,CH4O,-115.723295197693,0.821995854566012,515.8101863807666
NacV-aug-cc-pV(T+d)Z,h3_c_s_h,CH4S,-438.634594379339,0.7606784183749937,477.33291424564305
NacV-aug-cc-pV(T+d)Z,h_c_n,CHN,-93.425351634473,0.49958821480299775,313.49633791915215
NacV-aug-cc-pV(T+d)Z,h_c_o,CHO,-113.846975019182,0.4456756760550036,279.6657090839918
NacV-aug-cc-pV(T+d)Z,h_cl,ClH,-460.742324193001,0.17170459058900178,107.74625733472442
NacV-aug-cc-pV(T+d)Z,h_f,FH,-100.450756626997,0.22673738433000779,142.27985679136617
NacV-aug-cc-pV(T+d)Z,h_o_cl,ClHO,-535.89691027112,0.2666202638779396,167.30674156061082
NacV-aug-cc-pV(T+d)Z,li2,Li2,-14.99535876629,0.038839016427999695,24.37185077186219
NacV-aug-cc-pV(T+d)Z,li_f,FLi,-107.424676057118,0.22239693952001005,139.55618655144457
NacV-aug-cc-pV(T+d)Z,li_h,HLi,-8.071305895177,0.09304602024599973,58.38725922823185
NacV-aug-cc-pV(T+d)Z,n2,N2,-109.531570354799,0.36330139205300327,227.97506545357217
NacV-aug-cc-pV(T+d)Z,n2_h4,H4N2,-111.869949362513,0.7016803997669996,440.31109861817566
NacV-aug-cc-pV(T+d)Z,n_h,HN,-55.217230801303,0.13309631993000437,83.51920171901114
NacV-aug-cc-pV(T+d)Z,n_h2,H2N,-55.87626010913,0.29212562775700235,183.31159903414948
NacV-aug-cc-pV(T+d)Z,n_h3,H3N,-56.560869382245,0.4767349008720032,299.15566691371487
NacV-aug-cc-pV(T+d)Z,n_o,NO,-129.886908823971,0.2431039377680122,152.55002413147395
NacV-aug-cc-pV(T+d)Z,na2,Na2,-324.522297676499,0.027392722651029544,17.189192983903915
NacV-aug-cc-pV(T+d)Z,na_cl,ClNa,-622.472507043624,0.1544349642879297,96.9094032172724
NacV-aug-cc-pV(T+d)Z,o2,O2,-150.310536839088,0.1911960294279993,119.97731986931683
NacV-aug-cc-pV(T+d)Z,o_h,HO,-75.731255883451,0.17158547862099738,107.67151344632735
NacV-aug-cc-pV(T+d)Z,p2,P2,-682.552225841738,0.180560224752071,113.3032516708872
NacV-aug-cc-pV(T+d)Z,p_h2,H2P,-342.432355318024,0.24652250953101884,154.6952103005252
NacV-aug-cc-pV(T+d)Z,p_h3,H3P,-343.071826271926,0.3859934634330102,242.21455523064267
NacV-aug-cc-pV(T+d)Z,s2,S2,-796.225360215592,0.16078617025800668,100.89484513522183
NacV-aug-cc-pV(T+d)Z,s_o,OS,-473.29325515062,0.2012977231229911,126.31622836700767
NacV-aug-cc-pV(T+d)Z,s_o2,O2S,-548.565064912459,0.41343708013198466,259.43568471180544
NacV-aug-cc-pV(T+d)Z,si2,Si2,-578.695778031207,0.11876629146900086,74.52697309613757
NacV-aug-cc-pV(T+d)Z,si2_h6,H6Si2,-582.429816378125,0.8528046383869423,535.1429901127624
NacV-aug-cc-pV(T+d)Z,si_h2_singlet,H2Si,-290.533652752904,0.24514688303497678,153.83199164148658
NacV-aug-cc-pV(T+d)Z,si_h2_triplet,H2Si,-290.500032278707,0.21152640883798313,132.73482556037905
NacV-aug-cc-pV(T+d)Z,si_h3,H3Si,-291.150809247693,0.36230337782399147,227.3488020696175
NacV-aug-cc-pV(T+d)Z,si_h4,H4Si,-291.80583238659,0.5173265167209706,324.6272904264718
NacV-aug-cc-pV(T+d)Z,si_o,OSi,-364.654806275423,0.3066300007239988,192.41323048628448
NacV-cc-pV(T+d)Z,be_h,BeH,-15.245820940878,0.07974510329600015,50.040807828380636
NacV-cc-pV(T+d)Z,c2_h2,C2H2,-77.326124039578,0.6450580539219999,404.78004015676095
NacV-cc-pV(T+d)Z,c2_h4,C2H4,-78.580423389981,0.8993574043249879,564.3552917827279
NacV-cc-pV(T+d)Z,c2_h6,C2H6,-79.820189731303,1.139123745646998,714.8109425237362
NacV-cc-pV(T+d)Z,c_h,CH,-38.474079778938,0.1335467861099957,83.80187351470072
NacV-cc-pV(T+d)Z,c_h2_singlet,CH2,-39.128670762815,0.2881377699869958,180.80918050225424
NacV-cc-pV(T+d)Z,c_h2_triplet,CH2,-39.144559055492,0.30402606266400056,190.77923468376207
NacV-cc-pV(T+d)Z,c_h3,CH3,-39.831599534043,0.49106654121499815,308.1489070078091
NacV-cc-pV(T+d)Z,c_h3_cl,CClH3,-500.037503706218,0.6305052920509979,395.64804420892295
NacV-cc-pV(T+d)Z,c_h4,CH4,-40.511914612932,0.6713816201040004,421.2983273270933
NacV-cc-pV(T+d)Z,c_n,CN,-92.707927350406,0.28533814766998944,179.05239097453423
NacV-cc-pV(T+d)Z,c_o,CO,-113.30955436929,0.41331937935198937,259.3618263572538
NacV-cc-pV(T+d)Z,c_o2,CO2,-188.572755814725,0.6208188276769988,389.56969604406385
NacV-cc-pV(T+d)Z,c_s,CS,-436.140050600539,0.27042301221496245,169.69300216957035
NacV-cc-pV(T+d)Z,cl2,Cl2,-920.221791653658,0.08886081098000886,55.76100076288591
NacV-cc-pV(T+d)Z,cl_f,ClF,-559.88096654135,0.09573623451296953,60.075394168015116
NacV-cc-pV(T+d)Z,cl_o,ClO,-535.221057931019,0.09889051257005121,62.05473353266322
NacV-cc-pV(T+d)Z,f2,F2,-199.495357999704,0.05782822870799009,36.28776138255152
NacV-cc-pV(T+d)Z,h2_c_o,CH2O,-114.492574447111,0.5963394571729879,374.2086591336962
NacV-cc-pV(T+d)Z,h2_o,H2O,-76.424066313882,0.3683643167719879,231.15209868120328
NacV-cc-pV(T+d)Z,h2_o2,H2O2,-151.536896399834,0.42549240561399415,267.0005156646807
NacV-cc-pV(T+d)Z,h2_s,H2S,-399.320293585871,0.2911989903749941,182.73012529791825
NacV-cc-pV(T+d)Z,h3_c_o_h,CH4O,-115.713633996903,0.8173990069649903,512.9256209603013
NacV-cc-pV(T+d)Z,h3_c_s_h,CH4S,-438.626219683111,0.7565920947869813,474.76870748007775
NacV-cc-pV(T+d)Z,h_c_n,CHN,-93.420478047429,0.4978888446929943,312.42996707518535
NacV-cc-pV(T+d)Z,h_c_o,CHO,-113.83995063035,0.4437156404119946,278.43576814850235
NacV-cc-pV(T+d)Z,h_cl,ClH,-460.736844155847,0.1703787345080059,106.91427008265532
NacV-cc-pV(T+d)Z,h_f,FH,-100.442187018014,0.2234221325159922,140.1995048691665
NacV-cc-pV(T+d)Z,h_o_cl,ClHO,-535.88359216832,0.2614247498710256,164.04650729864474
NacV-cc-pV(T+d)Z,li2,Li2,-14.995253433758,0.03870598820000026,24.28837429847472
NacV-cc-pV(T+d)Z,li_f,FLi,-107.415364281403,0.21832567312600304,137.00142831777046
NacV-cc-pV(T+d)Z,li_h,HLi,-8.070822229562,0.09254850678299942,58.07506481672521
NacV-cc-pV(T+d)Z,n2,N2,-109.526216108118,0.3621036883019997,227.22349500269652
NacV-cc-pV(T+d)Z,n2_h4,H4N2,-111.859049398374,0.6949369785579904,436.0795379219244
NacV-cc-pV(T+d)Z,n_h,HN,-55.213238806839,0.13118259693099787,82.31832240640212
NacV-cc-pV(T+d)Z,n_h2,H2N,-55.87089717191,0.2888409620019985,181.25044015375394
NacV-cc-pV(T+d)Z,n_h3,H3N,-56.554635110056,0.47257890014799386,296.5477370851859
NacV-cc-pV(T+d)Z,n_o,NO,-129.879425839922,0.24166763290398308,151.64872922165276
NacV-cc-pV(T+d)Z,na2,Na2,-324.521933156157,0.026973228595011278,16.925956489439297
NacV-cc-pV(T+d)Z,na_cl,ClNa,-622.465813233684,0.1518678485640521,95.29851377952286
NacV-cc-pV(T+d)Z,o2,O2,-150.300754918476,0.1893509242559901,118.81949889323823
NacV-cc-pV(T+d)Z,o_h,HO,-75.724751142434,0.16904914532399573,106.07994027307713
NacV-cc-pV(T+d)Z,p2,P2,-682.546611662185,0.1779786082629471,111.68326286556443
NacV-cc-pV(T+d)Z,p_h2,H2P,-342.428055970806,0.24373944384495871,152.94881021558254
NacV-cc-pV(T+d)Z,p_h3,H3P,-343.067510417204,0.38319389024297834,240.45779653056462
NacV-cc-pV(T+d)Z,s2,S2,-796.218010337997,0.1598211470050046,100.28928390127183
NacV-cc-pV(T+d)Z,s_o,OS,-473.281803932291,0.19700733968494433,123.62397211226991
NacV-cc-pV(T+d)Z,s_o2,O2S,-548.547198230096,0.4066996403799976,255.20787743650422
NacV-cc-pV(T+d)Z,si2,Si2,-578.691836835979,0.11668911734091125,73.22352665148259
NacV-cc-pV(T+d)Z,si2_h6,H6Si2,-582.423928543859,0.8487808252209561,532.6180092292461
NacV-cc-pV(T+d)Z,si_h2_singlet,H2Si,-290.53108358422,0.24350972490100276,152.8046594018784
NacV-cc-pV(T+d)Z,si_h2_triplet,H2Si,-290.497305232413,0.20973137309397316,131.6084236247309
NacV-cc-pV(T+d)Z,si_h3,H3Si,-291.148673972299,0.3611001129799547,226.59374198017736
NacV-cc-pV(T+d)Z,si_h4,H4Si,-291.803061170804,0.5154873114850034,323.4731717161559
NacV-cc-pV(T+d)Z,si_o,OSi,-364.645657981246,0.30238212481697246,189.74764810998104
ano-pvdz,li2,Li2,-14.967933283286,0.010385149479999356,6.516779688261073
ano-pvdz,li_h,HLi,-8.051256833095,0.07248276619199956,45.48362249178029
ano-pvdz,na2,Na2,-324.187269897201,0.007580854216996613,4.757057842656579
ano-pvdz,si2,Si2,-578.540304187286,0.09856557707996672,61.85083343417586
aug-ano-pV(D+d)Z,be_h,BeH,-15.235804583023,0.06905154531500024,43.330498883860116
aug-ano-pV(D+d)Z,c2_h2,C2H2,-77.314660015607,0.6343278835350077,398.04675658061205
aug-ano-pV(D+d)Z,c2_h4,C2H4,-78.569579016984,0.8892468849119979,558.0108450633778
aug-ano-pV(D+d)Z,c2_h6,C2H6,-79.80766292592,1.127330793848003,707.4107535426974
aug-ano-pV(D+d)Z,c_h,CH,-38.471595445713,0.13142937967700163,82.47318091755479
aug-ano-pV(D+d)Z,c_h2_singlet,CH2,-39.124622092076,0.2844560260400044,178.49885129444266
aug-ano-pV(D+d)Z,c_h2_triplet,CH2,-39.140447760848,0.30028169481199996,188.4296083822544
aug-ano-pV(D+d)Z,c_h3,CH3,-39.826419252124,0.4862531860879997,305.1284810635874
aug-ano-pV(D+d)Z,c_h3_cl,CClH3,-499.992803893006,0.62121994387104,389.8214002560248
aug-ano-pV(D+d)Z,c_h4,CH4,-40.505837463048,0.6656713970120052,417.7151082378524
aug-ano-pV(D+d)Z,c_n,CN,-92.700014448344,0.2770293287490091,173.83852838334434
aug-ano-pV(D+d)Z,c_o,CO,-113.302544263706,0.4061370821680015,254.85486682876464
aug-ano-pV(D+d)Z,c_o2,CO2,-188.558403092659,0.6057547956189921,380.1168732100744
aug-ano-pV(D+d)Z,c_s,CS,-436.104257137104,0.2644983976890103,165.9752504243635
aug-ano-pV(D+d)Z,cl2,Cl2,-920.144599061069,0.0817632948710525,51.30724216220031
aug-ano-pV(D+d)Z,cl_f,ClF,-559.842239221358,0.08881154867299301,55.730088198519255
aug-ano-pV(D+d)Z,cl_o,ClO,-535.17876213458,0.09110313597898312,57.16808094367078
aug-ano-pV(D+d)Z,f2,F2,-199.495267849238,0.0512482700659973,32.15877499575768
aug-ano-pV(D+d)Z,h2_c_o,CH2O,-114.483724770673,0.5873175891350115,368.5473514661189
aug-ano-pV(D+d)Z,h2_o,H2O,-76.424594070036,0.3683529545339894,231.14496876921268
aug-ano-pV(D+d)Z,h2_o2,H2O2,-151.53141201593,0.41892978492597877,262.88240900826855
aug-ano-pV(D+d)Z,h2_s,H2S,-399.287634868932,0.2880421955529755,180.74920663942825
aug-ano-pV(D+d)Z,h3_c_o_h,CH4O,-115.705916875818,0.8095096942800097,507.9750025066298
aug-ano-pV(D+d)Z,h3_c_s_h,CH4S,-438.585316485168,0.7455577457529898,467.8445489211291
aug-ano-pV(D+d)Z,h_c_n,CHN,-93.410648273883,0.48766315428800056,306.01324946721564
aug-ano-pV(D+d)Z,h_c_o,CHO,-113.831649644621,0.4352424630830001,273.1187690991416
aug-ano-pV(D+d)Z,h_cl,ClH,-460.700938533227,0.16952065012799267,106.37581400465146
aug-ano-pV(D+d)Z,h_f,FH,-100.445654005144,0.22364421555799652,140.33886408205296
aug-ano-pV(D+d)Z,h_o_cl,ClHO,-535.840772928862,0.25311393026095175,158.831389256094
aug-ano-pV(D+d)Z,li2,Li2,-14.969639522085,0.013455286440999359,8.443319717959868
aug-ano-pV(D+d)Z,li_f,FLi,-107.408214138616,0.20811223120800548,130.5923967514338
aug-ano-pV(D+d)Z,li_h,HLi,-8.06218951516,0.0840973973379997,52.771913573643744
aug-ano-pV(D+d)Z,n2,N2,-109.518672958212,0.35303485109399446,221.5327137359373
aug-ano-pV(D+d)Z,n2_h4,H4N2,-111.848710352067,0.6830722449490025,428.63430517504963
aug-ano-pV(D+d)Z,n_h,HN,-55.211698555625,0.12887950206599896,80.87310855894923
aug-ano-pV(D+d)Z,n_h2,H2N,-55.867949867755,0.28513081419600184,178.9222872553166
aug-ano-pV(D+d)Z,n_h3,H3N,-56.550688366281,0.4678693127220015,293.5924263564472
aug-ano-pV(D+d)Z,n_o,NO,-129.870293356107,0.23123318704600138,145.10101558917074
aug-ano-pV(D+d)Z,na2,Na2,-324.368930450281,0.008813173311011724,5.5303497492199165
aug-ano-pV(D+d)Z,na_cl,ClNa,-622.354408941013,0.14293241942903023,89.69144734247718
aug-ano-pV(D+d)Z,o2,O2,-150.292988521457,0.18050629045299615,113.26940738724079
aug-ano-pV(D+d)Z,o_h,HO,-75.724877540934,0.1686364254319983,105.82095463071444
aug-ano-pV(D+d)Z,p2,P2,-682.494021117987,0.1646597017829663,103.32552286521607
aug-ano-pV(D+d)Z,p_h2,H2P,-342.402664053445,0.23798334534296828,149.33680387194312
aug-ano-pV(D+d)Z,p_h3,H3P,-343.041131123011,0.3764504149089589,236.2262018703566
aug-ano-pV(D+d)Z,s2,S2,-796.147826464515,0.148641117756938,93.27370962780748
aug-ano-pV(D+d)Z,s_o,OS,-473.245096423943,0.18926263506193663,118.76409658751228
aug-ano-pV(D+d)Z,s_o2,O2S,-548.501362915443,0.389288011059989,244.28191507932397
aug-ano-pV(D+d)Z,si2,Si2,-578.634000179675,0.10811936440700265,67.8459254950749
aug-ano-pV(D+d)Z,si2_h6,H6Si2,-582.360131275226,0.834250459957957,523.5000673651168
aug-ano-pV(D+d)Z,si_h2_singlet,H2Si,-290.501977744517,0.2390373368829728,149.9981935488783
aug-ano-pV(D+d)Z,si_h2_triplet,H2Si,-290.469372190335,0.2064317827009745,129.53789939259667
aug-ano-pV(D+d)Z,si_h3,H3Si,-291.119025706639,0.3560852990049739,223.44689870021287
aug-ano-pV(D+d)Z,si_h4,H4Si,-291.772095147861,0.509154740227018,319.4994232565904
aug-ano-pV(D+d)Z,si_o,OSi,-364.616237414083,0.2970558909469787,186.40538589548422
aug-ano-pV(D+d)Z_refcorr,be_h,BeH,-15.242477392653,0.07576013276900007,47.54020106882586
aug-ano-pV(D+d)Z_refcorr,c2_h4,C2H4,-78.574778213692,0.8940550597379939,561.028020319642
aug-ano-pV(D+d)Z_refcorr,c2_h6,C2H6,-79.812865039078,1.1321418851239997,710.4297588989676
aug-ano-pV(D+d)Z_refcorr,c_h,CH,-38.472269206145,0.1319076291679977,82.77328700412066
aug-ano-pV(D+d)Z_refcorr,c_h2_singlet,CH2,-39.126125398908,0.28576382193099903,179.31950560618256
aug-ano-pV(D+d)Z_refcorr,c_h2_triplet,CH2,-39.141821810753996,0.30146023377699294,189.16915274834003
aug-ano-pV(D+d)Z_refcorr,c_h3,CH3,-39.828359314583,0.4879977376059941,306.22320366912004
aug-ano-pV(D+d)Z_refcorr,c_h3_cl,CClH3,-499.998853465433,0.6256494787519955,392.60097535951735
aug-ano-pV(D+d)Z_refcorr,c_h4,CH4,-40.508467023273,0.6681054462959963,419.2424972238934
aug-ano-pV(D+d)Z_refcorr,c_n,CN,-92.705416554175,0.2823708659460067,177.19039358052078
aug-ano-pV(D+d)Z_refcorr,c_o,CO,-113.309281065908,0.41188594058699834,258.4623299517326
aug-ano-pV(D+d)Z_refcorr,c_o2,CO2,-188.570144207287,0.6157155336219944,386.3673306756187
aug-ano-pV(D+d)Z_refcorr,cl2,Cl2,-920.1542883284541,0.0886035090460382,55.59954136162455
aug-ano-pV(D+d)Z_refcorr,cl_f,ClF,-559.85174327484,0.096524560830062,60.57007640064391
aug-ano-pV(D+d)Z_refcorr,cl_o,ClO,-535.1881581212759,0.09828216322796379,61.672988556963304
aug-ano-pV(D+d)Z_refcorr,f2,F2,-199.503467637,0.05871502838797937,36.84423658334092
aug-ano-pV(D+d)Z_refcorr,h2_c_o,CH2O,-114.490608952215,0.5932138268940008,372.2472965212133
aug-ano-pV(D+d)Z_refcorr,h2_o,H2O,-76.427760750873,0.3707272025290109,232.634831879864
aug-ano-pV(D+d)Z_refcorr,h2_o2,H2O2,-151.539259983586,0.42519288689800305,266.81256483273705
aug-ano-pV(D+d)Z_refcorr,h2_s,H2S,-399.290729316096,0.2900829419410229,182.02979433208807
aug-ano-pV(D+d)Z_refcorr,h3_c_o_h,CH4O,-115.712773513375,0.8153783880540004,511.6576634501841
aug-ano-pV(D+d)Z_refcorr,h3_c_s_h,CH4S,-438.591137524052,0.7501295729200024,470.71341378220853
aug-ano-pV(D+d)Z_refcorr,h_c_n,CHN,-93.416696806286,0.49365111805700224,309.77075346261074
aug-ano-pV(D+d)Z_refcorr,h_c_o,CHO,-113.83876697271499,0.44137184739399515,276.96501582446473
aug-ano-pV(D+d)Z_refcorr,h_cl,ClH,-460.703317826854,0.17047541714998715,106.97493935647601
aug-ano-pV(D+d)Z_refcorr,h_f,FH,-100.448154054913,0.22577775060699423,141.6776775385447
aug-ano-pV(D+d)Z_refcorr,h_o_cl,ClHO,-535.84950333883,0.2596273807820353,162.91864116691517
aug-ano-pV(D+d)Z_refcorr,li2,Li2,-14.994353268634,0.03884989550400064,24.37867749512184
aug-ano-pV(D+d)Z_refcorr,li_f,FLi,-107.417424076353,0.21729608548199053,136.3553523167743
aug-ano-pV(D+d)Z_refcorr,li_h,HLi,-8.070088483045,0.0923367964799997,57.94221459583612
aug-ano-pV(D+d)Z_refcorr,n2,N2,-109.52549490164499,0.36012667914098984,225.9829030238533
aug-ano-pV(D+d)Z_refcorr,n2_h4,H4N2,-111.856761302296,0.6913930797919932,433.85570787114057
aug-ano-pV(D+d)Z_refcorr,n_h,HN,-55.212694575519,0.13001046426700213,81.58279805488597
aug-ano-pV(D+d)Z_refcorr,n_h2,H2N,-55.869823585245996,0.28713947399399586,180.18274030872752
aug-ano-pV(D+d)Z_refcorr,n_h3,H3N,-56.553978743528,0.471294632275999,295.7418468282743
aug-ano-pV(D+d)Z_refcorr,n_o,NO,-129.878928760483,0.2392111008870188,150.10723210766832
aug-ano-pV(D+d)Z_refcorr,na2,Na2,-324.459110292943,0.02689567733102649,16.877292336563276
aug-ano-pV(D+d)Z_refcorr,na_cl,ClNa,-622.3994095438,0.150459826289989,94.41496646285638
aug-ano-pV(D+d)Z_refcorr,o2,O2,-150.302117025775,0.1880499290870148,118.0031120989959
aug-ano-pV(D+d)Z_refcorr,o_h,HO,-75.72695105477,0.16991750642600323,106.6248450914947
aug-ano-pV(D+d)Z_refcorr,p2,P2,-682.4981109989351,0.16781904599315567,105.30804128893631
aug-ano-pV(D+d)Z_refcorr,p_h2,H2P,-342.404856272511,0.23971029604001615,150.42048179558054
aug-ano-pV(D+d)Z_refcorr,p_h3,H3P,-343.043654169667,0.37850819319601214,237.51747724100383
aug-ano-pV(D+d)Z_refcorr,s2,S2,-796.155833778963,0.1545410306530357,96.97596086625585
aug-ano-pV(D+d)Z_refcorr,s_o,OS,-473.25555335614797,0.19787343364896515,124.16745428012183
aug-ano-pV(D+d)Z_refcorr,s_o2,O2S,-548.524658123626,0.40994465278299685,257.2441534628385
aug-ano-pV(D+d)Z_refcorr,si2,Si2,-578.6356629906351,0.10938732272711604,68.64158135366317
aug-ano-pV(D+d)Z_refcorr,si2_h6,H6Si2,-582.365430534698,0.8391548667900679,526.5776291169262
aug-ano-pV(D+d)Z_refcorr,si_h2_singlet,H2Si,-290.503826740823,0.24068890686902478,151.0345693622042
aug-ano-pV(D+d)Z_refcorr,si_h2_triplet,H2Si,-290.470712571091,0.20757473713700847,130.2551141296304
aug-ano-pV(D+d)Z_refcorr,si_h3,H3Si,-291.12148845889396,0.3583506249399875,224.86841218627475
aug-ano-pV(D+d)Z_refcorr,si_h4,H4Si,-291.775040972521,0.5119031385670496,321.2240692534595
aug-ano-pV(D+d)Z_refcorr,si_o,OSi,-364.622736672834,0.3025652905359948,189.86258633399115
aug-ano-pV(D+d)Z_svd_proj,be_h,BeH,-15.241624515638,0.07494054759300006,47.025903606084185
aug-ano-pV(D+d)Z_svd_proj,c2_h2,C2H2,-77.319748543646,0.6391047063099933,401.04425812783586
aug-ano-pV(D+d)Z_svd_proj,c2_h4,C2H4,-78.574110105724,0.8934662683879964,560.6585481692722
aug-ano-pV(D+d)Z_svd_proj,c2_h6,C2H6,-79.812396282834,1.1317524454979946,710.1853818440738
aug-ano-pV(D+d)Z_svd_proj,c_h,CH,-38.472245281696,0.1319233630279939,82.78316015033187
aug-ano-pV(D+d)Z_svd_proj,c_h2_singlet,CH2,-39.126112031117,0.2857901124489999,179.33600315530612
aug-ano-pV(D+d)Z_svd_proj,c_h2_triplet,CH2,-39.141662149808,0.30134023113999575,189.09384995671172
aug-ano-pV(D+d)Z_svd_proj,c_h3,CH3,-39.828200488836,0.4878785701680002,306.148424972779
aug-ano-pV(D+d)Z_svd_proj,c_h3_cl,CClH3,-499.997921602251,0.6250640334459945,392.23360288345594
aug-ano-pV(D+d)Z_svd_proj,c_h4,CH4,-40.508236058343,0.6679141396749984,419.12245050676614
aug-ano-pV(D+d)Z_svd_proj,c_n,CN,-92.70490768896,0.28195920385400086,176.9320717176745
aug-ano-pV(D+d)Z_svd_proj,c_o,CO,-113.308469722236,0.411293016533989,258.0902644910693
aug-ano-pV(D+d)Z_svd_proj,c_o2,CO2,-188.568711213701,0.6146797209650003,385.71734842000046
aug-ano-pV(D+d)Z_svd_proj,c_s,CS,-436.11301380802,0.266976901969997,167.53053534218864
aug-ano-pV(D+d)Z_svd_proj,cl2,Cl2,-920.152879438603,0.08780813832902368,55.100438701305585
aug-ano-pV(D+d)Z_svd_proj,cl_f,ClF,-559.850471131961,0.09594039819592126,60.20350881332694
aug-ano-pV(D+d)Z_svd_proj,cl_o,ClO,-535.1867606343,0.0973701971289529,61.100721189809605
aug-ano-pV(D+d)Z_svd_proj,f2,F2,-199.502258073269,0.05826790601298626,36.56366305696715
aug-ano-pV(D+d)Z_svd_proj,h2_c_o,CH2O,-114.489950418605,0.5927737129029964,371.9711208221903
aug-ano-pV(D+d)Z_svd_proj,h2_o,H2O,-76.427846961668,0.37099217463399725,232.80110438610538
aug-ano-pV(D+d)Z_svd_proj,h2_o2,H2O2,-151.538926565542,0.42521699147400227,266.82769068254487
aug-ano-pV(D+d)Z_svd_proj,h2_s,H2S,-399.295267177586,0.2895521902040059,181.69674258873445
aug-ano-pV(D+d)Z_svd_proj,h3_c_o_h,CH4O,-115.712412782909,0.8152360772069898,511.56836204542293
aug-ano-pV(D+d)Z_svd_proj,h3_c_s_h,CH4S,-438.594969362384,0.7489324563339892,469.96221178292717
aug-ano-pV(D+d)Z_svd_proj,h_c_n,CHN,-93.415966152181,0.4930176670749944,309.37325697004627
aug-ano-pV(D+d)Z_svd_proj,h_c_o,CHO,-113.838004348757,0.44082764305498756,276.62352244591125
aug-ano-pV(D+d)Z_svd_proj,h_cl,ClH,-460.702877400951,0.1703417508140319,106.8910624643008
aug-ano-pV(D+d)Z_svd_proj,h_f,FH,-100.44820636858,0.22621128495200082,141.94972444736808
aug-ano-pV(D+d)Z_svd_proj,h_o_cl,ClHO,-535.848519821492,0.25912938432099963,162.6061436695654
aug-ano-pV(D+d)Z_svd_proj,li2,Li2,-14.994420329991,0.03876309362500052,24.324208493682782
aug-ano-pV(D+d)Z_svd_proj,li_f,FLi,-107.416989418569,0.21716571675800367,136.27354470735102
aug-ano-pV(D+d)Z_svd_proj,li_h,HLi,-8.069896919698,0.0920683015149999,57.7737314615605
aug-ano-pV(D+d)Z_svd_proj,n2,N2,-109.524592222124,0.35933908924799596,225.4886829043233
aug-ano-pV(D+d)Z_svd_proj,n2_h4,H4N2,-111.856688913703,0.6914357808269926,433.882503175155
aug-ano-pV(D+d)Z_svd_proj,n_h,HN,-55.212669156239,0.13004258980100047,81.60295713182926
aug-ano-pV(D+d)Z_svd_proj,n_h2,H2N,-55.869882366848,0.2872558004100014,180.25573623685483
aug-ano-pV(D+d)Z_svd_proj,n_h3,H3N,-56.554140083045,0.47151351660699703,295.87919881969947
aug-ano-pV(D+d)Z_svd_proj,n_o,NO,-129.87794185802,0.23846050454798728,149.63622579372898
aug-ano-pV(D+d)Z_svd_proj,na2,Na2,-324.458954688,0.027061806300025637,16.981539838526572
aug-ano-pV(D+d)Z_svd_proj,na_cl,ClNa,-622.398826546147,0.15034445516005235,94.34256998578778
aug-ano-pV(D+d)Z_svd_proj,o2,O2,-150.300933107348,0.1872235332799903,117.48454090076201
aug-ano-pV(D+d)Z_svd_proj,o_h,HO,-75.726861138176,0.1700063511420069,106.68059599250746
aug-ano-pV(D+d)Z_svd_proj,p2,P2,-682.505311689228,0.16613597066009334,104.25189557187778
aug-ano-pV(D+d)Z_svd_proj,p_h2,H2P,-342.408743219798,0.23915536051401887,150.07225449552305
aug-ano-pV(D+d)Z_svd_proj,p_h3,H3P,-343.047257499774,0.37766964049001217,236.9912774734876
aug-ano-pV(D+d)Z_svd_proj,s2,S2,-796.164482519959,0.15305254519500977,96.04192213933942
aug-ano-pV(D+d)Z_svd_proj,s_o,OS,-473.258623467246,0.19605369282999163,123.02554967587662
aug-ano-pV(D+d)Z_svd_proj,s_o2,O2S,-548.525642335806,0.4062177743559232,254.9055019411684
aug-ano-pV(D+d)Z_svd_proj,si2,Si2,-578.641770143287,0.10881739684100467,68.28394746061448
aug-ano-pV(D+d)Z_svd_proj,si2_h6,H6Si2,-582.370210917492,0.8372581710460736,525.3874345681546
aug-ano-pV(D+d)Z_svd_proj,si_h2_singlet,H2Si,-290.506673226914,0.24019685369103172,150.7258013312707
aug-ano-pV(D+d)Z_svd_proj,si_h2_triplet,H2Si,-290.473426480899,0.20695010767599342,129.86315322506454
aug-ano-pV(D+d)Z_svd_proj,si_h3,H3Si,-291.123884821444,0.35740844822100826,224.2771873688736
aug-ano-pV(D+d)Z_svd_proj,si_h4,H4Si,-291.777399843952,0.5109234707290398,320.6093184036734
aug-ano-pV(D+d)Z_svd_proj,si_o,OSi,-364.62464997266,0.3013188124029966,189.08040949632232
aug-ano-pV(Q+d)Z,c_h3_cl,CClH3,-500.085246853472,0.6321362513569966,396.6714866252485
aug-ano-pV(Q+d)Z,c_s,CS,-436.182986867297,0.274225429877049,172.07905527687453
aug-ano-pV(Q+d)Z,cl2,Cl2,-920.309853104602,0.09440841200000705,59.242172961256884
aug-ano-pV(Q+d)Z,cl_f,ClF,-559.94307061242,0.10019732235798529,62.87476905539024
aug-ano-pV(Q+d)Z,cl_o,ClO,-535.278995007975,0.10310616145807217,64.70009314921994
aug-ano-pV(Q+d)Z,h2_s,H2S,-399.357642240126,0.2942690585200012,184.65662214492954
aug-ano-pV(Q+d)Z,h3_c_s_h,CH4S,-438.668005779379,0.759244341959004,476.4330177080791
aug-ano-pV(Q+d)Z,h_cl,ClH,-460.77946251916,0.17174017285901755,107.76858554626799
aug-ano-pV(Q+d)Z,h_o_cl,ClHO,-535.941347579255,0.26545873273801135,166.57786976588653
aug-ano-pV(Q+d)Z,na2,Na2,-324.492661589862,0.015344924779981284,9.629085678223886
aug-ano-pV(Q+d)Z,na_cl,ClNa,-622.50089060684,0.15450992799799224,96.95644365554756
aug-ano-pV(Q+d)Z,p2,P2,-682.606758162944,0.18562282393395435,116.48008062090311
aug-ano-pV(Q+d)Z,p_h2,H2P,-342.457441050064,0.2468733805590091,154.91538519476333
aug-ano-pV(Q+d)Z,p_h3,H3P,-343.098076562599,0.3875088930939796,243.1655017001772
aug-ano-pV(Q+d)Z,s2,S2,-796.291848217072,0.16510185386005105,103.60297748256343
aug-ano-pV(Q+d)Z,s_o,OS,-473.333478702639,0.20193902081700799,126.71864874569809
aug-ano-pV(Q+d)Z,s_o2,O2S,-548.61553081146,0.4158246294219907,260.93389451107686
aug-ano-pV(Q+d)Z,si2,Si2,-578.736896838687,0.12067949152105939,75.72752425458232
aug-ano-pV(Q+d)Z,si2_h6,H6Si2,-582.474027386763,0.8578100395970978,538.2839267936218
aug-ano-pV(Q+d)Z,si_h2_singlet,H2Si,-290.553983603422,0.24587492983903303,154.28884790859323
aug-ano-pV(Q+d)Z,si_h2_triplet,H2Si,-290.520682952299,0.2125742787160334,133.39237383644095
aug-ano-pV(Q+d)Z,si_h3,H3Si,-291.172852251062,0.3647435774790324,228.8800504717612
aug-ano-pV(Q+d)Z,si_h4,H4Si,-291.82780797149,0.5196992979070387,326.1162331006082
aug-ano-pV(Q+d)Z,si_o,OSi,-364.685046746613,0.30877157281406653,193.75708726219108
aug-ano-pV(Q+d)Z_refcorr,be_h,BeH,-15.247863845881,0.0797551372099985,50.04710420447653
aug-ano-pV(Q+d)Z_refcorr,c2_h2,C2H2,-77.336324049327,0.6455619099670002,405.09621459856265
aug-ano-pV(Q+d)Z_refcorr,c2_h4,C2H4,-78.589296987102,0.898534847741999,563.8391297339494
aug-ano-pV(Q+d)Z_refcorr,c_h,CH,-38.479301591115004,0.13392052143500166,84.036395971934
aug-ano-pV(Q+d)Z_refcorr,c_h2_singlet,CH2,-39.134017879703,0.2886368100230001,181.12233285278373
aug-ano-pV(Q+d)Z_refcorr,c_h2_triplet,CH2,-39.149370096975,0.3039890272949961,190.75599463883637
aug-ano-pV(Q+d)Z_refcorr,c_h3,CH3,-39.836099849689,0.49071878000899716,307.93068355633187
aug-ano-pV(Q+d)Z_refcorr,c_h4,CH4,-40.515581089070004,0.670200019390002,420.55686168449955
aug-ano-pV(Q+d)Z_refcorr,c_n,CN,-92.72248646462201,0.28723895658599474,180.2451665777112
aug-ano-pV(Q+d)Z_refcorr,c_o,CO,-113.327374914556,0.4138377839120011,259.6871301300586
aug-ano-pV(Q+d)Z_refcorr,c_o2,CO2,-188.603608950357,0.6219157587489974,390.25803068413717
aug-ano-pV(Q+d)Z_refcorr,c_s,CS,-436.183239351603,0.27436197808998486,172.16474057415817
aug-ano-pV(Q+d)Z_refcorr,f2,F2,-199.53090557532698,0.060557724470982066,38.000545833244075
aug-ano-pV(Q+d)Z_refcorr,h2_c_o,CH2O,-114.51053967966101,0.5970025490170059,374.62475554799147
aug-ano-pV(Q+d)Z_refcorr,h2_o,H2O,-76.439623903602,0.3714678426379976,233.09959056512426
aug-ano-pV(Q+d)Z_refcorr,h2_o2,H2O2,-151.564939608799,0.42862748687099383,268.9678088554056
aug-ano-pV(Q+d)Z_refcorr,h2_s,H2S,-399.357675424148,0.29417912031499327,184.60018506920684
aug-ano-pV(Q+d)Z_refcorr,h3_c_o_h,CH4O,-115.732521446635,0.8189843159910026,513.9204173934418
aug-ano-pV(Q+d)Z_refcorr,h3_c_s_h,CH4S,-438.668037045013,0.7591596715000151,476.37988619289024
aug-ano-pV(Q+d)Z_refcorr,h_c_n,CHN,-93.434018488759,0.49877098072298054,312.9835157914141
aug-ano-pV(Q+d)Z_refcorr,h_c_o,CHO,-113.858556235385,0.44501910474099304,279.25370436405217
aug-ano-pV(Q+d)Z_refcorr,h_f,FH,-100.461038872382,0.2258649469540046,141.73239407239743
aug-ano-pV(Q+d)Z_refcorr,li2,Li2,-14.99524206838,0.038907503017998835,24.414826755932925
aug-ano-pV(Q+d)Z_refcorr,li_f,FLi,-107.43609338270001,0.22275217459100816,139.77909992401536
aug-ano-pV(Q+d)Z_refcorr,li_h,HLi,-8.070864157571,0.09269687488999967,58.168167209516675
aug-ano-pV(Q+d)Z_refcorr,n2,N2,-109.54297258457899,0.3632397078669811,227.9363580424434
aug-ano-pV(Q+d)Z_refcorr,n2_h4,H4N2,-111.877845452866,0.6981125761539886,438.0722554992252
aug-ano-pV(Q+d)Z_refcorr,n_h,HN,-55.222043179871,0.13217674151499637,82.94215755144968
aug-ano-pV(Q+d)Z_refcorr,n_h2,H2N,-55.88049013398,0.29062369562399226,182.36912239128586
aug-ano-pV(Q+d)Z_refcorr,n_h3,H3N,-56.564575843397,0.474709405040997,297.88464909008314
aug-ano-pV(Q+d)Z_refcorr,n_o,NO,-129.90067601688799,0.24265351756798736,152.26738118864895
aug-ano-pV(Q+d)Z_refcorr,na2,Na2,-324.536106014116,0.027046807831993647,16.972128157740066
aug-ano-pV(Q+d)Z_refcorr,o2,O2,-150.327067960187,0.19075583825900821,119.70109574037602
aug-ano-pV(Q+d)Z_refcorr,o_h,HO,-75.73894681213301,0.1707907511690081,107.17281444090607
aug-ano-pV(Q+d)Z_refcorr,p2,P2,-682.6066959933711,0.18534863964919168,116.30802738457533
aug-ano-pV(Q+d)Z_refcorr,p_h2,H2P,-342.457690732012,0.24701705515104777,155.00554236244975
aug-ano-pV(Q+d)Z_refcorr,p_h3,H3P,-343.098146173887,0.38747249702606723,243.14266282274355
aug-ano-pV(Q+d)Z_refcorr,s2,S2,-796.292086439686,0.16509383202003391,103.59794370195327
aug-ano-pV(Q+d)Z_refcorr,s_o,OS,-473.333979675974,0.20232731117698677,126.96230462527214
aug-ano-pV(Q+d)Z_refcorr,s_o2,O2S,-548.6162806161019,0.416472190340869,261.340245122706
aug-ano-pV(Q+d)Z_refcorr,si2,Si2,-578.7371198702771,0.12102813227511433,75.94629963079629
aug-ano-pV(Q+d)Z_refcorr,si2_h6,H6Si2,-582.474186601259,0.8580948632570653,538.4626563386888
aug-ano-pV(Q+d)Z_refcorr,si_h2_singlet,H2Si,-290.55406439176005,0.24601852275907277,154.37895382632655
aug-ano-pV(Q+d)Z_refcorr,si_h2_triplet,H2Si,-290.520722994726,0.2126771257250084,133.45691130895182
aug-ano-pV(Q+d)Z_refcorr,si_h3,H3Si,-291.17308609106,0.3650402220590081,229.0661977561254
aug-ano-pV(Q+d)Z_refcorr,si_h4,H4Si,-291.827860251811,0.5198143828100115,326.18844996754524
aug-ano-pV(Q+d)Z_refcorr,si_o,OSi,-364.685223765056,0.30902183509101633,193.91412921197767
aug-ano-pV(Q+d)Z_svd_proj,be_h,BeH,-15.247856854632,0.079751652673,50.04491762449725
aug-ano-pV(Q+d)Z_svd_proj,c2_h2,C2H2,-77.33632144697,0.6455771474380043,405.10577625597847
aug-ano-pV(Q+d)Z_svd_proj,c2_h4,C2H4,-78.589287629059,0.8985433295270013,563.8444521343954
aug-ano-pV(Q+d)Z_svd_proj,c2_h6,C2H6,-79.827588547735,1.1368442482030048,713.3805362815278
aug-ano-pV(Q+d)Z_svd_proj,c_h,CH,-38.479285155404,0.13391300563800002,84.03167973811034
aug-ano-pV(Q+d)Z_svd_proj,c_h2_singlet,CH2,-39.134018135109,0.28864598534300256,181.12809045301282
aug-ano-pV(Q+d)Z_svd_proj,c_h2_triplet,CH2,-39.149325166004,0.30395301623799753,190.73339735939874
aug-ano-pV(Q+d)Z_svd_proj,c_h3,CH3,-39.836071344874,0.4906991951080002,307.9183938454077
aug-ano-pV(Q+d)Z_svd_proj,c_h3_cl,CClH3,-500.096919749187,0.631974968116026,396.5702798635319
aug-ano-pV(Q+d)Z_svd_proj,c_h4,CH4,-40.515582015039,0.6702098652730015,420.56304006936233
aug-ano-pV(Q+d)Z_svd_proj,c_n,CN,-92.722503387551,0.2872723210909953,180.26610312069647
aug-ano-pV(Q+d)Z_svd_proj,c_o,CO,-113.327360737798,0.4139001913620035,259.72629139618726
aug-ano-pV(Q+d)Z_svd_proj,c_o2,CO2,-188.603606859184,0.6220579160779778,390.3472357548798
aug-ano-pV(Q+d)Z_svd_proj,c_s,CS,-436.197050685441,0.2735625691900623,171.66310391580637
aug-ano-pV(Q+d)Z_svd_proj,cl2,Cl2,-920.33357474967,0.09442948705998333,59.25539776105845
aug-ano-pV(Q+d)Z_svd_proj,cl_f,ClF,-559.95493281758,0.10030830191396944,62.94440977819762
aug-ano-pV(Q+d)Z_svd_proj,cl_o,ClO,-535.290796073419,0.10313504544399166,64.71821812403313
aug-ano-pV(Q+d)Z_svd_proj,h2_c_o,CH2O,-114.510534154799,0.5970736083630044,374.66934596082626
aug-ano-pV(Q+d)Z_svd_proj,h2_o,H2O,-76.439631094603,0.37154269793299477,233.1465629719188
aug-ano-pV(Q+d)Z_svd_proj,h2_o2,H2O2,-151.564934955323,0.42875816198298367,269.04980872620354
aug-ano-pV(Q+d)Z_svd_proj,h2_s,H2S,-399.371713179856,0.2935972133710152,184.2350329488375
aug-ano-pV(Q+d)Z_svd_proj,h3_c_o_h,CH4O,-115.732527316126,0.8190667696899965,513.972157870732
aug-ano-pV(Q+d)Z_svd_proj,h3_c_s_h,CH4S,-438.681808537042,0.7583204207910512,475.85324842190124
aug-ano-pV(Q+d)Z_svd_proj,h_c_n,CHN,-93.434014839832,0.4987837733719971,312.9915432998704
aug-ano-pV(Q+d)Z_svd_proj,h_cl,ClH,-460.791085513939,0.17151288263397646,107.62595877669277
aug-ano-pV(Q+d)Z_svd_proj,h_f,FH,-100.461041505992,0.22598962163100111,141.81062861338847
aug-ano-pV(Q+d)Z_svd_proj,h_o_cl,ClHO,-535.952946357884,0.26528532990903386,166.4690578478738
aug-ano-pV(Q+d)Z_svd_proj,n2,N2,-109.542964970682,0.36324713729399605,227.94102007828215
aug-ano-pV(Q+d)Z_svd_proj,n_h,HN,-55.222044818842,0.1321859021480023,82.94790593544933
aug-ano-pV(Q+d)Z_svd_proj,n_h2,H2N,-55.880508237369,0.2906493206750014,182.38520235356742
aug-ano-pV(Q+d)Z_svd_proj,n_h3,H3N,-56.564614841416,0.4747559247220039,297.9138406306454
aug-ano-pV(Q+d)Z_svd_proj,n_o,NO,-129.900690795571,0.24274348220700404,152.32383485196257
aug-ano-pV(Q+d)Z_svd_proj,o2,O2,-150.327079699908,0.1909029065679988,119.79338249760205
aug-ano-pV(Q+d)Z_svd_proj,o_h,HO,-75.7389451831,0.1708567864299937,107.21425219279675
aug-ano-pV(Q+d)Z_svd_proj,p2,P2,-682.632378763314,0.1846316049179677,115.85808129749998
aug-ano-pV(Q+d)Z_svd_proj,p_h2,H2P,-342.470401355371,0.24652777617296806,154.69851516824482
aug-ano-pV(Q+d)Z_svd_proj,p_h3,H3P,-343.11061221257,0.38673863337197645,242.682156427131
aug-ano-pV(Q+d)Z_svd_proj,s2,S2,-796.320589712078,0.16435777910805882,103.13606352627716
aug-ano-pV(Q+d)Z_svd_proj,s_o,OS,-473.348008106911,0.2018037437559883,126.63376110828483
aug-ano-pV(Q+d)Z_svd_proj,si2,Si2,-578.758647545496,0.12067000308002207,75.7215701679373
aug-ano-pV(Q+d)Z_svd_proj,si_h2_singlet,H2Si,-290.564561265947,0.2455724947390081,154.09906701803837
aug-ano-pV(Q+d)Z_svd_proj,si_h2_triplet,H2Si,-290.531155694692,0.21216692348400557,133.1367545690343
aug-ano-pV(Q+d)Z_svd_proj,si_h3,H3Si,-291.183289581783,0.36430081057500274,228.602210044681
aug-ano-pV(Q+d)Z_svd_proj,si_h4,H4Si,-291.837894040914,0.5189052697060106,325.61797288178974
aug-ano-pV(Q+d)Z_svd_proj,si_o,OSi,-364.695663843236,0.30858667535795803,193.64106235675283
aug-ano-pV(T+d)Z,c_h3_cl,CClH3,-500.062890475988,0.6324180809450013,396.8483373617928
aug-ano-pV(T+d)Z,c_s,CS,-436.164149417793,0.2730705479399944,171.35435591994843
aug-ano-pV(T+d)Z,cl2,Cl2,-920.262986155243,0.09219849526095913,57.85542927061368
aug-ano-pV(T+d)Z,cl_f,ClF,-559.920694537782,0.0992155656530258,62.258707421803194
aug-ano-pV(T+d)Z,cl_o,ClO,-535.256303278184,0.10284841868599415,64.5383571178697
aug-ano-pV(T+d)Z,h2_s,H2S,-399.340218238369,0.29421793356800663,184.62454075319195
aug-ano-pV(T+d)Z,h3_c_s_h,CH4S,-438.650612640085,0.7595337702319966,476.61463669144365
aug-ano-pV(T+d)Z,h_cl,ClH,-460.757526154151,0.17213232415997481,108.01466420288484
aug-ano-pV(T+d)Z,h_o_cl,ClHO,-535.918331877806,0.2648770183080842,166.21283844990802
aug-ano-pV(T+d)Z,na2,Na2,-324.471004786787,0.01007848854300164,6.324347044969938
aug-ano-pV(T+d)Z,na_cl,ClNa,-622.466152293012,0.1502953138989369,94.31173337887043
aug-ano-pV(T+d)Z,p2,P2,-682.578169614726,0.18074372860201038,113.41840207525122
aug-ano-pV(T+d)Z,p_h2,H2P,-342.444732515256,0.24601957219402948,154.3796123567043
aug-ano-pV(T+d)Z,p_h3,H3P,-343.085195090227,0.3864821471649975,242.52120890228522
aug-ano-pV(T+d)Z,s2,S2,-796.253937954481,0.16193734487899292,101.6172181161917
aug-ano-pV(T+d)Z,s_o,OS,-473.314950551754,0.2008892174459902,126.05988718448104
aug-ano-pV(T+d)Z,s_o2,O2S,-548.595504111202,0.4133817473870067,259.40096289010586
aug-ano-pV(T+d)Z,si2,Si2,-578.70736771331,0.11920931890995234,74.80497701260455
aug-ano-pV(T+d)Z,si2_h6,H6Si2,-582.4441845185,0.8560261241000262,537.1645029182814
aug-ano-pV(T+d)Z,si_h2_singlet,H2Si,-290.539422702794,0.24534350559400764,153.95537416009296
aug-ano-pV(T+d)Z,si_h2_triplet,H2Si,-290.506037921805,0.21195872460498322,133.00610779995847
aug-ano-pV(T+d)Z,si_h3,H3Si,-291.158308997004,0.3642297998039794,228.55765011310334
aug-ano-pV(T+d)Z,si_h4,H4Si,-291.813092762964,0.5190135657639985,325.68592968418085
aug-ano-pV(T+d)Z,si_o,OSi,-364.668816592848,0.3066763661409482,192.44232522468909
aug-ano-pV(T+d)Z_refcorr,be_h,BeH,-15.246045770726,0.07914720798500063,49.665622856230534
aug-ano-pV(T+d)Z_refcorr,c2_h2,C2H2,-77.33585347206599,0.645544255899992,405.0851365042592
aug-ano-pV(T+d)Z_refcorr,c2_h4,C2H4,-78.589825455327,0.8995162391610023,564.4549621471383
aug-ano-pV(T+d)Z_refcorr,c2_h6,C2H6,-79.82853190362701,1.1382226874610097,714.2455199753465
aug-ano-pV(T+d)Z_refcorr,c_h,CH,-38.479100848753,0.13394624066999938,84.05253503556074
aug-ano-pV(T+d)Z_refcorr,c_h2_singlet,CH2,-39.134040597465,0.2888859893820026,181.27869526129876
aug-ano-pV(T+d)Z_refcorr,c_h2_triplet,CH2,-39.149289272055995,0.30413466397299516,190.84738303405183
aug-ano-pV(T+d)Z_refcorr,c_h3_cl,CClH3,-500.063460881675,0.6327176271859116,397.03630546588397
aug-ano-pV(T+d)Z_refcorr,c_h4,CH4,-40.516191894246,0.6710372861629992,421.08225451687355
aug-ano-pV(T+d)Z_refcorr,c_n,CN,-92.721994077543,0.2872504203450035,180.25236019509754
aug-ano-pV(T+d)Z_refcorr,c_o,CO,-113.327499989524,0.4142976708210142,259.97571352246194
aug-ano-pV(T+d)Z_refcorr,c_o2,CO2,-188.60367026444902,0.622420235126043,390.57459439017435
aug-ano-pV(T+d)Z_refcorr,c_s,CS,-436.16426990432,0.2734482993329834,171.59139849788957
aug-ano-pV(T+d)Z_refcorr,cl2,Cl2,-920.264294695698,0.09311740288592318,58.43205251106745
aug-ano-pV(T+d)Z_refcorr,cl_f,ClF,-559.921632333168,0.10003367415288267,62.77207825627492
aug-ano-pV(T+d)Z_refcorr,cl_o,ClO,-535.257013643595,0.10337728656895706,64.87022672495662
aug-ano-pV(T+d)Z_refcorr,f2,F2,-199.53224744295898,0.0602274177409754,37.79327523081809
aug-ano-pV(T+d)Z_refcorr,h2_c_o,CH2O,-114.510971695292,0.5977693765890137,375.1059471143992
aug-ano-pV(T+d)Z_refcorr,h2_o,H2O,-76.44017930115,0.3721315905300031,233.51609865574713
aug-ano-pV(T+d)Z_refcorr,h2_o2,H2O2,-151.56560061878298,0.4295051975429942,269.5185806175722
aug-ano-pV(T+d)Z_refcorr,h2_s,H2S,-399.340367253124,0.29470025621998275,184.92720278686218
aug-ano-pV(T+d)Z_refcorr,h3_c_o_h,CH4O,-115.733509131599,0.8203068128960211,514.75029673076
aug-ano-pV(T+d)Z_refcorr,h3_c_s_h,CH4S,-438.650850894916,0.7600292899289798,476.92557999588547
aug-ano-pV(T+d)Z_refcorr,h_c_n,CHN,-93.433949500255,0.49920584305699833,313.2563960259235
aug-ano-pV(T+d)Z_refcorr,h_c_o,CHO,-113.85867684997899,0.44547453127600534,279.5394888295121
aug-ano-pV(T+d)Z_refcorr,h_cl,ClH,-460.757610761169,0.17202211476296725,107.94550676213181
aug-ano-pV(T+d)Z_refcorr,h_f,FH,-100.462025318002,0.2260153053930054,141.82674541737575
aug-ano-pV(T+d)Z_refcorr,h_o_cl,ClHO,-535.919288787349,0.2656524303230299,166.6994168355888
aug-ano-pV(T+d)Z_refcorr,li2,Li2,-14.99540610123,0.038924779891999606,24.425668158050602
aug-ano-pV(T+d)Z_refcorr,li_f,FLi,-107.435982125804,0.2217314525260008,139.13858715783797
aug-ano-pV(T+d)Z_refcorr,n2,N2,-109.543402096781,0.3642239985509832,228.55400977188677
aug-ano-pV(T+d)Z_refcorr,n2_h4,H4N2,-111.87849804405599,0.6993199458259767,438.82989140709424
aug-ano-pV(T+d)Z_refcorr,n_h,HN,-55.221934604121,0.13234555500599754,83.04808961640259
aug-ano-pV(T+d)Z_refcorr,n_h2,H2N,-55.88061332924,0.2910242801249936,182.62049296082702
aug-ano-pV(T+d)Z_refcorr,n_h3,H3N,-56.564989161896,0.4754001127809957,298.31807474074105
aug-ano-pV(T+d)Z_refcorr,n_o,NO,-129.900832979428,0.24319621969300442,152.60793191369135
aug-ano-pV(T+d)Z_refcorr,na2,Na2,-324.524124704553,0.027028456279026614,16.960612384389485
aug-ano-pV(T+d)Z_refcorr,na_cl,ClNa,-622.488348647075,0.15421187653191737,96.76941353682719
aug-ano-pV(T+d)Z_refcorr,o2,O2,-150.327248413814,0.1911529925740183,119.95031383570989
aug-ano-pV(T+d)Z_refcorr,o_h,HO,-75.739164231484,0.17111652086400397,107.37723801087861
aug-ano-pV(T+d)Z_refcorr,p2,P2,-682.578114509449,0.18028543643515604,113.13081939866122
aug-ano-pV(T+d)Z_refcorr,p_h2,H2P,-342.444892738564,0.2459782020570742,154.35365220382158
aug-ano-pV(T+d)Z_refcorr,p_h3,H3P,-343.085338510322,0.3864239738150559,242.48470457405884
aug-ano-pV(T+d)Z_refcorr,s2,S2,-796.254459100775,0.1631251069669588,102.36255007932326
aug-ano-pV(T+d)Z_refcorr,s_o,OS,-473.315775712136,0.2020610046120055,126.7951947327412
aug-ano-pV(T+d)Z_refcorr,s_o2,O2S,-548.597993895105,0.41623147696100204,261.1891951963057
aug-ano-pV(T+d)Z_refcorr,si2,Si2,-578.7074300184751,0.1189497091351086,74.64206941933072
aug-ano-pV(T+d)Z_refcorr,si2_h6,H6Si2,-582.444785666691,0.8563053573510615,537.3397244287795
aug-ano-pV(T+d)Z_refcorr,si_h2_singlet,H2Si,-290.539716690176,0.2454765355060431,154.038851690229
aug-ano-pV(T+d)Z_refcorr,si_h2_triplet,H2Si,-290.506244139476,0.21200398480601734,133.0345090049054
aug-ano-pV(T+d)Z_refcorr,si_h3,H3Si,-291.158596129512,0.3643559748419989,228.63682614485083
aug-ano-pV(T+d)Z_refcorr,si_h4,H4Si,-291.813421026946,0.5191808722760243,325.7909161055495
aug-ano-pV(T+d)Z_refcorr,si_o,OSi,-364.66978005759097,0.3074921923009697,192.9542638692911
aug-ano-pV(T+d)Z_svd_proj,be_h,BeH,-15.245874171302,0.07899990405300095,49.57318824333399
aug-ano-pV(T+d)Z_svd_proj,c2_h2,C2H2,-77.335798628202,0.6455268602200022,405.07422055025785
aug-ano-pV(T+d)Z_svd_proj,c2_h4,C2H4,-78.589750567958,0.8994787999760092,564.4314687038539
aug-ano-pV(T+d)Z_svd_proj,c2_h6,C2H6,-79.828572098811,1.1383003308289972,714.2942419243568
aug-ano-pV(T+d)Z_svd_proj,c_h,CH,-38.47908426193,0.13394837793899939,84.05387619210686
aug-ano-pV(T+d)Z_svd_proj,c_h2_singlet,CH2,-39.134046385555,0.2889105015640041,181.29407688773466
aug-ano-pV(T+d)Z_svd_proj,c_h2_triplet,CH2,-39.149236668919,0.3041007849280035,190.82612361234737
aug-ano-pV(T+d)Z_svd_proj,c_h3,CH3,-39.836318428505,0.4911825445140039,308.22170017695777
aug-ano-pV(T+d)Z_svd_proj,c_h3_cl,CClH3,-500.06606818475,0.6325295132519955,396.9182621901483
aug-ano-pV(T+d)Z_svd_proj,c_h4,CH4,-40.516185390782,0.6710495067910003,421.08992307672327
aug-ano-pV(T+d)Z_svd_proj,c_n,CN,-92.721903668809,0.28720891566001683,180.2263156120504
aug-ano-pV(T+d)Z_svd_proj,c_o,CO,-113.327416327551,0.4143209876259988,259.99034503849464
aug-ano-pV(T+d)Z_svd_proj,c_o2,CO2,-188.603551270383,0.6224964745240129,390.6224353346973
aug-ano-pV(T+d)Z_svd_proj,c_s,CS,-436.173863017774,0.2726840370410173,171.11181666901163
aug-ano-pV(T+d)Z_svd_proj,cl2,Cl2,-920.269687500879,0.09288192586495825,58.284288449487796
aug-ano-pV(T+d)Z_svd_proj,cl_f,ClF,-559.924100829826,0.09989050365197727,62.68223741055043
aug-ano-pV(T+d)Z_svd_proj,cl_o,ClO,-535.259553151177,0.10319090773600692,64.75327224151557
aug-ano-pV(T+d)Z_svd_proj,f2,F2,-199.53193701962,0.06032194228598087,37.85259027834053
aug-ano-pV(T+d)Z_svd_proj,h2_c_o,CH2O,-114.510921016126,0.5978256762009977,375.14127565430516
aug-ano-pV(T+d)Z_svd_proj,h2_o,H2O,-76.440236838233,0.37227738229900353,233.60758437203532
aug-ano-pV(T+d)Z_svd_proj,h2_o2,H2O2,-151.56557853586,0.429659623991995,269.61548467736606
aug-ano-pV(T+d)Z_svd_proj,h2_s,H2S,-399.350285373088,0.29424227634603994,184.63981607703286
aug-ano-pV(T+d)Z_svd_proj,h3_c_o_h,CH4O,-115.733516343519,0.8204210035939923,514.8219524755868
aug-ano-pV(T+d)Z_svd_proj,h3_c_s_h,CH4S,-438.660444985411,0.7592660046780111,476.44661126948995
aug-ano-pV(T+d)Z_svd_proj,h_c_n,CHN,-93.433870905031,0.49917615188201125,313.237764532323
aug-ano-pV(T+d)Z_svd_proj,h_c_o,CHO,-113.858656206404,0.4455608664789992,279.5936649873359
aug-ano-pV(T+d)Z_svd_proj,h_cl,ClH,-460.760312669881,0.17190988237399552,107.87507987475531
aug-ano-pV(T+d)Z_svd_proj,h_f,FH,-100.462057363789,0.22624982512199665,141.97390876917248
aug-ano-pV(T+d)Z_svd_proj,h_o_cl,ClHO,-535.921896113572,0.2655338701309802,166.62501919183086
aug-ano-pV(T+d)Z_svd_proj,li2,Li2,-14.995255000203,0.03892537974700083,24.42604457274694
aug-ano-pV(T+d)Z_svd_proj,li_f,FLi,-107.435923606344,0.2219512574490068,139.27651682946995
aug-ano-pV(T+d)Z_svd_proj,li_h,HLi,-8.071121189034,0.09295637880600083,58.33100837536388
aug-ano-pV(T+d)Z_svd_proj,n2,N2,-109.543284058677,0.36416632036100793,228.51781616123048
aug-ano-pV(T+d)Z_svd_proj,n2_h4,H4N2,-111.878664463817,0.6995467255010084,438.97219780170155
aug-ano-pV(T+d)Z_svd_proj,n_h,HN,-55.221900982705,0.1323421135470042,83.04593006827967
aug-ano-pV(T+d)Z_svd_proj,n_h2,H2N,-55.88062086806,0.291061998902002,182.64416185074987
aug-ano-pV(T+d)Z_svd_proj,n_h3,H3N,-56.565099351195,0.4755404820370046,298.4061577787538
aug-ano-pV(T+d)Z_svd_proj,n_o,NO,-129.900746960687,0.24322863559501684,152.62827319931444
aug-ano-pV(T+d)Z_svd_proj,na2,Na2,-324.524914259473,0.02698515943302482,16.933443203326306
aug-ano-pV(T+d)Z_svd_proj,na_cl,ClNa,-622.491583092499,0.15421575497202866,96.7718472947416
aug-ano-pV(T+d)Z_svd_proj,o2,O2,-150.32709469318,0.19117578131198343,119.96461398468495
aug-ano-pV(T+d)Z_svd_proj,o_h,HO,-75.739111586225,0.17115213029099152,107.39958326367926
aug-ano-pV(T+d)Z_svd_proj,p2,P2,-682.594456353951,0.17943833657909636,112.59925621350628
aug-ano-pV(T+d)Z_svd_proj,p_h2,H2P,-342.453013057447,0.2455040487610063,154.05611651838072
aug-ano-pV(T+d)Z_svd_proj,p_h3,H3P,-343.09320366609,0.38569465740403075,242.0270516165509
aug-ano-pV(T+d)Z_svd_proj,s2,S2,-796.274458638411,0.1623724449270867,101.89024751853584
aug-ano-pV(T+d)Z_svd_proj,s_o,OS,-473.325500484854,0.2014979321780288,126.44186144583705
aug-ano-pV(T+d)Z_svd_proj,s_o2,O2S,-548.607172808738,0.4152108001280794,260.54871081369004
aug-ano-pV(T+d)Z_svd_proj,si2,Si2,-578.722159759199,0.11832219577900105,74.2482988432721
aug-ano-pV(T+d)Z_svd_proj,si2_h6,H6Si2,-582.458055479441,0.8542179160209571,536.0298352175881
aug-ano-pV(T+d)Z_svd_proj,si_h2_singlet,H2Si,-290.546857960192,0.24493917848201363,153.70165506669616
aug-ano-pV(T+d)Z_svd_proj,si_h2_triplet,H2Si,-290.513311770922,0.2113929892119586,132.65110348102272
aug-ano-pV(T+d)Z_svd_proj,si_h3,H3Si,-291.165400826478,0.3634820447679772,228.08842674373355
aug-ano-pV(T+d)Z_svd_proj,si_h4,H4Si,-291.819985979969,0.5180671982589615,325.0920751088247
aug-ano-pV(T+d)Z_svd_proj,si_o,OSi,-364.676940814837,0.307062577192994,192.68467631883573
aug-ano-pvdz,be_h,BeH,-15.235734902716,0.06906932082500106,43.34165318479194
aug-ano-pvdz,c2_h2,C2H2,-77.314244027776,0.6338836804220023,397.7680149187928
aug-ano-pvdz,c2_h4,C2H4,-78.569319861856,0.8889595145020053,557.830517408542
aug-ano-pvdz,c2_h6,C2H6,-79.80762564862,1.1272653012660072,707.3696563270141
aug-ano-pvdz,c_h,CH,-38.471584397942,0.13140422426500464,82.45739565820271
aug-ano-pvdz,c_h2_singlet,CH2,-39.12468049644,0.28450032276300163,178.52664790779335
aug-ano-pvdz,c_h2_triplet,CH2,-39.140360578978,0.3001804053009991,188.36604825447813
aug-ano-pvdz,c_h3,CH3,-39.826289805403,0.4861096317260021,305.0383993413908
aug-ano-pvdz,c_h3_cl,CClH3,-499.964601957869,0.6205700783919497,389.41360351102907
aug-ano-pvdz,c_h4,CH4,-40.505968508176,0.6657883344989983,417.78848761881375
aug-ano-pvdz,c_n,CN,-92.69999079957,0.27721512130800363,173.95511497432383
aug-ano-pvdz,c_o,CO,-113.302545387983,0.406217963888011,254.90562087434915
aug-ano-pvdz,c_o2,CO2,-188.558304784328,0.6058301098150025,380.16413358160236
aug-ano-pvdz,c_s,CS,-436.075888492572,0.2632877882829803,165.21558155268977
aug-ano-pvdz,cl2,Cl2,-920.088591466975,0.08088805537499866,50.758021086352315
aug-ano-pvdz,cl_f,ClF,-559.814398104801,0.08871815288898688,55.67148145921785
aug-ano-pvdz,cl_o,ClO,-535.150050839309,0.09005188309095047,56.5084097967941
aug-ano-pvdz,f2,F2,-199.495080051392,0.051423559168000565,32.26877056796474
aug-ano-pvdz,h2_c_o,CH2O,-114.483737911888,0.587410487793008,368.60564625413946
aug-ano-pvdz,h2_o,H2O,-76.424464401625,0.3683171512070089,231.12250184232946
aug-ano-pvdz,h2_o2,H2O2,-151.531809260031,0.41951475919501036,263.249485904169
aug-ano-pvdz,h2_s,H2S,-399.260023949832,0.2876034192199768,180.4738703334769
aug-ano-pvdz,h3_c_o_h,CH4O,-115.705860741326,0.8095333172310148,507.98982613219084
aug-ano-pvdz,h3_c_s_h,CH4S,-438.558026562292,0.7454258580029887,467.76178810849046
aug-ano-pvdz,h_c_n,CHN,-93.410639865148,0.4878641868860001,306.13939932705586
aug-ano-pvdz,h_c_o,CHO,-113.831843205358,0.43551578126300683,273.29027884652953
aug-ano-pvdz,h_cl,ClH,-460.672409288642,0.1685575828419701,105.77148015851206
aug-ano-pvdz,h_f,FH,-100.445752457574,0.22392421146200547,140.51456416451745
aug-ano-pvdz,h_o_cl,ClHO,-535.81337962083,0.2533806646119956,158.9987675884321
aug-ano-pvdz,li2,Li2,-14.969619530144,0.013358734863999189,8.382732688656528
aug-ano-pvdz,li_f,FLi,-107.408130080449,0.20817143669700044,130.62954875669467
aug-ano-pvdz,li_h,HLi,-8.062219454937,0.08408905729700056,52.766680118902705
aug-ano-pvdz,n2,N2,-109.518640732555,0.3534497233849976,221.793050029068
aug-ano-pvdz,n2_h4,H4N2,-111.84866610275,0.6834750935800002,428.88709650761405
aug-ano-pvdz,n_h,HN,-55.211779730188,0.12918422560299803,81.06432546538615
aug-ano-pvdz,n_h2,H2N,-55.867985930594,0.2853904260090019,179.08519612755282
aug-ano-pvdz,n_h3,H3N,-56.550705804019,0.4681102994340023,293.743647801351
aug-ano-pvdz,n_o,NO,-129.870242078326,0.23149932332299272,145.26801862437472
aug-ano-pvdz,na2,Na2,-324.360114867284,0.00880779140800314,5.5269725540935415
aug-ano-pvdz,na_cl,ClNa,-622.32047891151,0.1409736677719593,88.46231212032838
aug-ano-pvdz,o2,O2,-150.293023244051,0.1807287432150133,113.40899860293806
aug-ano-pvdz,o_h,HO,-75.724865770074,0.1687185196560108,105.87246953404815
aug-ano-pvdz,p2,P2,-682.437822014827,0.163152298327077,102.37961291541008
aug-ano-pvdz,p_h2,H2P,-342.37464915384,0.23731429559001072,148.9169688133427
aug-ano-pvdz,p_h3,H3P,-343.012763188699,0.37542833044904,235.5848341884648
aug-ano-pvdz,s2,S2,-796.092630866881,0.1477898056569984,92.73950321971083
aug-ano-pvdz,s_o,OS,-473.21554622139,0.18697844036000788,117.33074277144726
aug-ano-pvdz,s_o2,O2S,-548.466534838905,0.38181980745696364,239.59554656419337
aug-ano-pvdz,si2,Si2,-578.586895771272,0.10779048987194528,67.6395536085483
aug-ano-pvdz,si2_h6,H6Si2,-582.312322540056,0.8332172586559636,522.8517237595017
aug-ano-pvdz,si_h2_singlet,H2Si,-290.47812857562,0.23857593491999296,149.70865944575715
aug-ano-pvdz,si_h2_triplet,H2Si,-290.44572710597,0.2061744652699531,129.37643026678913
aug-ano-pvdz,si_h3,H3Si,-291.094915787616,0.3553631469159768,222.99374142265276
aug-ano-pvdz,si_h4,H4Si,-291.74748061796,0.5079279772599534,318.7296178723276
aug-ano-pvdz,si_o,OSi,-364.590006860601,0.29430696948298873,184.6804116333751
aug-ano-pvqz,be_h,BeH,-15.247674536494,0.07955444941299916,49.9211707105306
aug-ano-pvqz,c2_h2,C2H2,-77.336307708139,0.6455311965110013,405.0769416139421
aug-ano-pvqz,c2_h4,C2H4,-78.589248151145,0.8984716395169983,563.7994659739228
aug-ano-pvqz,c2_h6,C2H6,-79.827470140068,1.1366936284399998,713.2860209532611
aug-ano-pvqz,c_h,CH,-38.479288764107,0.13390050829299582,84.02383753571957
aug-ano-pvqz,c_h2_singlet,CH2,-39.133904163832,0.28851590801799887,181.0464656992122
aug-ano-pvqz,c_h2_triplet,CH2,-39.149294390569,0.30390613475499606,190.70397878465718
aug-ano-pvqz,c_h3,CH3,-39.83605823647,0.4906699806560013,307.90006149999886
aug-ano-pvqz,c_h3_cl,CClH3,-500.064862133443,0.6321654678920368,396.68982027778554
aug-ano-pvqz,c_h4,CH4,-40.515528269635,0.6701400138209976,420.5192076214528
aug-ano-pvqz,c_n,CN,-92.722320004768,0.28711255874799235,180.16585073686358
aug-ano-pvqz,c_o,CO,-113.327170439766,0.41361568373599766,259.5477601654254
aug-ano-pvqz,c_o2,CO2,-188.603414037524,0.6216927812780284,390.1181102086015
aug-ano-pvqz,c_s,CS,-436.151615867014,0.2789740330190398,175.05884873703954
aug-ano-pvqz,cl2,Cl2,-920.269088814752,0.09447199527801331,59.2820720705978
aug-ano-pvqz,cl_f,ClF,-559.922689607469,0.10023025397106267,62.89543395459248
aug-ano-pvqz,cl_o,ClO,-535.258416938271,0.10294202831801158,64.5970980488242
aug-ano-pvqz,f2,F2,-199.530802219685,0.06050033216300221,37.96453161624837
aug-ano-pvqz,h2_c_o,CH2O,-114.510327685431,0.5967729294009985,374.4806670635161
aug-ano-pvqz,h2_o,H2O,-76.439655774339,0.37148927412300736,233.11303902501115
aug-ano-pvqz,h2_o2,H2O2,-151.564778533761,0.42844553332901114,268.85363128397216
aug-ano-pvqz,h2_s,H2S,-399.325198181123,0.2979446029420387,186.9630610920979
aug-ano-pvqz,h3_c_o_h,CH4O,-115.732381131189,0.8188263751590057,513.8213080250223
aug-ano-pvqz,h3_c_s_h,CH4S,-438.637565635532,0.7649238015370088,479.9969324008355
aug-ano-pvqz,h_c_n,CHN,-93.433823459246,0.49861601322599824,312.8862722188859
aug-ano-pvqz,h_c_o,CHO,-113.858459030269,0.4449042742390077,279.18164713614493
aug-ano-pvqz,h_cl,ClH,-460.758932275151,0.17162386541400565,107.69560152261894
aug-ano-pvqz,h_f,FH,-100.461017294604,0.2258663508430061,141.73327502604639
aug-ano-pvqz,h_o_cl,ClHO,-535.920813465155,0.2653385552019927,166.50245722346526
aug-ano-pvqz,li2,Li2,-14.984783288679,0.028417321826999853,17.83213867394253
aug-ano-pvqz,li_f,FLi,-107.434962037133,0.22162810994601045,139.07373870981993
aug-ano-pvqz,li_h,HLi,-8.068503273155,0.09032028972900097,56.676837505072214
aug-ano-pvqz,n2,N2,-109.542735957244,0.36309757683200417,227.84716947143698
aug-ano-pvqz,n2_h4,H4N2,-111.877585529154,0.6979471487420028,437.9684482309344
aug-ano-pvqz,n_h,HN,-55.222001898223,0.13218270801699816,82.94590158798283
aug-ano-pvqz,n_h2,H2N,-55.8803917867,0.2905725964940018,182.33705720310044
aug-ano-pvqz,n_h3,H3N,-56.564455619465,0.4746364292590002,297.838856095503
aug-ano-pvqz,n_o,NO,-129.900455285693,0.24246959527101808,152.15196820480926
aug-ano-pvqz,na2,Na2,-324.485731918505,0.015248043296992364,9.568291629787057
aug-ano-pvqz,na_cl,ClNa,-622.477250048553,0.1546997012119391,97.07552814522262
aug-ano-pvqz,o2,O2,-150.327004470964,0.19067147053200983,119.64815419237937
aug-ano-pvqz,o_h,HO,-75.738898081393,0.1707315811770087,107.1356847103462
aug-ano-pvqz,p2,P2,-682.544910353653,0.1907466241890461,119.6953138241801
aug-ano-pvqz,p_h2,H2P,-342.425995431051,0.24891356631900408,156.1956210880088
aug-ano-pvqz,p_h3,H3P,-343.068889785389,0.39180792065701553,245.86318222524062
aug-ano-pvqz,s2,S2,-796.222734740056,0.16822758369403346,105.56440256674908
aug-ano-pvqz,s_o,OS,-473.300732569489,0.20531249109205874,128.83553330376267
aug-ano-pvqz,s_o2,O2S,-548.586351422568,0.42276484395506486,265.2889448826113
aug-ano-pvqz,si2,Si2,-578.673753004984,0.12506351956994877,78.47854338981877
aug-ano-pvqz,si2_h6,H6Si2,-582.415667212336,0.8669777269219594,544.0367374452206
aug-ano-pvqz,si_h2_singlet,H2Si,-290.522188036316,0.24784329360898028,155.5240148226377
aug-ano-pvqz,si_h2_triplet,H2Si,-290.488363122022,0.21401837931500722,134.29856064379723
aug-ano-pvqz,si_h3,H3Si,-291.142089249917,0.3677445072099772,230.7631623089267
aug-ano-pvqz,si_h4,H4Si,-291.797795890755,0.5234511480480251,328.4705546093421
aug-ano-pvqz,si_o,OSi,-364.653971647114,0.31146040419099563,195.4443544253722
aug-ano-pvtz,be_h,BeH,-15.244102661535,0.07725106663400005,48.47577619431487
aug-ano-pvtz,c2_h2,C2H2,-77.335331998354,0.6451748682499954,404.8533422542844
aug-ano-pvtz,c2_h4,C2H4,-78.588988893477,0.8988317633729963,564.0254471053977
aug-ano-pvtz,c2_h6,C2H6,-79.827891091534,1.1377339614300013,713.9388397606674
aug-ano-pvtz,c_h,CH,-38.479111751091,0.13403318603899805,84.1070940783333
aug-ano-pvtz,c_h2_singlet,CH2,-39.133800262934,0.2887216978820035,181.1756007885413
aug-ano-pvtz,c_h2_triplet,CH2,-39.149121718982,0.30404315393000303,190.78995961510236
aug-ano-pvtz,c_h3,CH3,-39.836051504212,0.4909729391600024,308.0901708315075
aug-ano-pvtz,c_h3_cl,CClH3,-500.028460181239,0.6325857857129904,396.9535736925515
aug-ano-pvtz,c_h4,CH4,-40.515936337129,0.6708577720769995,420.96960772718097
aug-ano-pvtz,c_n,CN,-92.721173225806,0.2865219496990079,179.79523796315846
aug-ano-pvtz,c_o,CO,-113.326416377986,0.41327678342700835,259.3350970107717
aug-ano-pvtz,c_o2,CO2,-188.602275435721,0.621074811654978,389.73032841545415
aug-ano-pvtz,c_s,CS,-436.128796188961,0.2732204388090054,171.44841386032837
aug-ano-pvtz,cl2,Cl2,-920.19359097259,0.0919993116419846,57.730439662628996
aug-ano-pvtz,cl_f,ClF,-559.885334888716,0.09845391610406296,61.78076511391312
aug-ano-pvtz,cl_o,ClO,-535.220326164105,0.10146930412406618,63.67294966444152
aug-ano-pvtz,f2,F2,-199.531803035273,0.05963275099699672,37.42011621506121
aug-ano-pvtz,h2_c_o,CH2O,-114.510062520066,0.5969229255070019,374.57479104110575
aug-ano-pvtz,h2_o,H2O,-76.439898674623,0.3718376451159884,233.3316451235955
aug-ano-pvtz,h2_o2,H2O2,-151.565037838717,0.4289157797029759,269.14871533877886
aug-ano-pvtz,h2_s,H2S,-399.30599573676,0.29549855165998906,185.42814073856752
aug-ano-pvtz,h3_c_o_h,CH4O,-115.732774141785,0.819634547226002,514.3284436537357
aug-ano-pvtz,h3_c_s_h,CH4S,-438.616556009561,0.7609802594089956,477.5223223541403
aug-ano-pvtz,h_c_n,CHN,-93.432968833626,0.49831755751901596,312.6989884351663
aug-ano-pvtz,h_c_o,CHO,-113.857709755285,0.444570160726002,278.97198774132136
aug-ano-pvtz,h_cl,ClH,-460.721996236565,0.1712004060910317,107.42987678557245
aug-ano-pvtz,h_f,FH,-100.461964465147,0.2258793230090106,141.74141518311333
aug-ano-pvtz,h_o_cl,ClHO,-535.883392379974,0.26453551999304636,165.9985450218452
aug-ano-pvtz,li2,Li2,-14.977139865793,0.020437136614999574,12.824496848634107
aug-ano-pvtz,li_f,FLi,-107.432792210969,0.21835570424200057,137.0202731275756
aug-ano-pvtz,li_h,HLi,-8.067186967269,0.08883560268000057,55.74518231580568
aug-ano-pvtz,n2,N2,-109.542186128667,0.36304070655700116,227.81148283508003
aug-ano-pvtz,n2_h4,H4N2,-111.877561832282,0.6984164101720012,438.2629142240708
aug-ano-pvtz,n_h,HN,-55.221795723535,0.13222301248000434,82.97119302036623
aug-ano-pvtz,n_h2,H2N,-55.880486044938,0.29091333388300455,182.5508731428672
aug-ano-pvtz,n_h3,H3N,-56.564539268053,0.47496655699799817,298.04601437937526
aug-ano-pvtz,n_o,NO,-129.899692297023,0.2420585564609894,151.89403745730866
aug-ano-pvtz,na2,Na2,-324.466199707048,0.010720216646006975,6.727037509378326
aug-ano-pvtz,na_cl,ClNa,-622.42872505124,0.15018947556495732,94.24531882157918
aug-ano-pvtz,o2,O2,-150.326146456209,0.19002439719497488,119.24210954297631
aug-ano-pvtz,o_h,HO,-75.739101951136,0.1710409216290003,107.32979877468189
aug-ano-pvtz,p2,P2,-682.508920556835,0.180957753601092,113.5527047898613
aug-ano-pvtz,p_h2,H2P,-342.411082582665,0.2471011810480377,155.058332159825
aug-ano-pvtz,p_h3,H3P,-343.052625755158,0.3886443535409967,243.87801388810433
aug-ano-pvtz,s2,S2,-796.183538057911,0.162543687711036,101.99770398782897
aug-ano-pvtz,s_o,OS,-473.278494085181,0.1999358705739951,125.46165299023569
aug-ano-pvtz,s_o2,O2S,-548.556785417143,0.4101661730289834,257.38315951589186
aug-ano-pvtz,si2,Si2,-578.644829278873,0.11947377567901185,74.97092614066952
aug-ano-pvtz,si2_h6,H6Si2,-582.388448441937,0.8630929387430797,541.5989960582453
aug-ano-pvtz,si_h2_singlet,H2Si,-290.509162284357,0.24648453276000737,154.67137951692118
aug-ano-pvtz,si_h2_triplet,H2Si,-290.475944783667,0.2132670320700072,133.8270831292485
aug-ano-pvtz,si_h3,H3Si,-291.128664657331,0.3659869057340188,229.6602507311355
aug-ano-pvtz,si_h4,H4Si,-291.78605386963,0.5233761180330134,328.4234725640832
aug-ano-pvtz,si_o,OSi,-364.636155983117,0.30541720201301814,191.65218780501257
aug-ano-pvtz_DC-CCSDT,be_h,BeH,-15.244320732495,0.07745962741200074,48.60665005842827
aug-ano-pvtz_DC-CCSDT,c2_h2,C2H2,-77.336487988578,0.6452455450900061,404.897692640988
aug-ano-pvtz_DC-CCSDT,c2_h4,C2H4,-78.590138212628,0.8988957691400117,564.0656113305945
aug-ano-pvtz_DC-CCSDT,c_h,CH,-38.47990361115,0.13428238940600323,84.26347155209749
aug-ano-pvtz_DC-CCSDT,c_h2_singlet,CH2,-39.134846757448,0.28922553570400567,181.49176379523894
aug-ano-pvtz_DC-CCSDT,c_h2_triplet,CH2,-39.149648161359,0.3040269396150066,190.77978497882665
aug-ano-pvtz_DC-CCSDT,c_h3,CH3,-39.836540594008,0.4909193722640026,308.0565570967715
aug-ano-pvtz_DC-CCSDT,c_h4,CH4,-40.516356076829,0.6707348550850014,420.8924761501788
aug-ano-pvtz_DC-CCSDT,c_n,CN,-92.72315943867,0.28760238343599553,180.4732203692156
aug-ano-pvtz_DC-CCSDT,c_o,CO,-113.327408033146,0.4133953463339992,259.40949635818095
aug-ano-pvtz_DC-CCSDT,c_s,CS,-436.131127882393,0.2740254262760118,171.95355112237695
aug-ano-pvtz_DC-CCSDT,cl2,Cl2,-920.195642951084,0.09234449336202033,57.94704446222481
aug-ano-pvtz_DC-CCSDT,cl_f,ClF,-559.886687484812,0.09875451883499409,61.96939617550164
aug-ano-pvtz_DC-CCSDT,f2,F2,-199.532850628147,0.060283153915008825,37.8282502080721
aug-ano-pvtz_DC-CCSDT,h2_c_o,CH2O,-114.510919072604,0.5969063857919963,374.56441221324144
aug-ano-pvtz_DC-CCSDT,h2_o,H2O,-76.440006658598,0.3716151935299905,233.19205464586148
aug-ano-pvtz_DC-CCSDT,h2_o2,H2O2,-151.565660196449,0.4288772663129805,269.1245478216785
aug-ano-pvtz_DC-CCSDT,h2_s,H2S,-399.307070270446,0.2955890360730109,185.48492056499376
aug-ano-pvtz_DC-CCSDT,h3_c_o_h,CH4O,-115.733215710781,0.8192030239689956,514.0576587216856
aug-ano-pvtz_DC-CCSDT,h_c_n,CHN,-93.433973940578,0.49841688534399964,312.7613175863816
aug-ano-pvtz_DC-CCSDT,h_c_o,CHO,-113.858691582621,0.4446788958090053,279.040220036069
aug-ano-pvtz_DC-CCSDT,h_cl,ClH,-460.722815297437,0.1711660685760421,107.40832966960069
aug-ano-pvtz_DC-CCSDT,h_f,FH,-100.462027433802,0.2257436966860098,141.656308380498
aug-ano-pvtz_DC-CCSDT,h_o_cl,ClHO,-535.884736612946,0.2646959190169582,166.09919692898038
aug-ano-pvtz_DC-CCSDT,li2,Li2,-14.97718093307,0.020475016149999803,12.848266615719854
aug-ano-pvtz_DC-CCSDT,li_f,FLi,-107.432697512867,0.21806081729100413,136.83522877204774
aug-ano-pvtz_DC-CCSDT,li_h,HLi,-8.067197428,0.0888444695399997,55.75074635446032
aug-ano-pvtz_DC-CCSDT,n2,N2,-109.543088730512,0.3632170635319909,227.92214850770318
aug-ano-pvtz_DC-CCSDT,n2_h4,H4N2,-111.877980961407,0.6981092944269989,438.0701961844479
aug-ano-pvtz_DC-CCSDT,n_h,HN,-55.222304238971,0.13236840548099593,83.06242850595092
aug-ano-pvtz_DC-CCSDT,n_h2,H2N,-55.880950489508,0.2910146560179996,182.61445374250889
aug-ano-pvtz_DC-CCSDT,n_h3,H3N,-56.564763125046,0.47482729155599657,297.95862399510963
aug-ano-pvtz_DC-CCSDT,n_o,NO,-129.900704862381,0.24237756382299835,152.09421759926516
aug-ano-pvtz_DC-CCSDT,na2,Na2,-324.466486761291,0.010966540541005543,6.881608087178052
aug-ano-pvtz_DC-CCSDT,na_cl,ClNa,-622.42954004041,0.15013070117402094,94.20843733443431
aug-ano-pvtz_DC-CCSDT,o_h,HO,-75.739449019688,0.17105755461999195,107.34023613411115
aug-ano-pvtz_DC-CCSDT,p2,P2,-682.511903651828,0.18202382614799717,114.22167541308286
aug-ano-pvtz_DC-CCSDT,p_h2,H2P,-342.412278988983,0.24733907614302097,155.20761358576013
aug-ano-pvtz_DC-CCSDT,p_h3,H3P,-343.053833428991,0.38889351615102896,244.03436578648189
aug-ano-pvtz_DC-CCSDT,si_h2_singlet,H2Si,-290.510234380479,0.2466499988569808,154.77521106040825
aug-ano-pvtz_DC-CCSDT,si_h2_triplet,H2Si,-290.476911670296,0.2133272886739519,133.86489471909866
aug-ano-pvtz_DC-CCSDT,si_h3,H3Si,-291.129649288925,0.36606490730298447,229.70919745465324
aug-ano-pvtz_DC-CCSDT,si_h4,H4Si,-291.787000467929,0.5234160863069519,328.4485530346416
aug-ano-pvtz_DC-CCSDT,si_o,OSi,-364.637369885289,0.30539403859893355,191.63765254322286
aug-cc-pV(D+d)Z,be_h,BeH,-15.241143742773,0.07715055135100002,48.41270190194421
aug-cc-pV(D+d)Z,c2_h2,C2H2,-77.274823537553,0.6214118908510073,389.9418488044721
aug-cc-pV(D+d)Z,c2_h4,C2H4,-78.534717193768,0.8813055470660061,553.027580328282
aug-cc-pV(D+d)Z,c2_h6,C2H6,-79.773080887733,1.119669241031005,702.6030565639962
aug-cc-pV(D+d)Z,c_h,CH,-38.45708420937,0.13037838601900376,81.81367243998088
aug-cc-pV(D+d)Z,c_h2_singlet,CH2,-39.1086791055,0.2819732821490035,176.9409059811673
aug-cc-pV(D+d)Z,c_h2_triplet,CH2,-39.123922659043,0.29721683569199797,186.50638024778445
aug-cc-pV(D+d)Z,c_h3,CH3,-39.808666504518,0.48196068116700275,302.43489355819935
aug-cc-pV(D+d)Z,c_h3_cl,CClH3,-499.938677407207,0.6164162742110193,386.80705203409235
aug-cc-pV(D+d)Z,c_h4,CH4,-40.486865020851,0.6601591975000005,414.2561508211435
aug-cc-pV(D+d)Z,c_n,CN,-92.659181043198,0.27000106793600764,169.4282281369995
aug-cc-pV(D+d)Z,c_o,CO,-113.252085014729,0.39940480817000434,250.63030111303277
aug-cc-pV(D+d)Z,c_o2,CO2,-188.477456413451,0.5988018236839991,375.75381744797147
aug-cc-pV(D+d)Z,c_s,CS,-436.05806412073,0.2608157270890388,163.66433973302776
aug-cc-pV(D+d)Z,cl_f,ClF,-559.766718563402,0.09101779728905512,57.11453010723683
aug-cc-pV(D+d)Z,cl_o,ClO,-535.111432727072,0.0899030342191054,56.41500571950771
aug-cc-pV(D+d)Z,f2,F2,-199.40902159642,0.04873068348399556,30.57896556377745
aug-cc-pV(D+d)Z,h2_c_o,CH2O,-114.436178929793,0.5834987232340012,366.1509769330585
aug-cc-pV(D+d)Z,h2_o,H2O,-76.393535532277,0.3675611490690045,230.64810333831971
aug-cc-pV(D+d)Z,h2_o2,H2O2,-151.470752383782,0.4188036173660237,262.8032376690773
aug-cc-pV(D+d)Z,h2_s,H2S,-399.257872098633,0.2873295283430366,180.3020012133375
aug-cc-pV(D+d)Z,h3_c_o_h,CH4O,-115.658856610739,0.8061764041799933,505.8833313890687
aug-cc-pV(D+d)Z,h3_c_s_h,CH4S,-438.5377313523,0.7404829586590154,464.660071940807
aug-cc-pV(D+d)Z,h_c_n,CHN,-93.367714135428,0.4785341601660065,300.284719166998
aug-cc-pV(D+d)Z,h_c_o,CHO,-113.783811213959,0.43113100739999766,270.538791705867
aug-cc-pV(D+d)Z,h_cl,ClH,-460.664205507464,0.16865019781897672,105.82959693402385
aug-cc-pV(D+d)Z,h_f,FH,-100.403204077084,0.22305862061600124,139.9713977079875
aug-cc-pV(D+d)Z,h_o_cl,ClHO,-535.77467542116,0.2531457283071177,158.8513428313198
aug-cc-pV(D+d)Z,li2,Li2,-14.985483172809,0.03799455458099921,23.84194296238456
aug-cc-pV(D+d)Z,li_f,FLi,-107.370918263179,0.21702849759699916,136.1874383837977
aug-cc-pV(D+d)Z,li_h,HLi,-8.064527095899,0.09078278678500062,56.96705878943829
aug-cc-pV(D+d)Z,n2,N2,-109.469654804611,0.3447065007890018,216.30659501623808
aug-cc-pV(D+d)Z,n2_h4,H4N2,-111.807954023618,0.6830057197960002,428.59256001127716
aug-cc-pV(D+d)Z,n_h,HN,-55.191085613657,0.12861146174600435,80.70491071872169
aug-cc-pV(D+d)Z,n_h2,H2N,-55.846513980006,0.28403982809500405,178.23768314086934
aug-cc-pV(D+d)Z,n_h3,H3N,-56.528993295232,0.4665191433210012,292.74518226572945
aug-cc-pV(D+d)Z,n_o,NO,-129.81937368292,0.2309251478010026,144.90771804455076
aug-cc-pV(D+d)Z,na2,Na2,-324.208507659521,0.027396334513014153,17.191459461518267
aug-cc-pV(D+d)Z,na_cl,ClNa,-622.238523901659,0.152412929510092,95.64055723729416
aug-cc-pV(D+d)Z,o2,O2,-150.233752624678,0.18180385826201473,114.08364348063924
aug-cc-pV(D+d)Z,o_h,HO,-75.693854273153,0.1678798899449987,105.34622144515724
aug-cc-pV(D+d)Z,p2,P2,-682.43440088785,0.16200268987199706,101.65822271838438
aug-cc-pV(D+d)Z,p_h2,H2P,-342.373593569674,0.23739447068498976,148.96727944502592
aug-cc-pV(D+d)Z,p_h3,H3P,-343.011275809949,0.37507671096000195,235.3641896278282
aug-cc-pV(D+d)Z,s2,S2,-796.088527473026,0.14744233244607585,92.52146048787381
aug-cc-pV(D+d)Z,s_o,OS,-473.181237399559,0.18472044606102145,115.9138299564528
aug-cc-pV(D+d)Z,s_o2,O2S,-548.398131290593,0.3756399538870028,235.71762990072025
aug-cc-pV(D+d)Z,si2,Si2,-578.581072383895,0.10782716959306526,67.66257048105707
aug-cc-pV(D+d)Z,si2_h6,H6Si2,-582.305908297054,0.8326630827519921,522.5039731294621
aug-cc-pV(D+d)Z,si_h2_singlet,H2Si,-290.47611483938,0.23949223222899718,150.28364468821584
aug-cc-pV(D+d)Z,si_h2_triplet,H2Si,-290.443526994045,0.2069043868939957,129.8344630011994
aug-cc-pV(D+d)Z,si_h3,H3Si,-291.092547458533,0.35592485138198526,223.3462162966966
aug-cc-pV(D+d)Z,si_h4,H4Si,-291.745151781043,0.5085291738919864,319.1068744547031
aug-cc-pV(D+d)Z,si_o,OSi,-364.550962514738,0.2883655243790031,180.95209854099826
aug-cc-pV(D+d)Z_refcorr,be_h,BeH,-15.243072979362001,0.07890750157500115,49.51520481296221
aug-cc-pV(D+d)Z_refcorr,c2_h2,C2H2,-77.300515903993,0.6379628333829999,400.32772204797135
aug-cc-pV(D+d)Z_refcorr,c_h,CH,-38.463868937033,0.13259240172799736,83.2029882730989
aug-cc-pV(D+d)Z_refcorr,c_h2_singlet,CH2,-39.117903352998,0.2866268176929978,179.86104362291312
aug-cc-pV(D+d)Z_refcorr,c_h2_triplet,CH2,-39.133809734481,0.30253319917599697,189.84244870155695
aug-cc-pV(D+d)Z_refcorr,c_h4,CH4,-40.500022516215004,0.6687459809100034,419.6444387626481
aug-cc-pV(D+d)Z_refcorr,c_n,CN,-92.68278785495501,0.28070239462000757,176.1434120162537
aug-cc-pV(D+d)Z_refcorr,c_o,CO,-113.284225717402,0.41132467301099496,258.11012923030603
aug-cc-pV(D+d)Z_refcorr,c_o2,CO2,-188.531747440738,0.617221887260996,387.3125818553816
aug-cc-pV(D+d)Z_refcorr,c_s,CS,-436.07961814275,0.2674749686930227,167.8430769296028
aug-cc-pV(D+d)Z_refcorr,cl2,Cl2,-920.106593460065,0.09001358136902127,56.48437510341059
aug-cc-pV(D+d)Z_refcorr,cl_f,ClF,-559.8137167117569,0.09924794660491898,62.27902677589534
aug-cc-pV(D+d)Z_refcorr,cl_o,ClO,-535.150336838302,0.10042238986795837,63.01600105020214
aug-cc-pV(D+d)Z_refcorr,f2,F2,-199.471292448321,0.058934796713003834,36.98214328939275
aug-cc-pV(D+d)Z_refcorr,h2_c_o,CH2O,-114.467683266365,0.5947822219740004,373.23147929298705
aug-cc-pV(D+d)Z_refcorr,h2_o,H2O,-76.41282207908,0.37119756999399556,232.9299919204329
aug-cc-pV(D+d)Z_refcorr,h2_o2,H2O2,-151.509939924322,0.42669090614998595,267.7525861056852
aug-cc-pV(D+d)Z_refcorr,h2_s,H2S,-399.271864012368,0.2909973736159941,182.60360887151586
aug-cc-pV(D+d)Z_refcorr,h_c_n,CHN,-93.393682449909,0.491596989573992,308.481768378579
aug-cc-pV(D+d)Z_refcorr,h_c_o,CHO,-113.814768087342,0.441867042951003,277.2757557280011
aug-cc-pV(D+d)Z_refcorr,h_cl,ClH,-460.679492557873,0.17120261852500107,107.43126510884896
aug-cc-pV(D+d)Z_refcorr,h_f,FH,-100.432696354568,0.226517528763992,142.14189534076576
aug-cc-pV(D+d)Z_refcorr,h_o_cl,ClHO,-535.812561526046,0.26264707761197315,164.8135295364995
aug-cc-pV(D+d)Z_refcorr,li2,Li2,-14.994345063593,0.038512241529000235,24.166796426854017
aug-cc-pV(D+d)Z_refcorr,li_f,FLi,-107.40330512442,0.21920988758400028,137.5562812672673
aug-cc-pV(D+d)Z_refcorr,li_h,HLi,-8.070037405397,0.09212099436500054,57.80679672415129
aug-cc-pV(D+d)Z_refcorr,n2,N2,-109.499748600663,0.3581307506029958,224.73043895670915
aug-cc-pV(D+d)Z_refcorr,n_h,HN,-55.201207500561004,0.13039857553100376,81.8263415500376
aug-cc-pV(D+d)Z_refcorr,n_h3,H3N,-56.542983121687,0.4721741966570008,296.2937818104013
aug-cc-pV(D+d)Z_refcorr,n_o,NO,-129.851965463802,0.2395320296859893,150.308617969522
aug-cc-pV(D+d)Z_refcorr,na2,Na2,-324.459060261056,0.02779887356399513,17.4440565296892
aug-cc-pV(D+d)Z_refcorr,na_cl,ClNa,-622.376078157387,0.15215752429310214,95.48028804390789
aug-cc-pV(D+d)Z_refcorr,o2,O2,-150.272361321772,0.189112303599984,118.66976217088725
aug-cc-pV(D+d)Z_refcorr,o_h,HO,-75.71154148138501,0.16991697229900637,106.62450992174382
aug-cc-pV(D+d)Z_refcorr,p2,P2,-682.455482630841,0.16913816087696887,106.13579837590673
aug-cc-pV(D+d)Z_refcorr,p_h2,H2P,-342.384505881454,0.2413336464720146,151.439149571384
aug-cc-pV(D+d)Z_refcorr,p_h3,H3P,-343.024169198918,0.38099696393601334,239.0792044591256
aug-cc-pV(D+d)Z_refcorr,s2,S2,-796.117171760893,0.1554384833890481,97.53912096062747
aug-cc-pV(D+d)Z_refcorr,s_o,OS,-473.22295080031,0.20045965247203412,125.79033109359794
aug-cc-pV(D+d)Z_refcorr,s_o2,O2S,-548.477679648016,0.41356399109190534,259.5153225415181
aug-cc-pV(D+d)Z_refcorr,si2,Si2,-578.596394516905,0.11006328099301754,69.06575156958763
aug-cc-pV(D+d)Z_refcorr,si_h2_singlet,H2Si,-290.48619827403405,0.24303265607807134,152.5052941957088
aug-cc-pV(D+d)Z_refcorr,si_h2_triplet,H2Si,-290.453906177421,0.21074055946502313,132.24169763366012
aug-cc-pV(D+d)Z_refcorr,si_h3,H3Si,-291.104931144046,0.3617655260900392,227.01129501092117
aug-cc-pV(D+d)Z_refcorr,si_h4,H4Si,-291.758910596524,0.5157449785680228,323.6348602519048
aug-cc-pV(D+d)Z_refcorr,si_o,OSi,-364.58941777510597,0.30462764806395626,191.15673522169232
aug-cc-pV(D+d)Z_svd_proj,be_h,BeH,-15.24307348453,0.07884046208300077,49.47313689659559
aug-cc-pV(D+d)Z_svd_proj,c2_h2,C2H2,-77.300519802583,0.637733734110995,400.1839600842873
aug-cc-pV(D+d)Z_svd_proj,c2_h4,C2H4,-78.557613149034,0.8948270805619956,561.5124707008771
aug-cc-pV(D+d)Z_svd_proj,c2_h6,C2H6,-79.79631002078,1.1335239523079963,711.2970191507172
aug-cc-pV(D+d)Z_svd_proj,c_h,CH,-38.464174175848,0.13278114161199994,83.32142433844409
aug-cc-pV(D+d)Z_svd_proj,c_h2_singlet,CH2,-39.118342951178,0.28694991694199956,180.06379146272437
aug-cc-pV(D+d)Z_svd_proj,c_h2_triplet,CH2,-39.133898992516,0.30250595828000115,189.8253547812376
aug-cc-pV(D+d)Z_svd_proj,c_h3,CH3,-39.820567319845,0.48917428560899623,306.9614986876939
aug-cc-pV(D+d)Z_svd_proj,c_h3_cl,CClH3,-499.971379903645,0.625240729531015,392.34448135083613
aug-cc-pV(D+d)Z_svd_proj,c_h4,CH4,-40.50057296385,0.6691799296139962,419.91674568566106
aug-cc-pV(D+d)Z_svd_proj,c_n,CN,-92.682807211529,0.2805997840270038,176.07902289700462
aug-cc-pV(D+d)Z_svd_proj,c_o,CO,-113.283256707069,0.4108257859350033,257.7970728636336
aug-cc-pV(D+d)Z_svd_proj,c_o2,CO2,-188.529801528747,0.6163327207149791,386.75462142373607
aug-cc-pV(D+d)Z_svd_proj,c_s,CS,-436.08518732115,0.26639214388802657,167.1635941057172
aug-cc-pV(D+d)Z_svd_proj,cl2,Cl2,-920.117354526466,0.08786224670996035,55.13439222296956
aug-cc-pV(D+d)Z_svd_proj,cl_f,ClF,-559.818124638818,0.098593316834922,61.86824039321849
aug-cc-pV(D+d)Z_svd_proj,cl_o,ClO,-535.154729580781,0.09894555400501304,62.08927255456779
aug-cc-pV(D+d)Z_svd_proj,f2,F2,-199.467837808388,0.058267444178000005,36.563373251137826
aug-cc-pV(D+d)Z_svd_proj,h2_c_o,CH2O,-114.46707688315,0.5946459620160027,373.145974878408
aug-cc-pV(D+d)Z_svd_proj,h2_o,H2O,-76.412506183516,0.37146829661800496,233.09987544187993
aug-cc-pV(D+d)Z_svd_proj,h2_o2,H2O2,-151.508422854337,0.42634708054100656,267.5368322786252
aug-cc-pV(D+d)Z_svd_proj,h2_s,H2S,-399.27755391181,0.29015176878402826,182.07298382814378
aug-cc-pV(D+d)Z_svd_proj,h3_c_o_h,CH4O,-115.689124490741,0.816693569606997,512.4829523348025
aug-cc-pV(D+d)Z_svd_proj,h3_c_s_h,CH4S,-438.569114040284,0.7503188630220166,470.8321951145688
aug-cc-pV(D+d)Z_svd_proj,h_c_n,CHN,-93.393735129961,0.4915277024590097,308.43829005749706
aug-cc-pV(D+d)Z_svd_proj,h_c_o,CHO,-113.813928051599,0.4414971304650095,277.04363213846597
aug-cc-pV(D+d)Z_svd_proj,h_cl,ClH,-460.685483428888,0.17073728900999185,107.1392664296195
aug-cc-pV(D+d)Z_svd_proj,h_f,FH,-100.431350367378,0.22656518527300307,142.17180025167096
aug-cc-pV(D+d)Z_svd_proj,h_o_cl,ClHO,-535.817551296419,0.2617672696429736,164.26144170059604
aug-cc-pV(D+d)Z_svd_proj,li2,Li2,-14.994410328078,0.03844638853199989,24.125473047340847
aug-cc-pV(D+d)Z_svd_proj,li_f,FLi,-107.402712503368,0.21994535148999717,138.0177918361118
aug-cc-pV(D+d)Z_svd_proj,li_h,HLi,-8.069779652096,0.09179768232300045,57.60391535471754
aug-cc-pV(D+d)Z_svd_proj,n2,N2,-109.499753446746,0.3581246602140027,224.72661717991522
aug-cc-pV(D+d)Z_svd_proj,n2_h4,H4N2,-111.834371083997,0.6927422974650028,434.7023547435275
aug-cc-pV(D+d)Z_svd_proj,n_h,HN,-55.201402596045,0.13058820277900196,81.94533444469698
aug-cc-pV(D+d)Z_svd_proj,n_h2,H2N,-55.85904547915,0.28823108588400004,180.86773711170508
aug-cc-pV(D+d)Z_svd_proj,n_h3,H3N,-56.54335481093,0.4725404176639998,296.5235889618941
aug-cc-pV(D+d)Z_svd_proj,n_o,NO,-129.851167165832,0.23931488566802273,150.17235804101185
aug-cc-pV(D+d)Z_svd_proj,na2,Na2,-324.458900321328,0.027960955523951725,17.545764495136677
aug-cc-pV(D+d)Z_svd_proj,na_cl,ClNa,-622.382355487135,0.1521396643549906,95.46908076353671
aug-cc-pV(D+d)Z_svd_proj,o2,O2,-150.27005980345,0.18798402965401806,117.96175958045507
aug-cc-pV(D+d)Z_svd_proj,o_h,HO,-75.711144684873,0.17010679797500927,106.74362733185608
aug-cc-pV(D+d)Z_svd_proj,p2,P2,-682.467559947053,0.1670262534929634,104.8105564840995
aug-cc-pV(D+d)Z_svd_proj,p_h2,H2P,-342.390561751579,0.2402949047989864,150.78732933045464
aug-cc-pV(D+d)Z_svd_proj,p_h3,H3P,-343.029637691654,0.3793708448739608,238.05879934173302
aug-cc-pV(D+d)Z_svd_proj,s2,S2,-796.128529927203,0.15372564115102705,96.46429622869383
aug-cc-pV(D+d)Z_svd_proj,s_o,OS,-473.226966750409,0.19852672048506292,124.5773979590539
aug-cc-pV(D+d)Z_svd_proj,s_o2,O2S,-548.478420158567,0.40894224174508054,256.6151310396406
aug-cc-pV(D+d)Z_svd_proj,si2,Si2,-578.607882674777,0.10863188458699824,68.16753676367064
aug-cc-pV(D+d)Z_svd_proj,si2_h6,H6Si2,-582.339437439088,0.8401866488979977,527.225082164821
aug-cc-pV(D+d)Z_svd_proj,si_h2_singlet,H2Si,-290.491605280817,0.24197988572200302,151.84467082326316
aug-cc-pV(D+d)Z_svd_proj,si_h2_triplet,H2Si,-290.458795167801,0.2091697727059909,131.25601406063453
aug-cc-pV(D+d)Z_svd_proj,si_h3,H3Si,-291.109387340713,0.3597619456180041,225.75402928267135
aug-cc-pV(D+d)Z_svd_proj,si_h4,H4Si,-291.76317244804,0.5135470529450004,322.25564110017217
aug-cc-pV(D+d)Z_svd_proj,si_o,OSi,-364.592771349754,0.3021080677610257,189.57567471094063
aug-cc-pV(Q+d)Z,c_h3_cl,CClH3,-500.074352591107,0.6330816776050483,397.2647505529289
aug-cc-pV(Q+d)Z,c_s,CS,-436.170344808012,0.274221277045001,172.07644933542022
aug-cc-pV(Q+d)Z,cl2,Cl2,-920.286402759635,0.09439570433505651,59.234198781107196
aug-cc-pV(Q+d)Z,cl_f,ClF,-559.930712105361,0.10005416584590421,62.784936987785535
aug-cc-pV(Q+d)Z,cl_o,ClO,-535.266779169782,0.10330025365499296,64.82188784162946
aug-cc-pV(Q+d)Z,h2_s,H2S,-399.345086612673,0.29423046755800897,184.63240595066623
aug-cc-pV(Q+d)Z,h3_c_s_h,CH4S,-438.656291450169,0.760167919202047,477.0125711781176
aug-cc-pV(Q+d)Z,h_cl,ClH,-460.767923113613,0.17191958596299628,107.8811689687857
aug-cc-pV(Q+d)Z,h_o_cl,ClHO,-535.929452701851,0.2659737857239861,166.90107039423017
aug-cc-pV(Q+d)Z,na2,Na2,-324.31515154999,0.03858945230399513,24.215246919663066
aug-cc-pV(Q+d)Z,na_cl,ClNa,-622.399216902792,0.16493232629898102,103.49659733187718
aug-cc-pV(Q+d)Z,p2,P2,-682.572892147905,0.18577424752902516,116.57510036140674
aug-cc-pV(Q+d)Z,p_h2,H2P,-342.440928868402,0.24736991821401944,155.2269672775114
aug-cc-pV(Q+d)Z,p_h3,H3P,-343.08119495601,0.38763600582200297,243.24526614128587
aug-cc-pV(Q+d)Z,s2,S2,-796.267202357973,0.16549006774300778,103.8465853720816
aug-cc-pV(Q+d)Z,s_o,OS,-473.32059725007,0.20226571647799574,126.9236533681032
aug-cc-pV(Q+d)Z,s_o2,O2S,-548.601154095911,0.4153471738420649,260.63428661122913
aug-cc-pV(Q+d)Z,si2,Si2,-578.696033987255,0.12132534539091466,76.13280367677682
aug-cc-pV(Q+d)Z,si2_h6,H6Si2,-582.433935232962,0.8592265910979222,539.1728262808874
aug-cc-pV(Q+d)Z,si_h2_singlet,H2Si,-290.53434856309,0.2469942421579958,154.99122699317792
aug-cc-pV(Q+d)Z,si_h2_triplet,H2Si,-290.500750868787,0.21339654785498396,133.90835551136215
aug-cc-pV(Q+d)Z,si_h3,H3Si,-291.153034137317,0.3656798163849544,229.46754925521373
aug-cc-pV(Q+d)Z,si_h4,H4Si,-291.808287903396,0.5209335824639538,326.8907583537622
aug-cc-pV(Q+d)Z,si_o,OSi,-364.664537111844,0.30970740243498085,194.3443292154237
aug-cc-pV(Q+d)Z_refcorr,be_h,BeH,-15.249204390300001,0.08053564537000035,50.53688046946126
aug-cc-pV(Q+d)Z_refcorr,c2_h2,C2H2,-77.33688508156601,0.6459170972539994,405.3190979862214
aug-cc-pV(Q+d)Z_refcorr,c_h,CH,-38.479573790879,0.13408979872299653,84.1426190738945
aug-cc-pV(Q+d)Z_refcorr,c_h2_singlet,CH2,-39.134397912418,0.28891392026199725,181.29622215311431
aug-cc-pV(Q+d)Z_refcorr,c_h2_triplet,CH2,-39.149591800683,0.30410780852699304,190.83053098725532
aug-cc-pV(Q+d)Z_refcorr,c_h4,CH4,-40.516007508395006,0.6705235162390011,420.75985902207606
aug-cc-pV(Q+d)Z_refcorr,c_n,CN,-92.722783419273,0.2875728769399899,180.45470476342564
aug-cc-pV(Q+d)Z_refcorr,c_o,CO,-113.327748063359,0.4138816220219894,259.7146389594013
aug-cc-pV(Q+d)Z_refcorr,c_o2,CO2,-188.60436501681,0.622116126291985,390.3837632156566
aug-cc-pV(Q+d)Z_refcorr,c_s,CS,-436.171059213583,0.2742709290170069,172.10760641825982
aug-cc-pV(Q+d)Z_refcorr,cl2,Cl2,-920.287539193232,0.09526100829202733,59.777185212050675
aug-cc-pV(Q+d)Z_refcorr,cl_f,ClF,-559.93284383449,0.10047718336898015,63.050384491210394
aug-cc-pV(Q+d)Z_refcorr,cl_o,ClO,-535.2681689244689,0.10364738281793962,65.03971468010208
aug-cc-pV(Q+d)Z_refcorr,f2,F2,-199.532386621397,0.05993150409497616,37.60758661444902
aug-cc-pV(Q+d)Z_refcorr,h2_c_o,CH2O,-114.51118768780199,0.5973212464649862,374.8247412159588
aug-cc-pV(Q+d)Z_refcorr,h2_o,H2O,-76.44011093662101,0.3717284874400093,233.2631476477519
aug-cc-pV(Q+d)Z_refcorr,h2_o2,H2O2,-151.56555959286501,0.42879469450301144,269.07273322863233
aug-cc-pV(Q+d)Z_refcorr,h2_s,H2S,-399.345349034891,0.29404474248099177,184.51586170526684
aug-cc-pV(Q+d)Z_refcorr,h_c_n,CHN,-93.434324686415,0.49911414408198596,313.1988540503413
aug-cc-pV(Q+d)Z_refcorr,h_c_o,CHO,-113.85900082971,0.4451343883729919,279.32604593533586
aug-cc-pV(Q+d)Z_refcorr,h_cl,ClH,-460.76825043891404,0.1721113464440691,108.00150048740981
aug-cc-pV(Q+d)Z_refcorr,h_f,FH,-100.461852905477,0.22562534682599278,141.58204272208326
aug-cc-pV(Q+d)Z_refcorr,h_o_cl,ClHO,-535.930812315755,0.2662907741040499,167.09998360588813
aug-cc-pV(Q+d)Z_refcorr,li2,Li2,-14.99524131483,0.0388231099340004,24.361869296178504
aug-cc-pV(Q+d)Z_refcorr,li_f,FLi,-107.436842853096,0.2224061919969813,139.5619925684026
aug-cc-pV(Q+d)Z_refcorr,li_h,HLi,-8.070930578338,0.09272147589000035,58.18360457008853
aug-cc-pV(Q+d)Z_refcorr,n2,N2,-109.543164709968,0.3637116096139863,228.2324808595161
aug-cc-pV(Q+d)Z_refcorr,n_h,HN,-55.222229393766,0.13250284358899478,83.14678969239532
aug-cc-pV(Q+d)Z_refcorr,n_h2,H2N,-55.881010004789,0.29128345461199245,182.78312740685425
aug-cc-pV(Q+d)Z_refcorr,n_h3,H3N,-56.565356194766004,0.4756296445889987,298.46210812486174
aug-cc-pV(Q+d)Z_refcorr,n_o,NO,-129.900983346378,0.2428743470200061,152.40595376194287
aug-cc-pV(Q+d)Z_refcorr,na2,Na2,-324.536065144012,0.027155479011980788,17.040320352739617
aug-cc-pV(Q+d)Z_refcorr,na_cl,ClNa,-622.5082700829901,0.15767615802008095,98.94328299147125
aug-cc-pV(Q+d)Z_refcorr,o2,O2,-150.327438326358,0.1906734279959892,119.64938251957155
aug-cc-pV(Q+d)Z_refcorr,o_h,HO,-75.73933731949501,0.1709548703140058,107.27580075926726
aug-cc-pV(Q+d)Z_refcorr,p2,P2,-682.5735552170789,0.1856523980248994,116.49863864315793
aug-cc-pV(Q+d)Z_refcorr,p_h2,H2P,-342.441145221027,0.24719381149998298,155.1164586460074
aug-cc-pV(Q+d)Z_refcorr,p_h3,H3P,-343.081561792838,0.387610383310971,243.229187772864
aug-cc-pV(Q+d)Z_refcorr,s2,S2,-796.267773056486,0.165164471666003,103.64227074904333
aug-cc-pV(Q+d)Z_refcorr,s_o,OS,-473.322049022941,0.2023622813499628,126.98424874012424
aug-cc-pV(Q+d)Z_refcorr,s_o2,O2S,-548.6043212418369,0.41625205106493013,261.20210564144094
aug-cc-pV(Q+d)Z_refcorr,si2,Si2,-578.6970846627639,0.12125786157389484,76.09045694225094
aug-cc-pV(Q+d)Z_refcorr,si_h2_singlet,H2Si,-290.53479480504205,0.24688140444703777,154.92042026052016
aug-cc-pV(Q+d)Z_refcorr,si_h2_triplet,H2Si,-290.501247496716,0.2133340961210024,133.86916645661705
aug-cc-pV(Q+d)Z_refcorr,si_h3,H3Si,-291.153642523758,0.36572912316296424,229.49848972555043
aug-cc-pV(Q+d)Z_refcorr,si_h4,H4Si,-291.80861939334596,0.5207059927509476,326.74794365265154
aug-cc-pV(Q+d)Z_refcorr,si_o,OSi,-364.665691368577,0.3093955188009545,194.14861928026693
aug-cc-pV(Q+d)Z_svd_proj,be_h,BeH,-15.249201417528,0.08045334403900029,50.485235604530715
aug-cc-pV(Q+d)Z_svd_proj,c2_h2,C2H2,-77.336904406209,0.6457656364469955,405.22405489487716
aug-cc-pV(Q+d)Z_svd_proj,c2_h4,C2H4,-78.590137162004,0.8989983922419924,564.1300082993451
aug-cc-pV(Q+d)Z_svd_proj,c2_h6,C2H6,-79.828602513717,1.1374637439549957,713.7692757350441
aug-cc-pV(Q+d)Z_svd_proj,c_h,CH,-38.479637734364,0.13406834948299462,84.12915947258185
aug-cc-pV(Q+d)Z_svd_proj,c_h2_singlet,CH2,-39.13443314922,0.2888637643389984,181.26474883625215
aug-cc-pV(Q+d)Z_svd_proj,c_h2_triplet,CH2,-39.149656645752,0.30408726087100035,190.81763713845012
aug-cc-pV(Q+d)Z_svd_proj,c_h3,CH3,-39.836524658782,0.4909552739009939,308.0790857141179
aug-cc-pV(Q+d)Z_svd_proj,c_h3_cl,CClH3,-500.088245448786,0.63299893337296,397.21282776336943
aug-cc-pV(Q+d)Z_svd_proj,c_h4,CH4,-40.516035585577,0.6704662006959978,420.72389297583044
aug-cc-pV(Q+d)Z_svd_proj,c_n,CN,-92.722996246766,0.28750167365299717,180.41002402625327
aug-cc-pV(Q+d)Z_svd_proj,c_o,CO,-113.32804493022,0.4137872082140035,259.6553934004078
aug-cc-pV(Q+d)Z_svd_proj,c_o2,CO2,-188.604922721532,0.6219766624010106,390.29624830278044
aug-cc-pV(Q+d)Z_svd_proj,c_s,CS,-436.185198327194,0.27376826251395414,171.79217842530005
aug-cc-pV(Q+d)Z_svd_proj,cl2,Cl2,-920.314367432375,0.09501317131093856,59.62166515839428
aug-cc-pV(Q+d)Z_svd_proj,cl_o,ClO,-535.282003266136,0.10363779847898513,65.03370041660551
aug-cc-pV(Q+d)Z_svd_proj,h2_c_o,CH2O,-114.511439374031,0.5971816520250002,374.73714438234106
aug-cc-pV(Q+d)Z_svd_proj,h2_o,H2O,-76.440327556489,0.371639219363999,233.2071310843241
aug-cc-pV(Q+d)Z_svd_proj,h2_o2,H2O2,-151.566031668678,0.42865499442800115,268.98507010803604
aug-cc-pV(Q+d)Z_svd_proj,h2_s,H2S,-399.359104207773,0.2932435279739707,184.0130920113543
aug-cc-pV(Q+d)Z_svd_proj,h3_c_o_h,CH4O,-115.733440346504,0.8191826244979978,514.0448578603686
aug-cc-pV(Q+d)Z_svd_proj,h3_c_s_h,CH4S,-438.670370466994,0.7589404023139537,476.2422927012666
aug-cc-pV(Q+d)Z_svd_proj,h_c_n,CHN,-93.434500548483,0.4990059753699967,313.13097715877086
aug-cc-pV(Q+d)Z_svd_proj,h_c_o,CHO,-113.85938474967,0.44512702766400025,279.32142702070774
aug-cc-pV(Q+d)Z_svd_proj,h_cl,ClH,-460.781707999536,0.17203086900400422,107.95100013132074
aug-cc-pV(Q+d)Z_svd_proj,h_o_cl,ClHO,-535.944505391455,0.2661399237979367,167.00532360963678
aug-cc-pV(Q+d)Z_svd_proj,n2,N2,-109.543530390764,0.36368001430000163,228.2126545006547
aug-cc-pV(Q+d)Z_svd_proj,n2_h4,H4N2,-111.879322801353,0.6994724248889952,438.9255734637346
aug-cc-pV(Q+d)Z_svd_proj,n_h,HN,-55.222430255728,0.13250506749599822,83.14818521510941
aug-cc-pV(Q+d)Z_svd_proj,n_h2,H2N,-55.881183263906,0.2912580756740013,182.76720188282314
aug-cc-pV(Q+d)Z_svd_proj,n_h3,H3N,-56.565452779428,0.4755275911959984,298.3980686538938
aug-cc-pV(Q+d)Z_svd_proj,n_o,NO,-129.901435238027,0.24282171267000763,152.37292520865768
aug-cc-pV(Q+d)Z_svd_proj,na2,Na2,-324.536897732673,0.027154982125011884,17.04000855145909
aug-cc-pV(Q+d)Z_svd_proj,na_cl,ClNa,-622.52214166778,0.15759316197397766,98.89120218623165
aug-cc-pV(Q+d)Z_svd_proj,o2,O2,-150.328038778555,0.1906621043050052,119.64227679619772
aug-cc-pV(Q+d)Z_svd_proj,o_h,HO,-75.739614912861,0.17092657573600434,107.25804564350672
aug-cc-pV(Q+d)Z_svd_proj,p2,P2,-682.601311657093,0.18396258215898342,115.43826317787351
aug-cc-pV(Q+d)Z_svd_proj,p_h2,H2P,-342.454562589536,0.24588805206900588,154.29708223222204
aug-cc-pV(Q+d)Z_svd_proj,p_h3,H3P,-343.094297521972,0.3856229845050052,241.9820761933788
aug-cc-pV(Q+d)Z_svd_proj,s2,S2,-796.29610526937,0.16438390977191375,103.15246076540969
aug-cc-pV(Q+d)Z_svd_proj,s_o,OS,-473.336644081673,0.20209506474901673,126.81656779140363
aug-cc-pV(Q+d)Z_svd_proj,s_o2,O2S,-548.618419212157,0.4151818581080988,260.5305494219537
aug-cc-pV(Q+d)Z_svd_proj,si2,Si2,-578.721691316487,0.11995849988693408,75.27509517344845
aug-cc-pV(Q+d)Z_svd_proj,si_h2_singlet,H2Si,-290.546512823654,0.24564641535397413,154.14545290425812
aug-cc-pV(Q+d)Z_svd_proj,si_h2_triplet,H2Si,-290.512968851935,0.21210244363498987,133.0962928528908
aug-cc-pV(Q+d)Z_svd_proj,si_h3,H3Si,-291.164887628085,0.3640212197850019,228.4267641750947
aug-cc-pV(Q+d)Z_svd_proj,si_h4,H4Si,-291.819363650119,0.5184972418189773,325.3619315169944
aug-cc-pV(Q+d)Z_svd_proj,si_o,OSi,-364.678197288047,0.30864254262195345,193.67611959419995
aug-cc-pV(T+d)Z,be_h,BeH,-15.247519266573,0.08120117375100122,50.95450583379718
aug-cc-pV(T+d)Z,c2_h2,C2H2,-77.329669545793,0.6464116691989972,405.6294465673133
aug-cc-pV(T+d)Z,c2_h4,C2H4,-78.584355528948,0.9010976523539966,565.4473139081506
aug-cc-pV(T+d)Z,c2_h6,C2H6,-79.824096880089,1.1408390034950031,715.8872830738205
aug-cc-pV(T+d)Z,c_h,CH,-38.476528490019,0.1348995517220004,84.65074675242043
aug-cc-pV(T+d)Z,c_h2_singlet,CH2,-39.131601110955,0.289972172658004,181.96028555755854
aug-cc-pV(T+d)Z,c_h2_triplet,CH2,-39.146598532107,0.3049695938100001,191.3713094169504
aug-cc-pV(T+d)Z,c_h3,CH3,-39.833907354223,0.49227841592600186,308.90936987034144
aug-cc-pV(T+d)Z,c_h3_cl,CClH3,-500.046489528495,0.6342409877859723,397.9922286748365
aug-cc-pV(T+d)Z,c_h4,CH4,-40.513782653961,0.6721537156640025,421.78282460587667
aug-cc-pV(T+d)Z,c_n,CN,-92.712466810115,0.28670339044499826,179.90909375024847
aug-cc-pV(T+d)Z,c_o,CO,-113.314982105777,0.41368276265001214,259.58985281947935
aug-cc-pV(T+d)Z,c_o2,CO2,-188.583452095174,0.6224823472170158,390.61357031571356
aug-cc-pV(T+d)Z,c_s,CS,-436.145913011921,0.27199705095699755,170.68072639273976
aug-cc-pV(T+d)Z,cl2,Cl2,-920.233602212878,0.09236300805400788,57.95866260685636
aug-cc-pV(T+d)Z,cl_f,ClF,-559.895817625914,0.1011787808349709,63.49064354809825
aug-cc-pV(T+d)Z,cl_o,ClO,-535.233788265262,0.10349825801995394,64.94613745654831
aug-cc-pV(T+d)Z,f2,F2,-199.510064692416,0.06202620708199902,38.92203258415413
aug-cc-pV(T+d)Z,h2_c_o,CH2O,-114.499896758747,0.5985974156200058,375.6255494512407
aug-cc-pV(T+d)Z,h2_o,H2O,-76.432366173029,0.3726957681989944,233.87012548809403
aug-cc-pV(T+d)Z,h2_o2,H2O2,-151.549925319438,0.43058450977798657,270.19585927050207
aug-cc-pV(T+d)Z,h2_s,H2S,-399.325774934419,0.2934879117519813,184.1664451473633
aug-cc-pV(T+d)Z,h3_c_o_h,CH4O,-115.723308331748,0.8220089886210076,515.8184281247093
aug-cc-pV(T+d)Z,h3_c_s_h,CH4S,-438.634594379339,0.7606784183749937,477.33291424564305
aug-cc-pV(T+d)Z,h_c_n,CHN,-93.425346499071,0.4995830794009919,313.49311540574035
aug-cc-pV(T+d)Z,h_c_o,CHO,-113.847203023022,0.4459036798950109,279.8087836537192
aug-cc-pV(T+d)Z,h_cl,ClH,-460.742324193001,0.17170459058900178,107.74625733472442
aug-cc-pV(T+d)Z,h_f,FH,-100.450752025661,0.2267327829940058,142.27696940943156
aug-cc-pV(T+d)Z,h_o_cl,ClHO,-535.89691027112,0.2666202638779396,167.30674156061082
aug-cc-pV(T+d)Z,li2,Li2,-14.996379293946,0.03880922445199886,24.353156024670604
aug-cc-pV(T+d)Z,li_f,FLi,-107.423212471341,0.22040819392699973,138.30822985032935
aug-cc-pV(T+d)Z,li_h,HLi,-8.071682719405,0.0928976846580003,58.29417724142149
aug-cc-pV(T+d)Z,n2,N2,-109.531572345143,0.36330338239700666,227.97631441329096
aug-cc-pV(T+d)Z,n2_h4,H4N2,-111.869781739976,0.7015127772300076,440.2059138881467
aug-cc-pV(T+d)Z,n_h,HN,-55.217153761114,0.13301927974099925,83.47085827052682
aug-cc-pV(T+d)Z,n_h2,H2N,-55.876101449118,0.2919669677450045,183.21203837346587
aug-cc-pV(T+d)Z,n_h3,H3N,-56.560832020113,0.4766975387399981,299.13222182191043
aug-cc-pV(T+d)Z,n_o,NO,-129.886931045152,0.24312615894902478,152.5639681330842
aug-cc-pV(T+d)Z,na2,Na2,-324.273003453009,0.0291751238369784,18.30766661466813
aug-cc-pV(T+d)Z,na_cl,ClNa,-622.348648118362,0.15611435136395357,97.96323451809651
aug-cc-pV(T+d)Z,o2,O2,-150.31048190035,0.19114109068999596,119.94284529072667
aug-cc-pV(T+d)Z,o_h,HO,-75.731265292503,0.17159488767299536,107.67741771559804
aug-cc-pV(T+d)Z,p2,P2,-682.552225841738,0.180560224752071,113.3032516708872
aug-cc-pV(T+d)Z,p_h2,H2P,-342.432355318024,0.24652250953101884,154.6952103005252
aug-cc-pV(T+d)Z,p_h3,H3P,-343.071826271926,0.3859934634330102,242.21455523064267
aug-cc-pV(T+d)Z,s2,S2,-796.225360215592,0.16078617025800668,100.89484513522183
aug-cc-pV(T+d)Z,s_o,OS,-473.29325515062,0.2012977231229911,126.31622836700767
aug-cc-pV(T+d)Z,s_o2,O2S,-548.565064912459,0.41343708013198466,259.43568471180544
aug-cc-pV(T+d)Z,si2,Si2,-578.695778031207,0.11876629146900086,74.52697309613757
aug-cc-pV(T+d)Z,si2_h6,H6Si2,-582.429816378125,0.8528046383869423,535.1429901127624
aug-cc-pV(T+d)Z,si_h2_singlet,H2Si,-290.533652752904,0.24514688303497678,153.83199164148658
aug-cc-pV(T+d)Z,si_h2_triplet,H2Si,-290.500032278707,0.21152640883798313,132.73482556037905
aug-cc-pV(T+d)Z,si_h3,H3Si,-291.150809247693,0.36230337782399147,227.3488020696175
aug-cc-pV(T+d)Z,si_h4,H4Si,-291.80583238659,0.5173265167209706,324.6272904264718
aug-cc-pV(T+d)Z,si_o,OSi,-364.654806275423,0.3066300007239988,192.41323048628448
aug-cc-pV(T+d)Z_refcorr,be_h,BeH,-15.248001529508,0.08171169081199992,51.27486012624471
aug-cc-pV(T+d)Z_refcorr,c2_h2,C2H2,-77.333240453927,0.6477307297050032,406.45716953169455
aug-cc-pV(T+d)Z_refcorr,c_h,CH,-38.477821095295,0.13506623318399846,84.7553409489749
aug-cc-pV(T+d)Z_refcorr,c_h2_singlet,CH2,-39.133103285445,0.29034842333400235,182.19638642137014
aug-cc-pV(T+d)Z_refcorr,c_h2_triplet,CH2,-39.148191991377,0.30543712926599653,191.66469234504856
aug-cc-pV(T+d)Z_refcorr,c_h4,CH4,-40.515515143132006,0.6727602810210058,422.16345011403473
aug-cc-pV(T+d)Z_refcorr,c_n,CN,-92.71774462318801,0.28835673341100687,180.94658212529447
aug-cc-pV(T+d)Z_refcorr,c_o,CO,-113.322311126343,0.41546460877900415,260.7079781467445
aug-cc-pV(T+d)Z_refcorr,c_o2,CO2,-188.595716715366,0.6247785423489916,392.054454515326
aug-cc-pV(T+d)Z_refcorr,c_s,CS,-436.150498746518,0.2733045664059546,171.50120472444414
aug-cc-pV(T+d)Z_refcorr,f2,F2,-199.522985509569,0.062260543728996254,39.069081050265076
aug-cc-pV(T+d)Z_refcorr,h2_c_o,CH2O,-114.506617663899,0.5997711463350015,376.3620765948994
aug-cc-pV(T+d)Z_refcorr,h2_o,H2O,-76.43714061086301,0.37304895541001315,234.0917538091262
aug-cc-pV(T+d)Z_refcorr,h2_o2,H2O2,-151.559424635096,0.4312413241900117,270.60801653674906
aug-cc-pV(T+d)Z_refcorr,h2_s,H2S,-399.328476223129,0.294036905127939,184.51094369197463
aug-cc-pV(T+d)Z_refcorr,h_c_n,CHN,-93.43020557466299,0.5008176848859875,314.2678420443054
aug-cc-pV(T+d)Z_refcorr,h_f,FH,-100.457123398733,0.22676091581300284,142.2946230198843
aug-cc-pV(T+d)Z_refcorr,li2,Li2,-14.995409466314,0.038803470605998314,24.34954543179296
aug-cc-pV(T+d)Z_refcorr,li_f,FLi,-107.431367568817,0.2227020880429933,139.7476701406129
aug-cc-pV(T+d)Z_refcorr,li_h,HLi,-8.07143046431,0.09312746645599912,58.438367496633
aug-cc-pV(T+d)Z_refcorr,n2,N2,-109.53838621434,0.36512015900798644,229.11635894893703
aug-cc-pV(T+d)Z_refcorr,n_h,HN,-55.219850763609,0.13321773594299913,83.59539141746832
aug-cc-pV(T+d)Z_refcorr,n_h2,H2N,-55.879131103138,0.2924980754719968,183.54531350390164
aug-cc-pV(T+d)Z_refcorr,n_h3,H3N,-56.563964457167,0.4773314295009996,299.52999427995996
aug-cc-pV(T+d)Z_refcorr,n_o,NO,-129.895334212345,0.2446095292260111,153.4947970354367
aug-cc-pV(T+d)Z_refcorr,na2,Na2,-324.523959467436,0.026978279363959246,16.929125894805452
aug-cc-pV(T+d)Z_refcorr,o2,O2,-150.32071778375098,0.19253447284498293,120.81720579397145
aug-cc-pV(T+d)Z_refcorr,o_h,HO,-75.73572007855,0.17162842309700466,107.6984615118806
aug-cc-pV(T+d)Z_refcorr,p2,P2,-682.556617371583,0.18142397117696873,113.84526073569867
aug-cc-pV(T+d)Z_refcorr,p_h2,H2P,-342.433965439506,0.24636873930296588,154.59871802559312
aug-cc-pV(T+d)Z_refcorr,p_h3,H3P,-343.074488996473,0.3868922962699912,242.77858135144726
aug-cc-pV(T+d)Z_refcorr,s2,S2,-796.231599660131,0.16272102412892764,102.10898427015239
aug-cc-pV(T+d)Z_refcorr,s_o,OS,-473.301511893205,0.20298091975092802,127.37245019774916
aug-cc-pV(T+d)Z_refcorr,s_o2,O2S,-548.5802977256379,0.4176750967309317,262.09508027888137
aug-cc-pV(T+d)Z_refcorr,si2,Si2,-578.6990435604109,0.11884629394887725,74.57717541020854
aug-cc-pV(T+d)Z_refcorr,si_h2_singlet,H2Si,-290.53579314074204,0.2456945075110184,154.17563118843154
aug-cc-pV(T+d)Z_refcorr,si_h2_triplet,H2Si,-290.50241003229104,0.21231139906001317,133.22741436174982
aug-cc-pV(T+d)Z_refcorr,si_h3,H3Si,-291.15411947153,0.364020838298984,228.42652478900425
aug-cc-pV(T+d)Z_refcorr,si_h4,H4Si,-291.808668678546,0.5185700453149593,325.40761640046804
aug-cc-pV(T+d)Z_refcorr,si_o,OSi,-364.662206926315,0.3080166376309421,193.28335828247694
aug-cc-pV(T+d)Z_svd_proj,be_h,BeH,-15.247978443829,0.08165102983999972,51.23679479160871
aug-cc-pV(T+d)Z_svd_proj,c2_h2,C2H2,-77.333353650537,0.647315550603011,406.19664071176146
aug-cc-pV(T+d)Z_svd_proj,c2_h4,C2H4,-78.587865595955,0.9018274960209993,565.9052977237797
aug-cc-pV(T+d)Z_svd_proj,c2_h6,C2H6,-79.827475228026,1.141437128092008,716.2626119251112
aug-cc-pV(T+d)Z_svd_proj,c_h,CH,-38.478004631058,0.13498558109100145,84.70473099651626
aug-cc-pV(T+d)Z_svd_proj,c_h2_singlet,CH2,-39.133198416025,0.29017936605800543,182.09030137902278
aug-cc-pV(T+d)Z_svd_proj,c_h2_triplet,CH2,-39.148280496824,0.30526144685700274,191.55444996897873
aug-cc-pV(T+d)Z_svd_proj,c_h3,CH3,-39.835491201569,0.4924721516020014,309.03094084249517
aug-cc-pV(T+d)Z_svd_proj,c_h3_cl,CClH3,-500.063612345279,0.6329826992240442,397.20264068112135
aug-cc-pV(T+d)Z_svd_proj,c_h4,CH4,-40.515509815144,0.6724907651770025,421.99432636851253
aug-cc-pV(T+d)Z_svd_proj,c_n,CN,-92.718109336525,0.28813302377599825,180.80620220988735
aug-cc-pV(T+d)Z_svd_proj,c_o,CO,-113.322828866406,0.41539586366900494,260.6648399389245
aug-cc-pV(T+d)Z_svd_proj,c_o2,CO2,-188.596374420054,0.6245274645470147,391.89690081585854
aug-cc-pV(T+d)Z_svd_proj,c_s,CS,-436.16252877817,0.272166782773013,170.78723471533937
aug-cc-pV(T+d)Z_svd_proj,cl2,Cl2,-920.266753172614,0.09153198043804878,57.437184904633945
aug-cc-pV(T+d)Z_svd_proj,cl_f,ClF,-559.919578072295,0.10132707431603194,63.58369911240585
aug-cc-pV(T+d)Z_svd_proj,cl_o,ClO,-535.255377203486,0.10335265462799725,64.85476994863977
aug-cc-pV(T+d)Z_svd_proj,f2,F2,-199.523528894513,0.06224809073100346,39.06126667604411
aug-cc-pV(T+d)Z_svd_proj,h2_c_o,CH2O,-114.507008007098,0.5995750043610002,376.23899564795215
aug-cc-pV(T+d)Z_svd_proj,h2_o,H2O,-76.43744305337,0.37302910060000727,234.0792947277418
aug-cc-pV(T+d)Z_svd_proj,h2_o2,H2O2,-151.559918902552,0.4310909970120065,270.5136848083416
aug-cc-pV(T+d)Z_svd_proj,h2_s,H2S,-399.340059929427,0.2927169839970247,183.68268067730986
aug-cc-pV(T+d)Z_svd_proj,h3_c_o_h,CH4O,-115.730021141716,0.8225881389790004,516.1818504612568
aug-cc-pV(T+d)Z_svd_proj,h3_c_s_h,CH4S,-438.650440947281,0.7600789518840543,476.9567433431952
aug-cc-pV(T+d)Z_svd_proj,h_c_n,CHN,-93.430419486615,0.5004431738659889,314.03283283111523
aug-cc-pV(T+d)Z_svd_proj,h_c_o,CHO,-113.854342725975,0.4469097232380079,280.44008538276796
aug-cc-pV(T+d)Z_svd_proj,h_cl,ClH,-460.758497279245,0.1708866831569935,107.2330126722326
aug-cc-pV(T+d)Z_svd_proj,h_f,FH,-100.457483905972,0.2268435040810033,142.34644794050106
aug-cc-pV(T+d)Z_svd_proj,h_o_cl,ClHO,-535.918423822807,0.2663992739489913,167.16806828652324
aug-cc-pV(T+d)Z_svd_proj,li2,Li2,-14.995264340912,0.03878174816600044,24.33591439489453
aug-cc-pV(T+d)Z_svd_proj,li_f,FLi,-107.431685603231,0.22280390496700875,139.81156122505257
aug-cc-pV(T+d)Z_svd_proj,li_h,HLi,-8.071343397403,0.09310210103000038,58.42245045150514
aug-cc-pV(T+d)Z_svd_proj,n2,N2,-109.538735363426,0.36482083786199837,228.92853209404208
aug-cc-pV(T+d)Z_svd_proj,n2_h4,H4N2,-111.876256998755,0.7023424731909955,440.7265559642585
aug-cc-pV(T+d)Z_svd_proj,n_h,HN,-55.220108008119,0.133150745336998,83.55335417752939
aug-cc-pV(T+d)Z_svd_proj,n_h2,H2N,-55.879301095582,0.2923438328000003,183.44852476591905
aug-cc-pV(T+d)Z_svd_proj,n_h3,H3N,-56.5640442044,0.4770869416179977,299.37657581708265
aug-cc-pV(T+d)Z_svd_proj,n_o,NO,-129.895982745399,0.2446115298470204,153.49605244407405
aug-cc-pV(T+d)Z_svd_proj,na2,Na2,-324.524749631053,0.0269470159850016,16.9095078283183
aug-cc-pV(T+d)Z_svd_proj,na_cl,ClNa,-622.490535568335,0.15402366471300866,96.65130883733131
aug-cc-pV(T+d)Z_svd_proj,o2,O2,-150.32133648556,0.19250858002001792,120.80095780099565
aug-cc-pV(T+d)Z_svd_proj,o_h,HO,-75.736047221152,0.17163326838200987,107.7015019741259
aug-cc-pV(T+d)Z_svd_proj,p2,P2,-682.578937915484,0.18034061063792706,113.16544173362391
aug-cc-pV(T+d)Z_svd_proj,p_h2,H2P,-342.444784749895,0.24548609747199635,154.04485191445534
aug-cc-pV(T+d)Z_svd_proj,p_h3,H3P,-343.084770265798,0.3854716133749889,241.88708937519394
aug-cc-pV(T+d)Z_svd_proj,s2,S2,-796.255948656939,0.1612627660790622,101.19391352823305
aug-cc-pV(T+d)Z_svd_proj,s_o,OS,-473.314027158736,0.20227026053601094,126.92650480755844
aug-cc-pV(T+d)Z_svd_proj,s_o2,O2S,-548.591935950316,0.4157650993460038,260.89653882440336
aug-cc-pV(T+d)Z_svd_proj,si2,Si2,-578.719930605245,0.1180501545510424,74.07759039539229
aug-cc-pV(T+d)Z_svd_proj,si2_h6,H6Si2,-582.453327949595,0.8514474989009386,534.29137222767
aug-cc-pV(T+d)Z_svd_proj,si_h2_singlet,H2Si,-290.545868602369,0.24492837702200632,153.69487704820784
aug-cc-pV(T+d)Z_svd_proj,si_h2_triplet,H2Si,-290.512347480109,0.21140725476197986,132.66005524881376
aug-cc-pV(T+d)Z_svd_proj,si_h3,H3Si,-291.1636530995,0.36271287415297593,227.60576489564932
aug-cc-pV(T+d)Z_svd_proj,si_h4,H4Si,-291.817846165197,0.5169059398500053,324.36337445536924
aug-cc-pV(T+d)Z_svd_proj,si_o,OSi,-364.672776401792,0.3074222236750188,192.91035789361976
aug-cc-pvdz,be_h,BeH,-15.241198874183,0.07712380156500132,48.39591615780086
aug-cc-pvdz,c2_h2,C2H2,-77.274834452045,0.6213982745830009,389.9333044672967
aug-cc-pvdz,c2_h4,C2H4,-78.534471783608,0.8810356061459999,552.8581898435409
aug-cc-pvdz,c2_h6,C2H6,-79.773146620085,1.1197104426230027,702.6289109533213
aug-cc-pvdz,c_h,CH,-38.457150734229,0.13043264549800426,81.84772077711142
aug-cc-pvdz,c_h2_singlet,CH2,-39.108810587271,0.2820924985400026,177.01571539598285
aug-cc-pvdz,c_h2_triplet,CH2,-39.124101955873,0.2973838671420026,186.61119406512887
aug-cc-pvdz,c_h3,CH3,-39.808664749824,0.4819466610929979,302.4260958289342
aug-cc-pvdz,c_h4,CH4,-40.486951983642,0.660233894911002,414.30302415423495
aug-cc-pvdz,c_n,CN,-92.659212097106,0.2701228778180109,169.50466499199106
aug-cc-pvdz,c_o,CO,-113.251857756661,0.3991577448880008,250.47526656288244
aug-cc-pvdz,c_o2,CO2,-188.47769998199,0.599018047175008,375.88949973709447
aug-cc-pvdz,c_s,CS,-436.022309996877,0.2569175451480419,161.2181936334305
aug-cc-pvdz,f2,F2,-199.409010924444,0.048903404345992385,30.6873495410488
aug-cc-pvdz,h2_c_o,CH2O,-114.436326947463,0.5836269356900061,366.2314314638944
aug-cc-pvdz,h2_o,H2O,-76.393480538291,0.36749861524900496,230.60886277382065
aug-cc-pvdz,h2_o2,H2O2,-151.470526264961,0.4185624188770021,262.6518833320865
aug-cc-pvdz,h2_s,H2S,-399.222602197637,0.28392783463903015,178.16740618621265
aug-cc-pvdz,h3_c_o_h,CH4O,-115.658932446956,0.8062324351830057,505.9184913743003
aug-cc-pvdz,h3_c_s_h,CH4S,-438.502749836676,0.7373573849470176,462.6987448246458
aug-cc-pvdz,h_c_n,CHN,-93.367580283376,0.47849106408800424,300.25767596975663
aug-cc-pvdz,h_c_o,CHO,-113.783640011118,0.43093999934500005,270.41893234173364
aug-cc-pvdz,h_cl,ClH,-460.628074157682,0.167347057846996,105.01186425557563
aug-cc-pvdz,h_f,FH,-100.403185391855,0.22313163180599815,140.01721292142318
aug-cc-pvdz,li2,Li2,-14.985598359292,0.03809011475600066,23.9019078775411
aug-cc-pvdz,li_f,FLi,-107.370997116076,0.2171892337589867,136.2883018482694
aug-cc-pvdz,li_h,HLi,-8.064550640073,0.09079651780499987,56.97567513457636
aug-cc-pvdz,n2,N2,-109.46922980369,0.34448754257600456,216.1691966631584
aug-cc-pvdz,n2_h4,H4N2,-111.808179307662,0.6834370465480077,428.86322163457874
aug-cc-pvdz,n_h,HN,-55.191161794844,0.1287906642870027,80.81736201097434
aug-cc-pvdz,n_h2,H2N,-55.846496801453,0.28412567089600316,178.29155031177638
aug-cc-pvdz,n_h3,H3N,-56.528974342811,0.46660321225400025,292.79793631766074
aug-cc-pvdz,n_o,NO,-129.819022359321,0.23066930572198885,144.74717471610566
aug-cc-pvdz,na2,Na2,-324.197441641626,0.02712108589201989,17.018738344121562
aug-cc-pvdz,o2,O2,-150.233895345785,0.18193149970099398,114.16373969288178
aug-cc-pvdz,o_h,HO,-75.694445350745,0.16846342770300282,105.71239691677837
aug-cc-pvdz,p_h2,H2P,-342.340050993094,0.23435977784299666,147.0629809358038
aug-cc-pvdz,p_h3,H3P,-342.977016661292,0.3713254460409985,233.01023535143298
aug-cc-pvdz,s_o,OS,-473.140567091003,0.17591080496305267,110.38569670438174
aug-cc-pvdz,si2,Si2,-578.524283181757,0.10082914527504272,63.271243921773966
aug-cc-pvdz,si2_h6,H6Si2,-582.246726732463,0.8232726959810179,516.611416465559
aug-cc-pvdz,si_h2_singlet,H2Si,-290.448064096435,0.23633707819402616,148.3037556391431
aug-cc-pvdz,si_h2_triplet,H2Si,-290.415871923464,0.20414490522301776,128.1028621091573
aug-cc-pvdz,si_h3,H3Si,-291.063698875301,0.35197185705999345,220.86567490872912
aug-cc-pvdz,si_h4,H4Si,-291.71473975973,0.5030127414889876,315.64526085879265
aug-cc-pvdz,si_o,OSi,-364.517025881293,0.2793169400100055,175.27402612259303
aug-cc-pvqz,be_h,BeH,-15.249147257411,0.08044431096699967,50.47956726627043
aug-cc-pvqz,c2_h2,C2H2,-77.336187288148,0.6456525164440023,405.15307102129293
aug-cc-pvqz,c2_h4,C2H4,-78.589387408282,0.898852636577999,564.0385452392909
aug-cc-pvqz,c2_h6,C2H6,-79.827743107739,1.1372083360350018,713.6090048454971
aug-cc-pvqz,c_h,CH,-38.479269917672,0.134002531820002,84.08785826549327
aug-cc-pvqz,c_h2_singlet,CH2,-39.13397532781,0.28870794195800187,181.16696881590576
aug-cc-pvqz,c_h2_triplet,CH2,-39.149255611608,0.30398822575600093,190.75549166552307
aug-cc-pvqz,c_h3,CH3,-39.836030413961,0.49076302810900074,307.95844965829343
aug-cc-pvqz,c_h3_cl,CClH3,-500.034558904349,0.6328392398400524,397.1126185585233
aug-cc-pvqz,c_h4,CH4,-40.515594222766,0.6703268369140005,420.6364408822859
aug-cc-pvqz,c_n,CN,-92.721894694631,0.28727524582501474,180.26793841900277
aug-cc-pvqz,c_o,CO,-113.326400358379,0.4136575840500001,259.57405300942816
aug-cc-pvqz,c_o2,CO2,-188.601965566377,0.6217474035709927,390.1523862149316
aug-cc-pvqz,c_s,CS,-436.132701856226,0.27347576762105064,171.60863510888805
aug-cc-pvqz,cl2,Cl2,-920.206184057041,0.09327949972703209,58.53376981457899
aug-cc-pvqz,cl_f,ClF,-559.890329292958,0.09922260243604342,62.26312306981367
aug-cc-pvqz,cl_o,ClO,-535.22565263058,0.10172496344603132,63.83337831110719
aug-cc-pvqz,f2,F2,-199.528965114289,0.059656290559019,37.43488751324549
aug-cc-pvqz,h2_c_o,CH2O,-114.509875534757,0.5971327604279963,374.70646444201907
aug-cc-pvqz,h2_o,H2O,-76.439068948467,0.37159355998998933,233.17847939455322
aug-cc-pvqz,h2_o2,H2O2,-151.563557395259,0.4286066183049968,268.9547136325324
aug-cc-pvqz,h2_s,H2S,-399.307185964464,0.2932272617110243,184.00288477724786
aug-cc-pvqz,h3_c_o_h,CH4O,-115.731846814959,0.8191040406299948,513.9955457386881
aug-cc-pvqz,h3_c_s_h,CH4S,-438.61849324429,0.7592671556850519,476.4473335373128
aug-cc-pvqz,h_c_n,CHN,-93.43360218242,0.4989827336140138,313.1163927366977
aug-cc-pvqz,h_c_o,CHO,-113.857827091714,0.4450843173849961,279.2946259159928
aug-cc-pvqz,h_cl,ClH,-460.727819202336,0.17136692367898831,107.53436814961336
aug-cc-pvqz,h_f,FH,-100.460196719214,0.22554230734900216,141.5299346635504
aug-cc-pvqz,h_o_cl,ClHO,-535.888778519985,0.264850852850941,166.1964193776575
aug-cc-pvqz,li2,Li2,-14.998035691882,0.03850968380200115,24.165191428930022
aug-cc-pvqz,li_f,FLi,-107.435949581864,0.2215321659590046,139.01353294899437
aug-cc-pvqz,li_h,HLi,-8.071918829518,0.09215582547799972,57.82865357755043
aug-cc-pvqz,n2,N2,-109.54198182148,0.36327769557199474,227.9601956872374
aug-cc-pvqz,n2_h4,H4N2,-111.878024051322,0.6993199254140023,438.8298785983869
aug-cc-pvqz,n_h,HN,-55.221731267308,0.1323792043540024,83.06920490107169
aug-cc-pvqz,n_h2,H2N,-55.880408390073,0.2910563271190014,182.64060275318218
aug-cc-pvqz,n_h3,H3N,-56.56478940747,0.4754373445160027,298.34143800719374
aug-cc-pvqz,n_o,NO,-129.8993891428,0.24256169136899075,152.20975937881138
aug-cc-pvqz,na2,Na2,-324.238712294297,0.04309784996496546,27.04430916476587
aug-cc-pvqz,na_cl,ClNa,-622.317533962582,0.16327446175910154,102.45627162638954
aug-cc-pvqz,o2,O2,-150.325359638042,0.19040886108797395,119.4833642782684
aug-cc-pvqz,o_h,HO,-75.738447081348,0.17097169287099234,107.28635707315428
aug-cc-pvqz,p2,P2,-682.501692816153,0.1846685409749398,115.8812590231845
aug-cc-pvqz,p_h2,H2P,-342.405276689898,0.24676455230900274,154.84709443683863
aug-cc-pvqz,p_h3,H3P,-343.045452042479,0.3869399048899709,242.80845621153156
aug-cc-pvqz,s2,S2,-796.190750220115,0.16283281460903254,102.17913385552828
aug-cc-pvqz,s_o,OS,-473.281006605702,0.19957251447198132,125.23364359376342
aug-cc-pvqz,s_o2,O2S,-548.555516717893,0.4066072381860977,255.1498941844078
aug-cc-pvqz,si2,Si2,-578.627045340091,0.12191108425895436,76.50036036579873
aug-cc-pvqz,si2_h6,H6Si2,-582.365678296381,0.8605440405490299,539.9995382930567
aug-cc-pvqz,si_h2_singlet,H2Si,-290.4996879414,0.2471208134840026,155.0706516993919
aug-cc-pvqz,si_h2_triplet,H2Si,-290.466538729641,0.21397160172500662,134.26920726289802
aug-cc-pvqz,si_h3,H3Si,-291.119179433805,0.3666123058890207,230.05269525347973
aug-cc-pvqz,si_h4,H4Si,-291.773231212172,0.5206640842559978,326.72164567502676
aug-cc-pvqz,si_o,OSi,-364.629064141672,0.30902162527900146,193.91399755295058
aug-cc-pvtz,be_h,BeH,-15.247548881226,0.08120599827000063,50.957533265177105
aug-cc-pvtz,c2_h2,C2H2,-77.329727444503,0.6468529602290118,405.9063608694666
aug-cc-pvtz,c2_h4,C2H4,-78.584335593521,0.9014611092470091,565.6753865519294
aug-cc-pvtz,c2_h6,C2H6,-79.824072718674,1.141198234400008,716.1127038700873
aug-cc-pvtz,c_h,CH,-38.476499837073,0.13506259493600226,84.75305791388828
aug-cc-pvtz,c_h2_singlet,CH2,-39.131629659138,0.29019241700100196,182.09849096939854
aug-cc-pvtz,c_h2_triplet,CH2,-39.146608413302,0.30517117116500003,191.49780111696944
aug-cc-pvtz,c_h3,CH3,-39.833797061679,0.4923598195420027,308.96045141060495
aug-cc-pvtz,c_h3_cl,CClH3,-500.007098254025,0.634186924133985,397.95830322101205
aug-cc-pvtz,c_h4,CH4,-40.513859409416,0.6724221672790023,421.9512805376166
aug-cc-pvtz,c_n,CN,-92.712471799449,0.2868282963270161,179.98747337458087
aug-cc-pvtz,c_o,CO,-113.315006524526,0.41397006758900545,259.7701393906428
aug-cc-pvtz,c_o2,CO2,-188.583538861406,0.6229031896689889,390.8776529414147
aug-cc-pvtz,c_s,CS,-436.1069335959,0.27114165103103005,170.14395483508227
aug-cc-pvtz,cl2,Cl2,-920.153101844999,0.0901536694909737,56.57228172713945
aug-cc-pvtz,cl_f,ClF,-559.855727071787,0.10015495050492973,62.84818031616427
aug-cc-pvtz,cl_o,ClO,-535.192054142044,0.10098083948992098,63.36643347877064
aug-cc-pvtz,f2,F2,-199.509999160383,0.061803093327000624,38.78202658909885
aug-cc-pvtz,h2_c_o,CH2O,-114.499802858946,0.5987664020090051,375.7315900113255
aug-cc-pvtz,h2_o,H2O,-76.432491407545,0.37289219274499885,233.99338375165036
aug-cc-pvtz,h2_o2,H2O2,-151.549997841053,0.4307994114529947,270.33071210756174
aug-cc-pvtz,h2_s,H2S,-399.286874092092,0.29251938935999533,183.55868817054986
aug-cc-pvtz,h3_c_o_h,CH4O,-115.723295197693,0.8222587407560127,515.9751499555924
aug-cc-pvtz,h3_c_s_h,CH4S,-438.596041237026,0.7602492921570274,477.06363347830035
aug-cc-pvtz,h_c_n,CHN,-93.425351634473,0.49970813135101366,313.5715866891291
aug-cc-pvtz,h_c_o,CHO,-113.846975019182,0.4459385622450043,279.8306726588176
aug-cc-pvtz,h_cl,ClH,-460.702476974914,0.17100288716000023,107.30593178504338
aug-cc-pvtz,h_f,FH,-100.450756626997,0.2266585934690113,142.23041477962127
aug-cc-pvtz,h_o_cl,ClHO,-535.856762895315,0.26568959276096393,166.7227366174717
aug-cc-pvtz,li2,Li2,-14.996315216369,0.03871564618700063,24.29443477681783
aug-cc-pvtz,li_f,FLi,-107.423426466373,0.2205286477540085,138.3838157679645
aug-cc-pvtz,li_h,HLi,-8.071661101195,0.09286131610399995,58.27135562922829
aug-cc-pvtz,n2,N2,-109.531570354799,0.36315783282900327,227.88498068042304
aug-cc-pvtz,n2_h4,H4N2,-111.869949362513,0.7015368405429996,440.2210138450265
aug-cc-pvtz,n_h,HN,-55.217230801303,0.13302454031800437,83.47415933243657
aug-cc-pvtz,n_h2,H2N,-55.87626010913,0.29205384814500235,183.2665566475749
aug-cc-pvtz,n_h3,H3N,-56.560869382245,0.4766631212600032,299.11062452714026
aug-cc-pvtz,n_o,NO,-129.886908823971,0.243103348185997,152.54965416317364
aug-cc-pvtz,na2,Na2,-324.221772982702,0.02944184364599778,18.47503582174809
aug-cc-pvtz,na_cl,ClNa,-622.283787425339,0.15614776805693964,97.98420380953712
aug-cc-pvtz,o2,O2,-150.310536839088,0.1913384094879973,120.06666470588326
aug-cc-pvtz,o_h,HO,-75.731255883451,0.17165666865099638,107.71618586461057
aug-cc-pvtz,p2,P2,-682.475830810094,0.1783806646579933,111.93555706256359
aug-cc-pvtz,p_h2,H2P,-342.393943496274,0.2452184235560253,153.87688399622394
aug-cc-pvtz,p_h3,H3P,-343.033619110792,0.3848940380740373,241.52465540186196
aug-cc-pvtz,s2,S2,-796.147184967373,0.15847556190908563,99.44491650542457
aug-cc-pvtz,s_o,OS,-473.251465799812,0.19751188228002547,123.94057737075171
aug-cc-pvtz,s_o2,O2S,-548.512230752684,0.39867762035203214,250.17398386783194
aug-cc-pvtz,si2,Si2,-578.629899249214,0.11876557014795708,74.52652046034876
aug-cc-pvtz,si2_h6,H6Si2,-582.364083639599,0.8529499605330102,535.2341811362112
aug-cc-pvtz,si_h2_singlet,H2Si,-290.500684179079,0.24511733954597048,153.81345282223825
aug-cc-pvtz,si_h2_triplet,H2Si,-290.467163114183,0.21159627464999176,132.7786670193276
aug-cc-pvtz,si_h3,H3Si,-291.118624711147,0.3630578716139894,227.82225407096297
aug-cc-pvtz,si_h4,H4Si,-291.772715174913,0.5171483353799999,324.5154799469114
aug-cc-pvtz,si_o,OSi,-364.619597752822,0.3044316984889974,191.033775006967
cc-pV(D+d)Z,be_h,BeH,-15.239157055571,0.07527573092800033,47.23623432434492
cc-pV(D+d)Z,c2_h2,C2H2,-77.266483228669,0.6212587910150091,389.8457772069057
cc-pV(D+d)Z,c2_h4,C2H4,-78.523942884537,0.8787184468830134,551.4041504531039
cc-pV(D+d)Z,c2_h6,C2H6,-79.761912574229,1.1166881365750072,700.732385274686
cc-pV(D+d)Z,c_h,CH,-38.450775548053,0.12816332922600537,80.42370331678657
cc-pV(D+d)Z,c_h2_singlet,CH2,-39.101013736402,0.27840151757500564,174.6995898718607
cc-pV(D+d)Z,c_h2_triplet,CH2,-39.118585944872,0.2959737260450055,185.72631716699743
cc-pV(D+d)Z,c_h3,CH3,-39.802074297019,0.47946207819200026,300.86699651946304
cc-pV(D+d)Z,c_h3_cl,CClH3,-499.913847036863,0.6096971275360374,382.59072383792164
cc-pV(D+d)Z,c_h4,CH4,-40.481079379016,0.6584671601890051,413.1943813780256
cc-pV(D+d)Z,c_n,CN,-92.648202242362,0.2706638705210054,169.8441430385191
cc-pV(D+d)Z,c_o,CO,-113.235865983522,0.40150368813799275,251.94736817786676
cc-pV(D+d)Z,c_o2,CO2,-188.444260850584,0.5981484786429689,375.3438372448928
cc-pV(D+d)Z,c_s,CS,-436.042939455314,0.26013965320106536,163.24009696315775
cc-pV(D+d)Z,cl2,Cl2,-920.044918372911,0.08184299191100308,51.3572528098241
cc-pV(D+d)Z,cl_f,ClF,-559.717660606336,0.07693301721508305,48.27619717072419
cc-pV(D+d)Z,cl_o,ClO,-535.076925594568,0.08363782751109738,52.483529153269
cc-pV(D+d)Z,f2,F2,-199.3631072271,0.04472742985799982,28.066885986387664
cc-pV(D+d)Z,h2_c_o,CH2O,-114.413691830136,0.5793295347519916,363.5347716614426
cc-pV(D+d)Z,h2_o,H2O,-76.364317070671,0.3525669941139995,221.2391290484839
cc-pV(D+d)Z,h2_o2,H2O2,-151.425833398319,0.4023332452049999,252.46792309668976
cc-pV(D+d)Z,h2_s,H2S,-399.242646965946,0.28245938266002213,177.24593865717839
cc-pV(D+d)Z,h3_c_o_h,CH4O,-115.627909102412,0.7935468070279939,497.95813952258874
cc-pV(D+d)Z,h3_c_s_h,CH4S,-438.520857141307,0.7380573391940288,463.13797274605605
cc-pV(D+d)Z,h_c_n,CHN,-93.355836888574,0.4782985167330054,300.13685068028906
cc-pV(D+d)Z,h_c_o,CHO,-113.763363622861,0.42900132747698194,269.20239737745266
cc-pV(D+d)Z,h_cl,ClH,-460.64694056674,0.16540287624002303,103.79187187790087
cc-pV(D+d)Z,h_f,FH,-100.371022160504,0.21183226188300353,132.92675124380042
cc-pV(D+d)Z,h_o_cl,ClHO,-535.739664743683,0.2463769766260384,154.60388702386206
cc-pV(D+d)Z,li2,Li2,-14.985547028608,0.038481004637999305,24.147194981810657
cc-pV(D+d)Z,li_f,FLi,-107.33468848847,0.2019655778640015,126.73531354428965
cc-pV(D+d)Z,li_h,HLi,-8.060481197376,0.08694818539099902,54.56081008544671
cc-pV(D+d)Z,n2,N2,-109.454451256474,0.34459895044599875,216.23910615706495
cc-pV(D+d)Z,n2_h4,H4N2,-111.774777454685,0.6649251486569909,417.246830325077
cc-pV(D+d)Z,n_h,HN,-55.178979679923,0.12405352690900173,77.84476342634031
cc-pV(D+d)Z,n_h2,H2N,-55.830053603575,0.2751274505610013,172.64508180185547
cc-pV(D+d)Z,n_h3,H3N,-56.50908680215,0.45416064913599996,284.9901100794874
cc-pV(D+d)Z,n_o,NO,-129.797364977366,0.2306887477949715,144.7593748010977
cc-pV(D+d)Z,na2,Na2,-324.207537496409,0.02642760598496352,16.583573132371292
cc-pV(D+d)Z,na_cl,ClNa,-622.212371068216,0.14027843250403293,88.02604540300177
cc-pV(D+d)Z,o2,O2,-150.203952845177,0.18045269206299963,113.23577388972345
cc-pV(D+d)Z,o_h,HO,-75.671950112121,0.16020003556398876,100.5270400616485
cc-pV(D+d)Z,p2,P2,-682.426389888329,0.16539993451499413,103.79002591757515
cc-pV(D+d)Z,p_h2,H2P,-342.363858974434,0.2333639975269648,146.43811935340824
cc-pV(D+d)Z,p_h3,H3P,-343.000957783987,0.3704628070800027,232.46892123071217
cc-pV(D+d)Z,s2,S2,-796.065231058365,0.14485589179309954,90.89844447402922
cc-pV(D+d)Z,s_o,OS,-473.143290082363,0.17135242252004446,107.5252685349912
cc-pV(D+d)Z,s_o2,O2S,-548.330306787906,0.34661905150596795,217.50673871076052
cc-pV(D+d)Z,si2,Si2,-578.570665750971,0.10496769245298765,65.86822148479152
cc-pV(D+d)Z,si2_h6,H6Si2,-582.291782221112,0.8260841625940429,518.3756384012443
cc-pV(D+d)Z,si_h2_triplet,H2Si,-290.43712986844,0.20428083918102402,128.1881619556531
cc-pV(D+d)Z,si_h3,H3Si,-291.085363019654,0.3525139903949821,221.2058687126399
cc-pV(D+d)Z,si_h4,H4Si,-291.737699711229,0.5048506819700265,316.79858592340867
cc-pV(D+d)Z,si_o,OSi,-364.523240956399,0.27864185058297153,174.85040111128936
cc-pV(T+d)Z,be_h,BeH,-15.245820940878,0.07974510329600015,50.040807828380636
cc-pV(T+d)Z,c2_h2,C2H2,-77.326124039578,0.6450580539219999,404.78004015676095
cc-pV(T+d)Z,c2_h4,C2H4,-78.580423389981,0.8993574043249879,564.3552917827279
cc-pV(T+d)Z,c2_h6,C2H6,-79.820189731303,1.139123745646998,714.8109425237362
cc-pV(T+d)Z,c_h,CH,-38.474079778938,0.1335467861099957,83.80187351470072
cc-pV(T+d)Z,c_h2_singlet,CH2,-39.128670762815,0.2881377699869958,180.80918050225424
cc-pV(T+d)Z,c_h2_triplet,CH2,-39.144559055492,0.30402606266400056,190.77923468376207
cc-pV(T+d)Z,c_h3,CH3,-39.831599534043,0.49106654121499815,308.1489070078091
cc-pV(T+d)Z,c_h3_cl,CClH3,-500.037503706218,0.6305052920509979,395.64804420892295
cc-pV(T+d)Z,c_h4,CH4,-40.511914612932,0.6713816201040004,421.2983273270933
cc-pV(T+d)Z,c_n,CN,-92.707927350406,0.28533814766998944,179.05239097453423
cc-pV(T+d)Z,c_o,CO,-113.30955436929,0.41331937935198937,259.3618263572538
cc-pV(T+d)Z,c_o2,CO2,-188.572755814725,0.6208188276769988,389.56969604406385
cc-pV(T+d)Z,c_s,CS,-436.140050600539,0.27042301221496245,169.69300216957035
cc-pV(T+d)Z,cl2,Cl2,-920.221791653658,0.08886081098000886,55.76100076288591
cc-pV(T+d)Z,cl_f,ClF,-559.88096654135,0.09573623451296953,60.075394168015116
cc-pV(T+d)Z,cl_o,ClO,-535.221057931019,0.09889051257005121,62.05473353266322
cc-pV(T+d)Z,f2,F2,-199.495357999704,0.05782822870799009,36.28776138255152
cc-pV(T+d)Z,h2_c_o,CH2O,-114.492574447111,0.5963394571729879,374.2086591336962
cc-pV(T+d)Z,h2_o,H2O,-76.424066313882,0.3683643167719879,231.15209868120328
cc-pV(T+d)Z,h2_o2,H2O2,-151.536896399834,0.42549240561399415,267.0005156646807
cc-pV(T+d)Z,h2_s,H2S,-399.320293585871,0.2911989903749941,182.73012529791825
cc-pV(T+d)Z,h3_c_o_h,CH4O,-115.713633996903,0.8173990069649903,512.9256209603013
cc-pV(T+d)Z,h3_c_s_h,CH4S,-438.626219683111,0.7565920947869813,474.76870748007775
cc-pV(T+d)Z,h_c_n,CHN,-93.420478047429,0.4978888446929943,312.42996707518535
cc-pV(T+d)Z,h_c_o,CHO,-113.83995063035,0.4437156404119946,278.43576814850235
cc-pV(T+d)Z,h_cl,ClH,-460.736844155847,0.1703787345080059,106.91427008265532
cc-pV(T+d)Z,h_f,FH,-100.442187018014,0.2234221325159922,140.1995048691665
cc-pV(T+d)Z,h_o_cl,ClHO,-535.88359216832,0.2614247498710256,164.04650729864474
cc-pV(T+d)Z,li2,Li2,-14.996182556958,0.03869467255000103,24.28127362089502
cc-pV(T+d)Z,li_f,FLi,-107.412921181646,0.2154123539439894,135.17329293008711
cc-pV(T+d)Z,li_h,HLi,-8.071169490219,0.09242554801500091,57.99790702488702
cc-pV(T+d)Z,n2,N2,-109.526216108118,0.3621036883019997,227.22349500269652
cc-pV(T+d)Z,n2_h4,H4N2,-111.859049398374,0.6949369785579904,436.0795379219244
cc-pV(T+d)Z,n_h,HN,-55.213238806839,0.13118259693099787,82.31832240640212
cc-pV(T+d)Z,n_h2,H2N,-55.87089717191,0.2888409620019985,181.25044015375394
cc-pV(T+d)Z,n_h3,H3N,-56.554635110056,0.47257890014799386,296.5477370851859
cc-pV(T+d)Z,n_o,NO,-129.879425839922,0.24166763290398308,151.64872922165276
cc-pV(T+d)Z,na2,Na2,-324.271686551743,0.02922646591900957,18.33988425756081
cc-pV(T+d)Z,na_cl,ClNa,-622.339806120652,0.1521106564010779,95.45087799763331
cc-pV(T+d)Z,o2,O2,-150.300754918476,0.1893509242559901,118.81949889323823
cc-pV(T+d)Z,o_h,HO,-75.724751142434,0.16904914532399573,106.07994027307713
cc-pV(T+d)Z,p2,P2,-682.546611662185,0.1779786082629471,111.68326286556443
cc-pV(T+d)Z,p_h2,H2P,-342.428055970806,0.24373944384495871,152.94881021558254
cc-pV(T+d)Z,p_h3,H3P,-343.067510417204,0.38319389024297834,240.45779653056462
cc-pV(T+d)Z,s2,S2,-796.218010337997,0.1598211470050046,100.28928390127183
cc-pV(T+d)Z,s_o,OS,-473.281803932291,0.19700733968494433,123.62397211226991
cc-pV(T+d)Z,s_o2,O2S,-548.547198230096,0.4066996403799976,255.20787743650422
cc-pV(T+d)Z,si2,Si2,-578.691836835979,0.11668911734091125,73.22352665148259
cc-pV(T+d)Z,si2_h6,H6Si2,-582.423928543859,0.8487808252209561,532.6180092292461
cc-pV(T+d)Z,si_h2_singlet,H2Si,-290.53108358422,0.24350972490100276,152.8046594018784
cc-pV(T+d)Z,si_h2_triplet,H2Si,-290.497305232413,0.20973137309397316,131.6084236247309
cc-pV(T+d)Z,si_h3,H3Si,-291.148673972299,0.3611001129799547,226.59374198017736
cc-pV(T+d)Z,si_h4,H4Si,-291.803061170804,0.5154873114850034,323.4731717161559
cc-pV(T+d)Z,si_o,OSi,-364.645657981246,0.30238212481697246,189.74764810998104
cc-pvdz,li2,Li2,-14.984833734006,0.037533190439999586,23.552432592914315
cc-pvdz,li_h,HLi,-8.060678644867,0.08702837308400024,54.61112862250824
cc-pvdz,na2,Na2,-324.196579745499,0.02636251440895876,16.54272755174661
cc-pvdz,si2,Si2,-578.515592206198,0.09977714190199549,62.61110183844049
cc-pvtz,li2,Li2,-14.996201827242,0.03861778811400107,24.233027908897046
cc-pvtz,li_h,HLi,-8.071002245861,0.09221022629699949,57.86279060686958
cc-pvtz,na2,Na2,-324.220564331009,0.028869225700987045,18.115712636235312
cc-pvtz,si2,Si2,-578.621499862138,0.11164806765600588,70.06022021498165
